run_group,t,trial,prompt_id,concurrency,n,model,engine,prompt_length,ttft_ms,client_decode_ms,tokens_predicted,tokens_evaluated,tokens_cached,stop_type,truncated,prompt_ms,prompt_per_token_ms,prompt_per_second,predicted_ms,predicted_per_token_ms,predicted_per_second,wall_ms,nodes_cpu_pct,nodes_net_rx_kb,nodes_net_tx_kb,peak_memory_mb
vanilla,46,1,1,1,1,Meta-Llama-3.1-8B-Instruct-Q4_K_M,vanilla,long,11349,32869,427,146,30,stop,False,11317.125,77.51455479452055,12.900802986624255,32870.613,76.98035831381732,12.99032664830437,44219,0.4,15.8,0.1,6268.0
vanilla,46,1,2,1,1,Meta-Llama-3.1-8B-Instruct-Q4_K_M,vanilla,long,1199,80395,1024,23,30,length,True,1155.231,50.2274347826087,19.90943802581475,80395.734,78.511458984375,12.736994229071906,81594,0.4,1.9,0.8,6268.0
vanilla,46,1,3,1,1,Meta-Llama-3.1-8B-Instruct-Q4_K_M,vanilla,long,1211,53311,696,23,30,stop,False,1158.326,50.362,19.856240816488622,53312.187,76.5979698275862,13.055176295806437,54523,0.4,1.5,0.6,6268.0
vanilla,46,1,1,2,1,Meta-Llama-3.1-8B-Instruct-Q4_K_M,vanilla,long,22704,63504,462,146,30,stop,False,11292.191,77.34377397260275,12.929288921875301,63505.614,137.45803896103897,7.274947377093306,86209,0.3,13.9,1.2,6478.5
vanilla,46,1,1,2,1,Meta-Llama-3.1-8B-Instruct-Q4_K_M,vanilla,long,11412,86331,611,146,30,stop,False,11378.317,77.93367808219178,12.831423135776584,86332.354,141.29681505728314,7.077300359492108,97744,0.4,13.9,1.2,6478.5
vanilla,46,1,2,2,1,Meta-Llama-3.1-8B-Instruct-Q4_K_M,vanilla,long,7872,120135,847,23,30,stop,False,7805.385,339.3645652173913,2.9466836036915542,120136.607,141.83778866587957,7.050307322230267,128007,0.4,7.0,0.4,6478.5
vanilla,46,1,2,2,1,Meta-Llama-3.1-8B-Instruct-Q4_K_M,vanilla,long,7871,122705,879,23,30,stop,False,7805.463,339.36795652173913,2.946654157479191,122706.402,139.59772696245733,7.163440420981458,130577,0.4,8.1,0.4,6478.5
vanilla,46,1,3,2,1,Meta-Llama-3.1-8B-Instruct-Q4_K_M,vanilla,long,8165,96691,705,23,30,stop,False,8091.079,351.78604347826086,2.8426369338378725,96692.421,137.15237021276596,7.291160907016693,104857,0.4,73.3,1.2,6478.5
vanilla,46,1,3,2,1,Meta-Llama-3.1-8B-Instruct-Q4_K_M,vanilla,long,8166,97947,721,23,30,stop,False,8091.088,351.7864347826087,2.842633771873449,97949.511,135.8523037447989,7.360935165873365,106114,0.4,73.3,1.2,6478.5
vanilla,46,1,1,4,1,Meta-Llama-3.1-8B-Instruct-Q4_K_M,vanilla,long,28323,95930,383,146,30,stop,False,17200.139,117.80917123287671,8.488303495686868,95931.511,250.47391906005222,3.9924316421952324,124254,0.3,6.4,1.3,6889.8
vanilla,46,1,1,4,1,Meta-Llama-3.1-8B-Instruct-Q4_K_M,vanilla,long,28324,107562,434,146,30,stop,False,17200.643,117.81262328767123,8.488054777952195,107563.284,247.84166820276496,4.034834042441471,135886,0.3,6.4,1.3,6889.8
vanilla,46,1,1,4,1,Meta-Llama-3.1-8B-Instruct-Q4_K_M,vanilla,long,28325,108900,443,146,30,stop,False,17199.642,117.80576712328767,8.488548773282606,108902.318,245.82916027088035,4.067865662877809,137225,0.3,6.4,1.3,6889.8
vanilla,46,1,1,4,1,Meta-Llama-3.1-8B-Instruct-Q4_K_M,vanilla,long,11124,130598,501,146,30,stop,False,11082.861,75.91000684931507,13.173493739567787,130598.77,260.6761876247505,3.836177017593657,141722,0.3,6.5,1.4,6889.8
vanilla,46,1,2,4,1,Meta-Llama-3.1-8B-Instruct-Q4_K_M,vanilla,long,9662,231889,883,23,30,stop,False,9568.11,416.0047826086957,2.4038185179727236,231891.268,262.6175175537939,3.8078191025286903,241552,0.4,81.4,1.6,6889.8
vanilla,46,1,2,4,1,Meta-Llama-3.1-8B-Instruct-Q4_K_M,vanilla,long,9662,234822,895,23,30,stop,False,9567.565,415.9810869565218,2.4039554473891735,234823.141,262.3722245810056,3.8113790497334334,244484,0.4,81.6,1.7,6889.8
vanilla,46,1,2,4,1,Meta-Llama-3.1-8B-Instruct-Q4_K_M,vanilla,long,9662,236827,907,23,30,stop,False,9567.777,415.9903043478261,2.4039021812485806,236828.62,261.11203969128997,3.8297736143545493,246489,0.4,81.6,1.7,6889.8
vanilla,46,1,2,4,1,Meta-Llama-3.1-8B-Instruct-Q4_K_M,vanilla,long,9662,236906,908,23,30,stop,False,9568.462,416.0200869565217,2.4037300874477006,236907.916,260.9118017621145,3.8327127912433285,246569,0.4,81.6,1.7,6889.8
vanilla,46,1,3,4,1,Meta-Llama-3.1-8B-Instruct-Q4_K_M,vanilla,long,9945,161861,642,23,30,stop,False,9816.031,426.7839565217392,2.3431058846493045,161862.569,252.12238161993767,3.9663277554923773,171807,0.5,61.0,1.4,6889.8
vanilla,46,1,3,4,1,Meta-Llama-3.1-8B-Instruct-Q4_K_M,vanilla,long,9948,180580,722,23,30,stop,False,9816.104,426.78713043478257,2.343088459535474,180581.743,250.11321745152352,3.9981893407685183,190529,0.5,74.4,1.4,6889.8
vanilla,46,1,3,4,1,Meta-Llama-3.1-8B-Instruct-Q4_K_M,vanilla,long,9945,186903,760,23,30,stop,False,9816.007,426.78291304347823,2.343111613510463,186904.679,245.9272092105263,4.06624384186765,196849,0.5,79.5,1.4,6889.8
vanilla,46,1,3,4,1,Meta-Llama-3.1-8B-Instruct-Q4_K_M,vanilla,long,9946,197713,891,23,30,stop,False,9816.318,426.7964347826087,2.343037379188409,197715.114,221.90248484848485,4.506484011131288,207660,0.5,86.4,1.4,6889.8
vanilla,46,1,1,8,1,Meta-Llama-3.1-8B-Instruct-Q4_K_M,vanilla,long,36255,226150,383,176,0,stop,False,24952.041,141.77296022727273,7.053531212136113,226152.047,590.475318537859,1.6935508879121488,262406,0.4,53.3,1.4,7706.2
vanilla,46,1,1,8,1,Meta-Llama-3.1-8B-Instruct-Q4_K_M,vanilla,long,11328,260178,403,146,30,stop,False,11282.66,77.27849315068494,12.94021090771148,260179.329,645.6062754342431,1.5489316601320007,271506,0.4,60.3,1.4,7706.2
vanilla,46,1,1,8,1,Meta-Llama-3.1-8B-Instruct-Q4_K_M,vanilla,long,65999,238285,477,146,30,stop,False,29719.193,203.55611643835616,4.912650219001573,238285.64,499.55060796645705,2.001799185213175,304285,0.4,84.5,1.4,7706.2
vanilla,46,1,1,8,1,Meta-Llama-3.1-8B-Instruct-Q4_K_M,vanilla,long,65985,238682,478,176,0,stop,False,54669.896,310.62440909090907,3.2193220195626493,238683.403,499.3376631799163,2.0026528614559767,304667,0.4,85.0,1.4,7706.2
vanilla,46,1,1,8,1,Meta-Llama-3.1-8B-Instruct-Q4_K_M,vanilla,long,77609,229566,485,175,1,stop,False,41360.258,236.34433142857145,4.231114805908609,229566.876,473.33376494845356,2.1126741298688057,307175,0.4,86.4,1.4,7706.2
vanilla,46,1,1,8,1,Meta-Llama-3.1-8B-Instruct-Q4_K_M,vanilla,long,66000,244122,498,146,30,stop,False,29718.552,203.55172602739725,4.912756180045381,244123.141,490.2071104417671,2.0399540902187554,310122,0.4,87.0,1.4,7706.2
vanilla,46,1,1,8,1,Meta-Llama-3.1-8B-Instruct-Q4_K_M,vanilla,long,66001,246526,513,146,30,stop,False,29719.887,203.5608698630137,4.912535501901472,246526.717,480.5589025341131,2.080910362344216,312527,0.4,88.2,1.5,7706.2
vanilla,46,1,1,8,1,Meta-Llama-3.1-8B-Instruct-Q4_K_M,vanilla,long,36264,277652,532,176,0,stop,False,24951.491,141.76983522727275,7.0536866915087355,277653.078,521.9042819548872,1.91606015619247,313916,0.4,88.4,1.5,7706.2
vanilla,46,1,2,8,1,Meta-Llama-3.1-8B-Instruct-Q4_K_M,vanilla,long,10364,394336,788,23,30,stop,False,10241.303,445.27404347826086,2.2458079797072696,394338.432,500.4294822335025,1.9982835454394667,404700,0.5,105.3,2.1,7706.2
vanilla,46,1,2,8,1,Meta-Llama-3.1-8B-Instruct-Q4_K_M,vanilla,long,10355,419640,836,23,30,stop,False,10241.512,445.28313043478266,2.2457621491826596,419643.096,501.9654258373206,1.9921690788402722,429995,0.5,105.3,2.1,7706.2
vanilla,46,1,2,8,1,Meta-Llama-3.1-8B-Instruct-Q4_K_M,vanilla,long,10387,434634,869,23,30,stop,False,10239.919,445.2138695652174,2.246111517093055,434636.042,500.1565500575374,1.9993739957718462,445022,0.5,105.3,2.1,7706.2
vanilla,46,1,2,8,1,Meta-Llama-3.1-8B-Instruct-Q4_K_M,vanilla,long,10373,441137,886,23,30,stop,False,10241.032,445.2622608695652,2.2458674086752195,441139.936,497.90060496613995,2.008432988483727,451511,0.5,105.3,2.1,7706.2
vanilla,46,1,2,8,1,Meta-Llama-3.1-8B-Instruct-Q4_K_M,vanilla,long,10386,447536,906,23,30,stop,False,10240.241,445.2278695652174,2.2460408890767316,447537.369,493.9706059602649,2.0244119547478503,457922,0.5,105.3,2.1,7706.2
vanilla,46,1,2,8,1,Meta-Llama-3.1-8B-Instruct-Q4_K_M,vanilla,long,10388,451973,924,23,30,stop,False,10240.498,445.23904347826084,2.24598452145589,451974.552,489.14994805194806,2.044362887050331,462361,0.5,105.3,2.1,7706.2
vanilla,46,1,2,8,1,Meta-Llama-3.1-8B-Instruct-Q4_K_M,vanilla,long,10385,459837,971,23,30,length,True,10239.756,445.2067826086956,2.2461472714779536,459838.541,473.57213285272917,2.111610735995267,470223,0.5,105.3,2.1,7706.2
vanilla,46,1,2,8,1,Meta-Llama-3.1-8B-Instruct-Q4_K_M,vanilla,long,10375,459835,971,23,30,length,True,10240.787,445.2516086956522,2.2459211386781113,459836.349,473.5698753861998,2.1116208018605334,470211,0.5,105.3,2.1,7706.2
vanilla,46,1,3,8,1,Meta-Llama-3.1-8B-Instruct-Q4_K_M,vanilla,long,10855,358915,725,23,30,stop,False,10633.502,462.3261739130435,2.1629750951285853,358917.497,495.0586165517241,2.0199628217066277,369771,0.7,158.7,2.2,7706.2
vanilla,46,1,3,8,1,Meta-Llama-3.1-8B-Instruct-Q4_K_M,vanilla,long,10858,361325,730,23,30,stop,False,10633.247,462.3150869565217,2.1630269662690993,361327.518,494.96920273972603,2.02032771830016,372184,0.7,159.9,2.2,7706.2
vanilla,46,1,3,8,1,Meta-Llama-3.1-8B-Instruct-Q4_K_M,vanilla,long,10867,372754,756,23,30,stop,False,10633.237,462.31465217391303,2.1630290004821675,372756.226,493.063791005291,2.028135138378614,383621,0.7,168.9,2.2,7706.2
vanilla,46,1,3,8,1,Meta-Llama-3.1-8B-Instruct-Q4_K_M,vanilla,long,10864,379964,775,23,30,stop,False,10633.103,462.30882608695646,2.163056259306432,379965.482,490.2780412903226,2.0396589603894597,390829,0.7,173.3,2.2,7706.2
vanilla,46,1,3,8,1,Meta-Llama-3.1-8B-Instruct-Q4_K_M,vanilla,long,10867,383175,785,23,30,stop,False,10633.281,462.3165652173913,2.1630200499732863,383177.709,488.1244700636942,2.048657793921932,394043,0.7,176.0,2.2,7706.2
vanilla,46,1,3,8,1,Meta-Llama-3.1-8B-Instruct-Q4_K_M,vanilla,long,10854,412735,902,23,30,stop,False,10633.174,462.3119130434783,2.1630418161124796,412737.006,457.57982926829266,2.185411016912789,423590,0.7,199.1,2.2,7706.2
vanilla,46,1,3,8,1,Meta-Llama-3.1-8B-Instruct-Q4_K_M,vanilla,long,10867,418050,934,23,30,stop,False,10633.233,462.3144782608696,2.163029814168466,418052.091,447.5932451820129,2.2341713391884457,428917,0.7,202.7,2.2,7706.2
vanilla,46,1,3,8,1,Meta-Llama-3.1-8B-Instruct-Q4_K_M,vanilla,long,10859,421052,971,23,30,length,True,10633.212,462.3135652173913,2.163034086031577,421053.032,433.62825128733266,2.3061228068772106,431912,0.7,204.4,2.2,7706.2
vanilla,46,1,1,1,1,Meta-Llama-3.1-8B-Instruct-Q4_K_M,vanilla,medium,1239,38489,506,24,30,stop,False,1206.486,50.270250000000004,19.892481139441315,38489.748,76.0666956521739,13.146357830142197,39728,0.5,17.9,0.0,6196.8
vanilla,46,1,2,1,1,Meta-Llama-3.1-8B-Instruct-Q4_K_M,vanilla,medium,608,46028,602,11,32,stop,False,564.319,51.30172727272727,19.492521074073352,46028.926,76.4600099667774,13.078732273701107,46636,0.5,2.9,1.0,6196.8
vanilla,46,1,3,1,1,Meta-Llama-3.1-8B-Instruct-Q4_K_M,vanilla,medium,659,45861,600,12,30,stop,False,613.338,51.1115,19.565068526652514,45862.25,76.43708333333333,13.08265512485759,46520,0.5,0.0,0.0,6196.8
vanilla,46,1,1,2,1,Meta-Llama-3.1-8B-Instruct-Q4_K_M,vanilla,medium,1243,74097,543,24,30,stop,False,1209.244,50.38516666666666,19.847111087588612,74097.92,136.46025782688767,7.328140924873464,75340,0.1,13.3,0.2,6401.2
vanilla,46,1,1,2,1,Meta-Llama-3.1-8B-Instruct-Q4_K_M,vanilla,medium,2524,72973,544,24,30,stop,False,1281.546,53.39775,18.72738083533482,72974.2,134.14374999999998,7.454689465591949,75497,0.1,13.3,0.2,6401.2
vanilla,46,1,2,2,1,Meta-Llama-3.1-8B-Instruct-Q4_K_M,vanilla,medium,1170,98036,712,11,32,stop,False,1112.616,101.14690909090909,9.88660957599028,98037.703,137.69340308988762,7.26251205620352,99207,0.2,6.1,1.2,6401.2
vanilla,46,1,2,2,1,Meta-Llama-3.1-8B-Instruct-Q4_K_M,vanilla,medium,1170,110314,860,11,32,stop,False,1112.425,101.12954545454545,9.888307076881588,110315.248,128.2735441860465,7.795839791793787,111484,0.2,6.1,1.2,6401.2
vanilla,46,1,3,2,1,Meta-Llama-3.1-8B-Instruct-Q4_K_M,vanilla,medium,1276,68423,512,12,30,stop,False,1209.38,100.78166666666668,9.922439597148951,68424.168,133.640953125,7.482736216829117,69699,0.2,30.0,0.0,6401.2
vanilla,46,1,3,2,1,Meta-Llama-3.1-8B-Instruct-Q4_K_M,vanilla,medium,1276,75381,601,12,30,stop,False,1209.385,100.78208333333333,9.922398574482072,75382.445,125.42836106489186,7.972678519514722,76658,0.2,35.0,0.2,6401.2
vanilla,46,1,1,4,1,Meta-Llama-3.1-8B-Instruct-Q4_K_M,vanilla,medium,10474,127145,513,24,30,stop,False,9227.308,384.4711666666667,2.60097527903046,127146.857,247.84962378167643,4.034704530682973,137619,0.4,5.2,0.8,6822.0
vanilla,46,1,1,4,1,Meta-Llama-3.1-8B-Instruct-Q4_K_M,vanilla,medium,10476,145487,593,24,30,stop,False,9227.917,384.49654166666664,2.6008036266472705,145488.836,245.34373693086005,4.075914113437542,155963,0.4,5.2,0.8,6822.0
vanilla,46,1,1,4,1,Meta-Llama-3.1-8B-Instruct-Q4_K_M,vanilla,medium,1248,157531,613,24,30,stop,False,1209.715,50.40479166666666,19.839383656481075,157532.176,256.9856052202284,3.8912685367845103,158780,0.4,5.2,0.8,6822.0
vanilla,46,1,1,4,1,Meta-Llama-3.1-8B-Instruct-Q4_K_M,vanilla,medium,10474,181767,1019,24,30,stop,False,9226.704,384.44599999999997,2.601145544497797,181768.59,178.3793817468106,5.606029072459659,192242,0.4,6.7,1.4,6822.0
vanilla,46,1,2,4,1,Meta-Llama-3.1-8B-Instruct-Q4_K_M,vanilla,medium,8278,164493,654,11,32,stop,False,8173.019,743.0017272727273,1.3458918913561806,164494.607,251.52080581039755,3.9758142344447807,172771,0.4,79.5,0.7,6822.0
vanilla,46,1,2,4,1,Meta-Llama-3.1-8B-Instruct-Q4_K_M,vanilla,medium,8277,181083,725,11,32,stop,False,8172.787,742.9806363636363,1.3459300970403363,181084.633,249.7719075862069,4.0036528113349075,189361,0.4,79.5,0.7,6822.0
vanilla,46,1,2,4,1,Meta-Llama-3.1-8B-Instruct-Q4_K_M,vanilla,medium,8278,190096,784,11,32,stop,False,8173.3,743.0272727272727,1.3458456192725092,190098.706,242.4728392857143,4.124173259759064,198374,0.4,79.5,0.7,6822.0
vanilla,46,1,2,4,1,Meta-Llama-3.1-8B-Instruct-Q4_K_M,vanilla,medium,8280,191559,802,11,32,stop,False,8173.011,743.0010000000001,1.3458932087574578,191561.143,238.85429301745637,4.186652822383713,199839,0.4,79.5,0.7,6822.0
vanilla,46,1,3,4,1,Meta-Llama-3.1-8B-Instruct-Q4_K_M,vanilla,medium,8309,145089,582,12,30,stop,False,8198.656,683.2213333333334,1.4636545306938111,145090.179,249.29584020618557,4.01129838016121,153398,0.5,48.2,0.8,6822.0
vanilla,46,1,3,4,1,Meta-Llama-3.1-8B-Instruct-Q4_K_M,vanilla,medium,8309,151244,611,12,30,stop,False,8199.169,683.2640833333334,1.4635629537578747,151246.036,247.53852045826514,4.039775296986957,159553,0.5,52.8,0.8,6822.0
vanilla,46,1,3,4,1,Meta-Llama-3.1-8B-Instruct-Q4_K_M,vanilla,medium,8309,164842,702,12,30,stop,False,8199.074,683.2561666666667,1.4635799115851373,164843.934,234.82041880341882,4.258573445596124,173152,0.5,64.7,1.4,6822.0
vanilla,46,1,3,4,1,Meta-Llama-3.1-8B-Instruct-Q4_K_M,vanilla,medium,8309,166896,728,12,30,stop,False,8198.818,683.2348333333333,1.4636256104233563,166897.845,229.2552815934066,4.3619496704705805,175206,0.5,66.3,1.4,6822.0
vanilla,46,1,1,8,1,Meta-Llama-3.1-8B-Instruct-Q4_K_M,vanilla,medium,22260,247160,516,24,30,stop,False,20981.777,874.2407083333333,1.1438497320794134,247162.192,478.996496124031,2.0876979437049172,269421,0.4,58.0,1.3,7603.6
vanilla,46,1,1,8,1,Meta-Llama-3.1-8B-Instruct-Q4_K_M,vanilla,medium,22259,271548,567,24,30,stop,False,20980.217,874.1757083333333,1.1439347838966585,271550.268,478.9246349206349,2.0880111965126105,293808,0.4,76.7,1.3,7603.6
vanilla,46,1,1,8,1,Meta-Llama-3.1-8B-Instruct-Q4_K_M,vanilla,medium,22259,275870,577,24,30,stop,False,20980.993,874.2080416666666,1.1438924744886956,275872.741,478.1156689774696,2.091544086264036,298130,0.4,79.8,1.3,7603.6
vanilla,46,1,1,8,1,Meta-Llama-3.1-8B-Instruct-Q4_K_M,vanilla,medium,22236,277275,581,54,0,stop,False,20978.261,388.48631481481476,2.57409324824398,277277.273,477.24143373493973,2.095375483586785,299512,0.4,80.6,1.3,7603.6
vanilla,46,1,1,8,1,Meta-Llama-3.1-8B-Instruct-Q4_K_M,vanilla,medium,22227,280998,593,54,0,stop,False,20977.613,388.4743148148148,2.5741727621727026,280999.092,473.8601888701518,2.110327103832777,303225,0.4,83.2,1.3,7603.6
vanilla,46,1,1,8,1,Meta-Llama-3.1-8B-Instruct-Q4_K_M,vanilla,medium,22243,284476,608,54,0,stop,False,20978.895,388.49805555555554,2.5740154569628193,284477.696,467.89094736842105,2.1372501554568273,306719,0.4,85.2,1.3,7603.6
vanilla,46,1,1,8,1,Meta-Llama-3.1-8B-Instruct-Q4_K_M,vanilla,medium,22224,293676,665,53,1,stop,False,20982.538,395.89694339622645,2.5259098780138034,293678.718,441.62213233082707,2.2643792663246374,315901,0.4,90.6,1.5,7603.6
vanilla,46,1,1,8,1,Meta-Llama-3.1-8B-Instruct-Q4_K_M,vanilla,medium,1278,338636,959,24,30,stop,False,1239.498,51.64575,19.362677471040694,338637.731,353.115465067779,2.8319348737899497,339915,0.4,92.9,1.5,7603.6
vanilla,46,1,2,8,1,Meta-Llama-3.1-8B-Instruct-Q4_K_M,vanilla,medium,9822,318694,654,11,32,stop,False,9702.761,882.0691818181818,1.1336979237147033,318697.288,487.30472171253825,2.0521040643433404,328516,0.5,102.8,1.4,7603.6
vanilla,46,1,2,8,1,Meta-Llama-3.1-8B-Instruct-Q4_K_M,vanilla,medium,9854,330498,679,11,32,stop,False,9701.331,881.9391818181819,1.1338650335711666,330499.213,486.7440544918998,2.054467827129138,340352,0.5,104.4,2.0,7603.6
vanilla,46,1,2,8,1,Meta-Llama-3.1-8B-Instruct-Q4_K_M,vanilla,medium,9853,330925,680,11,32,stop,False,9701.614,881.964909090909,1.1338319582700365,330926.946,486.6572735294118,2.054834180834582,340779,0.5,104.4,2.0,7603.6
vanilla,46,1,2,8,1,Meta-Llama-3.1-8B-Instruct-Q4_K_M,vanilla,medium,9852,334150,689,11,32,stop,False,9701.117,881.9197272727273,1.1338900458576058,334151.346,484.9801828737301,2.0619399210799525,344003,0.5,104.4,2.0,7603.6
vanilla,46,1,2,8,1,Meta-Llama-3.1-8B-Instruct-Q4_K_M,vanilla,medium,9838,364141,795,11,32,stop,False,9702.162,882.0147272727273,1.1337679168828556,364143.704,458.0423949685535,2.1832040243101387,373979,0.5,104.4,2.0,7603.6
vanilla,46,1,2,8,1,Meta-Llama-3.1-8B-Instruct-Q4_K_M,vanilla,medium,9854,376872,848,11,32,stop,False,9701.894,881.9903636363637,1.1337992354894828,376874.655,444.42765919811325,2.250084978518919,386727,0.5,104.4,2.0,7603.6
vanilla,46,1,2,8,1,Meta-Llama-3.1-8B-Instruct-Q4_K_M,vanilla,medium,9833,398773,979,11,32,stop,False,9702.477,882.0433636363637,1.1337311080459145,398776.079,407.33000919305414,2.4550118514004446,408607,0.5,104.4,2.0,7603.6
vanilla,46,1,2,8,1,Meta-Llama-3.1-8B-Instruct-Q4_K_M,vanilla,medium,9843,398941,981,11,32,length,True,9701.901,881.991,1.1337984174441689,398943.266,406.669995922528,2.458996262390853,408784,0.5,104.4,2.0,7603.6
vanilla,46,1,3,8,1,Meta-Llama-3.1-8B-Instruct-Q4_K_M,vanilla,medium,9900,270354,562,12,30,stop,False,9690.874,807.5728333333333,1.2382784050231177,270357.162,481.062565836299,2.0787316890092224,280254,0.6,106.0,1.5,7603.6
vanilla,46,1,3,8,1,Meta-Llama-3.1-8B-Instruct-Q4_K_M,vanilla,medium,9898,284037,592,12,30,stop,False,9690.649,807.5540833333333,1.2383071556920493,284039.734,479.79684797297296,2.0842154428999713,293936,0.6,106.3,1.6,7603.6
vanilla,46,1,3,8,1,Meta-Llama-3.1-8B-Instruct-Q4_K_M,vanilla,medium,9904,293850,615,12,30,stop,False,9690.09,807.5075,1.2383785909109202,293851.858,477.8078991869919,2.092891309879007,303755,0.6,106.3,1.6,7603.6
vanilla,46,1,3,8,1,Meta-Llama-3.1-8B-Instruct-Q4_K_M,vanilla,medium,9905,300369,633,12,30,stop,False,9690.896,807.5746666666668,1.2382755939182506,300371.11,474.51992101105844,2.1073930845080273,310274,0.6,106.3,1.6,7603.6
vanilla,46,1,3,8,1,Meta-Llama-3.1-8B-Instruct-Q4_K_M,vanilla,medium,9907,314456,680,12,30,stop,False,9690.702,807.5585,1.2383003831920536,314458.419,462.43885147058825,2.1624480659873826,324364,0.6,106.3,1.6,7603.6
vanilla,46,1,3,8,1,Meta-Llama-3.1-8B-Instruct-Q4_K_M,vanilla,medium,9897,316304,688,12,30,stop,False,9690.213,807.51775,1.23836287189972,316305.238,459.7459854651163,2.175114153500044,326201,0.6,106.3,1.6,7603.6
vanilla,46,1,3,8,1,Meta-Llama-3.1-8B-Instruct-Q4_K_M,vanilla,medium,9912,318868,704,12,30,stop,False,9690.71,807.5591666666666,1.2382993609343382,318873.488,452.9452954545455,2.207772130620028,328781,0.6,106.3,1.6,7603.6
vanilla,46,1,3,8,1,Meta-Llama-3.1-8B-Instruct-Q4_K_M,vanilla,medium,9904,320315,722,12,30,stop,False,9690.431,807.5359166666667,1.2383350131691768,320316.6,443.6518005540166,2.2540199290327134,330220,0.6,106.3,1.6,7603.6
vanilla,46,1,1,1,1,Meta-Llama-3.1-8B-Instruct-Q4_K_M,vanilla,short,647,499,8,12,30,stop,False,614.451,51.20425,19.52962888822705,500.703,62.587875,15.977535584967537,1147,0.5,0.9,0.0,6056.8
vanilla,46,1,2,1,1,Meta-Llama-3.1-8B-Instruct-Q4_K_M,vanilla,short,500,2421,34,9,33,stop,False,467.442,51.938,19.253725595902804,2422.75,71.25735294117646,14.033639459292127,2922,0.5,1.9,0.0,6056.8
vanilla,46,1,3,1,1,Meta-Llama-3.1-8B-Instruct-Q4_K_M,vanilla,short,504,865,13,9,33,stop,False,468.083,52.00922222222223,19.227359250389355,866.045,66.61884615384615,15.01076733887962,1369,0.5,1.0,0.0,6056.8
vanilla,46,1,1,2,1,Meta-Llama-3.1-8B-Instruct-Q4_K_M,vanilla,short,647,1433,8,12,30,stop,False,614.001,51.16675,19.543942110843467,1434.771,179.346375,5.575802689070242,2081,0.4,1.6,0.0,6061.8
vanilla,46,1,1,2,1,Meta-Llama-3.1-8B-Instruct-Q4_K_M,vanilla,short,1335,818,8,12,30,stop,False,688.537,57.378083333333336,17.42825730498143,819.614,102.45175,9.76069222829283,2154,0.4,1.6,0.0,6061.8
vanilla,46,1,2,2,1,Meta-Llama-3.1-8B-Instruct-Q4_K_M,vanilla,short,499,4408,33,9,33,stop,False,465.158,51.684222222222225,19.348264460677875,4409.431,133.6191212121212,7.483958814640711,4907,0.4,3.8,0.1,6061.8
vanilla,46,1,2,2,1,Meta-Llama-3.1-8B-Instruct-Q4_K_M,vanilla,short,1036,4028,34,9,33,stop,False,537.545,59.72722222222222,16.742784325033256,4029.073,118.50214705882352,8.438665668256695,5064,0.4,4.1,0.1,6061.8
vanilla,46,1,3,2,1,Meta-Llama-3.1-8B-Instruct-Q4_K_M,vanilla,short,948,1394,12,9,33,stop,False,911.18,101.24222222222221,9.8773019600957,1394.895,116.24125,8.602798060069038,2342,0.4,0.8,0.0,6061.8
vanilla,46,1,3,2,1,Meta-Llama-3.1-8B-Instruct-Q4_K_M,vanilla,short,949,2958,34,9,33,stop,False,911.753,101.30588888888889,9.871094474051635,2959.813,87.05332352941177,11.487212198878781,3907,0.4,2.1,0.0,6061.8
vanilla,46,1,1,4,1,Meta-Llama-3.1-8B-Instruct-Q4_K_M,vanilla,short,653,8953,8,12,30,stop,False,614.868,51.239000000000004,19.51638400437167,8954.456,1119.307,0.8934099402576773,9607,0.4,5.3,0.0,6076.1
vanilla,46,1,1,4,1,Meta-Llama-3.1-8B-Instruct-Q4_K_M,vanilla,short,8198,1591,8,12,30,stop,False,7544.895,628.74125,1.5904793903692496,1592.609,199.076125,5.023204063269767,9789,0.4,5.3,0.0,6076.1
vanilla,46,1,1,4,1,Meta-Llama-3.1-8B-Instruct-Q4_K_M,vanilla,short,8198,1592,8,12,30,stop,False,7545.505,628.7920833333334,1.5903508115096339,1592.56,199.07,5.023358617571708,9790,0.4,5.3,0.0,6076.1
vanilla,46,1,1,4,1,Meta-Llama-3.1-8B-Instruct-Q4_K_M,vanilla,short,8199,1591,8,12,30,stop,False,7546.12,628.8433333333334,1.5902211997688878,1592.455,199.056875,5.02368983738944,9790,0.4,5.3,0.0,6076.1
vanilla,46,1,2,4,1,Meta-Llama-3.1-8B-Instruct-Q4_K_M,vanilla,short,1976,5390,24,9,33,stop,False,1470.934,163.4371111111111,6.118561403842729,5392.08,224.67,4.450972537499444,7367,0.4,1.5,0.1,6076.1
vanilla,46,1,2,4,1,Meta-Llama-3.1-8B-Instruct-Q4_K_M,vanilla,short,506,8680,34,9,33,stop,False,468.285,52.031666666666666,19.21906531279029,8681.682,255.34358823529413,3.916291796912165,9187,0.4,1.6,0.2,6076.1
vanilla,46,1,2,4,1,Meta-Llama-3.1-8B-Instruct-Q4_K_M,vanilla,short,1976,7357,34,9,33,stop,False,1471.551,163.50566666666666,6.115995979751977,7359.038,216.44229411764704,4.620169103624686,9333,0.4,1.6,0.2,6076.1
vanilla,46,1,2,4,1,Meta-Llama-3.1-8B-Instruct-Q4_K_M,vanilla,short,1976,9886,69,9,33,stop,False,1470.33,163.37,6.121074860745548,9887.51,143.2972463768116,6.978501159543708,11862,0.4,1.6,0.2,6076.1
vanilla,46,1,3,4,1,Meta-Llama-3.1-8B-Instruct-Q4_K_M,vanilla,short,1407,2759,11,9,33,stop,False,1362.066,151.34066666666666,6.607609322896248,2761.167,251.01518181818182,3.983822782178695,4167,0.4,0.0,0.0,6076.1
vanilla,46,1,3,4,1,Meta-Llama-3.1-8B-Instruct-Q4_K_M,vanilla,short,2052,2113,10,9,33,stop,False,646.942,71.88244444444445,13.9116025857032,2114.341,211.4341,4.729606056922701,4165,0.4,0.0,0.0,6076.1
vanilla,46,1,3,4,1,Meta-Llama-3.1-8B-Instruct-Q4_K_M,vanilla,short,1405,2910,12,9,33,stop,False,1361.46,151.27333333333334,6.610550438499845,2911.01,242.58416666666668,4.122280583027884,4315,0.4,0.0,0.0,6076.1
vanilla,46,1,3,4,1,Meta-Llama-3.1-8B-Instruct-Q4_K_M,vanilla,short,1406,2908,12,9,33,stop,False,1362.645,151.405,6.604801690829232,2910.258,242.52149999999997,4.123345765220816,4315,0.4,0.0,0.0,6076.1
vanilla,46,1,1,8,1,Meta-Llama-3.1-8B-Instruct-Q4_K_M,vanilla,short,673,22091,8,12,30,stop,False,633.038,52.753166666666665,18.95620800015165,22092.556,2761.5695,0.362112921655602,22765,0.5,10.3,0.0,6104.0
vanilla,46,1,1,8,1,Meta-Llama-3.1-8B-Instruct-Q4_K_M,vanilla,short,20023,3134,8,42,0,stop,False,19369.99,461.19023809523816,2.168302616573369,3136.69,392.08625,2.5504592420672747,23157,0.5,10.3,0.0,6104.0
vanilla,46,1,1,8,1,Meta-Llama-3.1-8B-Instruct-Q4_K_M,vanilla,short,20028,3135,8,42,0,stop,False,19370.665,461.2063095238095,2.168227058802576,3136.644,392.0805,2.5504966454592872,23164,0.5,10.3,0.0,6104.0
vanilla,46,1,1,8,1,Meta-Llama-3.1-8B-Instruct-Q4_K_M,vanilla,short,20048,3134,8,12,30,stop,False,19372.75,1614.3958333333333,0.619426772141281,3135.676,391.9595,2.551283997453819,23182,0.5,10.3,0.0,6104.0
vanilla,46,1,1,8,1,Meta-Llama-3.1-8B-Instruct-Q4_K_M,vanilla,short,20032,3135,8,42,0,stop,False,19371.321,461.2219285714286,2.168153632888537,3136.549,392.068625,2.550573895067477,23167,0.5,10.3,0.0,6104.0
vanilla,46,1,1,8,1,Meta-Llama-3.1-8B-Instruct-Q4_K_M,vanilla,short,20049,3133,8,12,30,stop,False,19374.399,1614.5332500000002,0.6193740512931523,3135.123,391.890375,2.5517340149014887,23182,0.5,10.3,0.0,6104.0
vanilla,46,1,1,8,1,Meta-Llama-3.1-8B-Instruct-Q4_K_M,vanilla,short,20050,3135,8,12,30,stop,False,19373.575,1614.4645833333334,0.619400394609668,3135.4,391.925,2.5515085794475985,23185,0.5,10.3,0.0,6104.0
vanilla,46,1,1,8,1,Meta-Llama-3.1-8B-Instruct-Q4_K_M,vanilla,short,20018,3133,8,41,1,stop,False,19375.216,472.56624390243906,2.1161054410954696,3134.835,391.854375,2.5519684449101785,23152,0.5,10.3,0.0,6104.0
vanilla,46,1,2,8,1,Meta-Llama-3.1-8B-Instruct-Q4_K_M,vanilla,short,9465,10469,24,9,33,stop,False,8952.175,994.686111111111,1.0053422771561102,10470.87,436.28625000000005,2.2920731515146304,19934,0.5,0.0,0.0,6104.0
vanilla,46,1,2,8,1,Meta-Llama-3.1-8B-Instruct-Q4_K_M,vanilla,short,523,22783,33,9,33,stop,False,477.31,53.034444444444446,18.855670319079845,22784.658,690.4441818181818,1.4483430034367863,23307,0.5,0.0,0.0,6104.0
vanilla,46,1,2,8,1,Meta-Llama-3.1-8B-Instruct-Q4_K_M,vanilla,short,9476,14196,33,9,33,stop,False,8950.305,994.4783333333334,1.0055523247531788,14199.59,430.2906060606061,2.3240107636910645,23673,0.5,0.0,0.0,6104.0
vanilla,46,1,2,8,1,Meta-Llama-3.1-8B-Instruct-Q4_K_M,vanilla,short,9461,14195,33,9,33,stop,False,8953.432,994.8257777777778,1.0052011340455815,14198.416,430.25503030303025,2.3242029251713716,23656,0.5,0.0,0.0,6104.0
vanilla,46,1,2,8,1,Meta-Llama-3.1-8B-Instruct-Q4_K_M,vanilla,short,9477,14199,33,9,33,stop,False,8950.934,994.5482222222222,1.0054816625840388,14199.583,430.29039393939394,2.324011909363817,23676,0.5,0.0,0.0,6104.0
vanilla,46,1,2,8,1,Meta-Llama-3.1-8B-Instruct-Q4_K_M,vanilla,short,9480,14414,34,9,33,stop,False,8951.574,994.6193333333334,1.0054097748619404,14418.448,424.072,2.3580901356373447,23895,0.5,0.0,0.0,6104.0
vanilla,46,1,2,8,1,Meta-Llama-3.1-8B-Instruct-Q4_K_M,vanilla,short,9459,14417,34,9,33,stop,False,8952.791,994.7545555555555,1.0052731042196787,14417.697,424.0499117647059,2.358212965635219,23877,0.5,0.0,0.0,6104.0
vanilla,46,1,2,8,1,Meta-Llama-3.1-8B-Instruct-Q4_K_M,vanilla,short,9449,15639,51,9,33,stop,False,8954.054,994.8948888888889,1.0051313070035093,15640.116,306.6689411764706,3.2608453799191772,25089,0.5,0.0,0.0,6104.0
vanilla,46,1,3,8,1,Meta-Llama-3.1-8B-Instruct-Q4_K_M,vanilla,short,9523,4525,11,9,33,stop,False,8995.049,999.449888888889,1.000550413899913,4526.859,411.5326363636364,2.429940936971971,14049,0.5,0.0,0.0,6104.0
vanilla,46,1,3,8,1,Meta-Llama-3.1-8B-Instruct-Q4_K_M,vanilla,short,9511,4524,11,9,33,stop,False,8996.295,999.5883333333334,1.0004118362059047,4526.632,411.51199999999994,2.4300627928225667,14036,0.5,0.0,0.0,6104.0
vanilla,46,1,3,8,1,Meta-Llama-3.1-8B-Instruct-Q4_K_M,vanilla,short,520,13910,13,9,33,stop,False,479.295,53.255,18.777579569993428,13911.172,1070.090153846154,0.9345007020256811,14430,0.5,0.0,0.0,6104.0
vanilla,46,1,3,8,1,Meta-Llama-3.1-8B-Instruct-Q4_K_M,vanilla,short,9495,4904,12,9,33,stop,False,8998.172,999.7968888888889,1.0002031523736155,4907.826,408.9855,2.4450744586299518,14400,0.5,0.0,0.0,6104.0
vanilla,46,1,3,8,1,Meta-Llama-3.1-8B-Instruct-Q4_K_M,vanilla,short,9523,5181,13,9,33,stop,False,8994.433,999.3814444444446,1.0006189384033435,5182.712,398.6701538461539,2.508339263304617,14705,0.5,0.0,0.0,6104.0
vanilla,46,1,3,8,1,Meta-Llama-3.1-8B-Instruct-Q4_K_M,vanilla,short,9501,10001,37,9,33,stop,False,8997.546,999.7273333333334,1.0002727410340553,10004.711,270.3975945945946,3.6982577507736107,19503,0.5,0.0,0.0,6104.0
vanilla,46,1,3,8,1,Meta-Llama-3.1-8B-Instruct-Q4_K_M,vanilla,short,9508,10294,39,9,33,stop,False,8996.926,999.6584444444444,1.0003416722556127,10297.49,264.0382051282051,3.7873306990344253,19803,0.5,0.0,0.0,6104.0
vanilla,46,1,3,8,1,Meta-Llama-3.1-8B-Instruct-Q4_K_M,vanilla,short,9523,10725,45,9,33,stop,False,8995.673,999.5192222222223,1.0004810090362333,10727.346,238.38546666666664,4.19488660102881,20249,0.5,0.0,0.0,6104.0
turboquant,46,1,1,1,1,Meta-Llama-3.1-8B-Instruct-Q4_K_M,turboquant,long,10907,43869,413,146,30,stop,False,10871.973,74.46556849315068,13.429025256041383,43869.935,106.222602905569,9.414192202473062,54776,3.1,32.6,0.0,5320.0
turboquant,46,1,2,1,1,Meta-Llama-3.1-8B-Instruct-Q4_K_M,turboquant,long,1251,121188,1016,23,30,stop,False,1214.99,52.82565217391304,18.930196956353548,121189.632,119.28113385826771,8.383555451344222,122440,3.3,1.6,0.7,5320.0
turboquant,46,1,3,1,1,Meta-Llama-3.1-8B-Instruct-Q4_K_M,turboquant,long,1248,79061,729,23,30,stop,False,1209.664,52.594086956521735,19.013544256917623,79062.671,108.45359533607682,9.22053341709136,80310,3.6,8.9,0.7,5320.0
turboquant,46,1,1,2,1,Meta-Llama-3.1-8B-Instruct-Q4_K_M,turboquant,long,22253,64270,351,146,30,stop,False,10962.126,75.08305479452055,13.31858436949183,64271.413,183.10943874643874,5.461214926144537,86524,9.7,25.9,0.2,5366.6
turboquant,46,1,1,2,1,Meta-Llama-3.1-8B-Instruct-Q4_K_M,turboquant,long,11292,84667,431,146,30,stop,False,11257.564,77.10660273972603,12.969057959608312,84668.124,196.44576334106728,5.090463560997288,95959,9.7,25.9,0.2,5366.6
turboquant,46,1,2,2,1,Meta-Llama-3.1-8B-Instruct-Q4_K_M,turboquant,long,9001,220274,1024,23,30,length,True,8960.637,389.5929130434783,2.566781803570438,220275.199,215.1124990234375,4.648730336636763,229275,9.7,70.1,1.3,5366.6
turboquant,46,1,2,2,1,Meta-Llama-3.1-8B-Instruct-Q4_K_M,turboquant,long,9002,220274,1024,23,30,length,True,8960.877,389.603347826087,2.5667130572152703,220275.188,215.11248828125,4.6487305687828995,229276,9.7,70.1,1.3,5366.6
turboquant,46,1,3,2,1,Meta-Llama-3.1-8B-Instruct-Q4_K_M,turboquant,long,9593,118713,639,23,30,stop,False,9547.131,415.092652173913,2.409100702608983,118715.047,185.7825461658842,5.382636962608455,128306,9.8,13.8,1.1,5366.6
turboquant,46,1,3,2,1,Meta-Llama-3.1-8B-Instruct-Q4_K_M,turboquant,long,9591,127356,705,23,30,stop,False,9547.197,415.09552173913045,2.40908404843851,127356.882,180.64805957446808,5.535625471735403,136947,9.8,13.8,1.1,5366.6
turboquant,46,1,1,4,1,Meta-Llama-3.1-8B-Instruct-Q4_K_M,turboquant,long,27906,109758,348,146,30,stop,False,16580.107,113.56237671232877,8.805733280249639,109759.103,315.3997212643678,3.1705798470310023,137665,9.9,17.6,0.2,5501.8
turboquant,46,1,1,4,1,Meta-Llama-3.1-8B-Instruct-Q4_K_M,turboquant,long,27906,133929,420,146,30,stop,False,16580.694,113.56639726027397,8.805421534225287,133930.646,318.88249047619047,3.13595142369432,161836,10.0,20.5,1.3,5501.8
turboquant,46,1,1,4,1,Meta-Llama-3.1-8B-Instruct-Q4_K_M,turboquant,long,27905,136346,431,146,30,stop,False,16579.64,113.55917808219178,8.805981312018838,136347.592,316.3517215777262,3.1610385902524776,164252,10.0,20.5,1.3,5501.8
turboquant,46,1,1,4,1,Meta-Llama-3.1-8B-Instruct-Q4_K_M,turboquant,long,11327,174384,600,146,30,stop,False,11288.053,77.31543150684931,12.934028569851684,174384.852,290.64142000000004,3.4406658211345094,185711,10.0,20.5,1.3,5501.8
turboquant,46,1,2,4,1,Meta-Llama-3.1-8B-Instruct-Q4_K_M,turboquant,long,10163,269737,796,23,30,stop,False,10111.029,439.60995652173915,2.2747437476442802,269738.357,338.8672826633166,2.951007816808197,279900,10.0,81.0,1.3,5501.8
turboquant,46,1,2,4,1,Meta-Llama-3.1-8B-Instruct-Q4_K_M,turboquant,long,10163,294186,856,23,30,stop,False,10110.778,439.59904347826085,2.2748002181434503,294187.437,343.6769123831775,2.9097095672375706,304350,10.0,81.0,1.3,5501.8
turboquant,46,1,2,4,1,Meta-Llama-3.1-8B-Instruct-Q4_K_M,turboquant,long,10162,319666,941,23,30,stop,False,10110.639,439.59299999999996,2.274831491857241,319667.143,339.71003506907545,2.943686958781372,329828,10.0,82.8,1.5,5501.8
turboquant,46,1,2,4,1,Meta-Llama-3.1-8B-Instruct-Q4_K_M,turboquant,long,10163,323924,969,23,30,stop,False,10111.324,439.6227826086957,2.2746773815179893,323925.702,334.28865015479875,2.9914267192048873,334087,10.0,86.8,1.6,5501.8
turboquant,46,1,3,4,1,Meta-Llama-3.1-8B-Instruct-Q4_K_M,turboquant,long,10180,196441,617,23,30,stop,False,10120.458,440.0199130434783,2.2726244207524995,196441.813,318.3821928687196,3.1408791772859477,206621,10.1,93.8,1.1,5501.8
turboquant,46,1,3,4,1,Meta-Llama-3.1-8B-Instruct-Q4_K_M,turboquant,long,10181,214500,670,23,30,stop,False,10120.492,440.02139130434784,2.2726167858242463,214501.551,320.15156865671645,3.123520538086925,224681,10.1,93.9,1.2,5501.8
turboquant,46,1,3,4,1,Meta-Llama-3.1-8B-Instruct-Q4_K_M,turboquant,long,10179,222243,699,23,30,stop,False,10120.407,440.01769565217387,2.2726358732410663,222244.914,317.9469442060086,3.145178836353484,232423,10.1,94.1,1.3,5501.8
turboquant,46,1,3,4,1,Meta-Llama-3.1-8B-Instruct-Q4_K_M,turboquant,long,10182,223569,709,23,30,stop,False,10120.51,440.0221739130435,2.2726127438241748,223570.413,315.33203526093087,3.1712604118148677,233751,10.1,94.1,1.3,5501.8
turboquant,46,1,1,8,1,Meta-Llama-3.1-8B-Instruct-Q4_K_M,turboquant,long,15463,277442,378,146,30,stop,False,15420.534,105.62009589041095,9.46789521037339,277444.05,733.9789682539682,1.3624368588910087,292906,35.2,71.2,1.3,5684.4
turboquant,46,1,1,8,1,Meta-Llama-3.1-8B-Instruct-Q4_K_M,turboquant,long,15464,281496,384,146,30,stop,False,15419.988,105.61635616438356,9.468230455172858,281496.901,733.0648463541667,1.3641357991362042,296960,35.2,76.3,1.9,5684.4
turboquant,46,1,1,8,1,Meta-Llama-3.1-8B-Instruct-Q4_K_M,turboquant,long,59835,239654,386,146,30,stop,False,19417.386,132.99579452054795,7.519034745459559,239654.891,620.8675932642487,1.6106493733107246,299489,35.2,78.2,1.9,5684.4
turboquant,46,1,1,8,1,Meta-Llama-3.1-8B-Instruct-Q4_K_M,turboquant,long,40388,274185,414,176,0,stop,False,24950.554,141.76451136363636,7.053951587608035,274187.619,662.2889347826087,1.509915004586695,314574,35.2,88.8,2.0,5684.4
turboquant,46,1,1,8,1,Meta-Llama-3.1-8B-Instruct-Q4_K_M,turboquant,long,59800,264611,434,175,1,stop,False,19418.032,110.96018285714285,9.012241817296418,264612.533,609.706297235023,1.6401339538970363,324411,35.2,96.7,2.4,5684.4
turboquant,46,1,1,8,1,Meta-Llama-3.1-8B-Instruct-Q4_K_M,turboquant,long,59832,286580,496,146,30,stop,False,19416.742,132.99138356164383,7.519284131189466,286580.916,577.7841048387097,1.730750277872655,346412,35.2,104.1,2.4,5684.4
turboquant,46,1,1,8,1,Meta-Llama-3.1-8B-Instruct-Q4_K_M,turboquant,long,59819,287968,502,176,0,stop,False,44366.979,252.08510795454546,3.966914222399501,287969.055,573.6435358565736,1.7432428633694688,347787,35.2,104.1,2.4,5684.4
turboquant,46,1,1,8,1,Meta-Llama-3.1-8B-Instruct-Q4_K_M,turboquant,long,40395,308790,514,176,0,stop,False,24951.084,141.76752272727273,7.053801750657407,308791.624,600.7619143968872,1.6645529219406547,349186,35.2,104.1,2.4,5684.4
turboquant,46,1,2,8,1,Meta-Llama-3.1-8B-Instruct-Q4_K_M,turboquant,long,12175,526097,796,23,30,stop,False,10890.364,473.4940869565217,2.111958792194641,526098.472,660.927728643216,1.5130247327538333,538273,35.2,157.6,2.7,5684.4
turboquant,46,1,2,8,1,Meta-Llama-3.1-8B-Instruct-Q4_K_M,turboquant,long,12173,536687,809,23,30,stop,False,10890.92,473.5182608695652,2.111850973104201,536688.582,663.3975055624228,1.507391860257612,548860,35.2,166.9,2.8,5684.4
turboquant,46,1,2,8,1,Meta-Llama-3.1-8B-Instruct-Q4_K_M,turboquant,long,1269,602077,878,23,30,stop,False,1221.712,53.11791304347826,18.826040834501093,602078.17,685.7382346241459,1.4582824021007106,603347,35.2,202.7,2.9,5684.4
turboquant,46,1,2,8,1,Meta-Llama-3.1-8B-Instruct-Q4_K_M,turboquant,long,12181,658075,971,23,30,length,True,10890.178,473.486,2.111994863628492,658075.888,677.7300597322348,1.4755137176519677,670256,35.2,204.4,3.4,5684.4
turboquant,46,1,2,8,1,Meta-Llama-3.1-8B-Instruct-Q4_K_M,turboquant,long,12184,658074,971,23,30,length,True,10890.62,473.50521739130437,2.1119091475049165,658075.161,677.7293110195674,1.4755153477066125,670258,35.2,204.4,3.4,5684.4
turboquant,46,1,2,8,1,Meta-Llama-3.1-8B-Instruct-Q4_K_M,turboquant,long,12166,658073,971,23,30,length,True,10891.254,473.5327826086957,2.111786209374972,658074.385,677.7285118434604,1.4755170876313626,670240,35.2,204.4,3.4,5684.4
turboquant,46,1,2,8,1,Meta-Llama-3.1-8B-Instruct-Q4_K_M,turboquant,long,12166,658073,971,23,30,length,True,10891.547,473.54552173913044,2.1117293989549877,658074.272,677.728395468589,1.4755173409970357,670239,35.2,204.4,3.4,5684.4
turboquant,46,1,2,8,1,Meta-Llama-3.1-8B-Instruct-Q4_K_M,turboquant,long,12156,658073,971,23,30,length,True,10891.869,473.55952173913045,2.111666969185913,658074.165,677.7282852729146,1.4755175809097445,670230,35.2,204.4,3.4,5684.4
turboquant,46,1,3,8,1,Meta-Llama-3.1-8B-Instruct-Q4_K_M,turboquant,long,11087,373164,604,23,30,stop,False,10971.834,477.03626086956524,2.0962767026916374,373166.256,617.8249271523179,1.6185815043255145,384251,35.3,114.9,2.2,5684.4
turboquant,46,1,3,8,1,Meta-Llama-3.1-8B-Instruct-Q4_K_M,turboquant,long,11090,422178,670,23,30,stop,False,10971.75,477.0326086956522,2.0962927518399526,422179.028,630.117952238806,1.587004459160392,433268,35.3,144.1,2.2,5684.4
turboquant,46,1,3,8,1,Meta-Llama-3.1-8B-Instruct-Q4_K_M,turboquant,long,11092,428009,679,23,30,stop,False,10971.818,477.03556521739125,2.096279759653323,428011.579,630.3557864506628,1.5864056799267106,439102,35.3,149.5,2.2,5684.4
turboquant,46,1,3,8,1,Meta-Llama-3.1-8B-Instruct-Q4_K_M,turboquant,long,11085,432875,688,23,30,stop,False,10971.72,477.03130434782605,2.0962984837381926,432876.621,629.1811351744186,1.5893674239339435,443961,35.3,153.1,2.2,5684.4
turboquant,46,1,3,8,1,Meta-Llama-3.1-8B-Instruct-Q4_K_M,turboquant,long,11081,439754,702,23,30,stop,False,10971.684,477.02973913043473,2.0963053620574565,439755.589,626.432462962963,1.596341280383363,450836,35.3,158.9,2.2,5684.4
turboquant,46,1,3,8,1,Meta-Llama-3.1-8B-Instruct-Q4_K_M,turboquant,long,11092,440519,704,23,30,stop,False,10971.722,477.03139130434784,2.096298101610668,440520.742,625.7396903409091,1.598108631170879,451611,35.3,159.2,2.2,5684.4
turboquant,46,1,3,8,1,Meta-Llama-3.1-8B-Instruct-Q4_K_M,turboquant,long,11085,452287,747,23,30,stop,False,10971.954,477.04147826086955,2.096253775763187,452289.629,605.4747376171352,1.651596570214525,463372,35.3,167.5,2.2,5684.4
turboquant,46,1,3,8,1,Meta-Llama-3.1-8B-Instruct-Q4_K_M,turboquant,long,11092,484622,971,23,30,length,True,10971.81,477.03521739130434,2.096281288137509,484623.591,499.09741606591143,2.003616864784447,495714,35.3,192.2,2.9,5684.4
turboquant,46,1,1,1,1,Meta-Llama-3.1-8B-Instruct-Q4_K_M,turboquant,medium,1293,40296,416,24,30,stop,False,1261.07,52.54458333333333,19.031457413149152,40297.062,96.8679375,10.323333249456251,41589,0.3,35.7,0.7,5280.4
turboquant,46,1,2,1,1,Meta-Llama-3.1-8B-Instruct-Q4_K_M,turboquant,medium,624,59373,586,11,32,stop,False,589.487,53.589727272727266,18.66029276302955,59374.039,101.320885665529,9.869633426824812,59997,0.3,6.8,0.1,5280.4
turboquant,46,1,3,1,1,Meta-Llama-3.1-8B-Instruct-Q4_K_M,turboquant,medium,676,58404,580,12,30,stop,False,641.62,53.468333333333334,18.702658894672858,58404.859,100.69803275862068,9.930680596283949,59081,0.3,0.0,0.0,5280.4
turboquant,46,1,1,2,1,Meta-Llama-3.1-8B-Instruct-Q4_K_M,turboquant,medium,1296,76705,440,24,30,stop,False,1263.069,52.627874999999996,19.001337219106794,76705.857,174.3314931818182,5.736198214955085,78001,0.2,25.9,0.2,5327.0
turboquant,46,1,1,2,1,Meta-Llama-3.1-8B-Instruct-Q4_K_M,turboquant,medium,2640,79051,471,24,30,stop,False,1344.532,56.022166666666664,17.850077201583897,79052.562,167.83983439490447,5.958061169478606,81692,0.2,25.9,0.2,5327.0
turboquant,46,1,2,2,1,Meta-Llama-3.1-8B-Instruct-Q4_K_M,turboquant,medium,1195,137411,716,11,32,stop,False,1155.539,105.04899999999999,9.519367152471704,137413.373,191.91811871508378,5.210555452998014,138607,0.2,1.5,0.6,5327.0
turboquant,46,1,2,2,1,Meta-Llama-3.1-8B-Instruct-Q4_K_M,turboquant,medium,1194,138912,727,11,32,stop,False,1155.217,105.01972727272728,9.522020538132661,138913.535,191.07776478679506,5.233471310049089,140107,0.2,1.5,0.6,5327.0
turboquant,46,1,3,2,1,Meta-Llama-3.1-8B-Instruct-Q4_K_M,turboquant,medium,1307,115558,626,12,30,stop,False,1265.062,105.42183333333332,9.485701096072763,115559.131,184.59925079872204,5.417140078701353,116866,0.3,80.1,0.9,5327.0
turboquant,46,1,3,2,1,Meta-Llama-3.1-8B-Instruct-Q4_K_M,turboquant,medium,1308,119655,658,12,30,stop,False,1265.216,105.43466666666666,9.484546512216097,119656.399,181.84863069908815,5.499079075578733,120963,0.3,81.6,0.9,5327.0
turboquant,46,1,1,4,1,Meta-Llama-3.1-8B-Instruct-Q4_K_M,turboquant,medium,1303,150364,465,24,30,stop,False,1263.578,52.64908333333333,18.99368301758973,150365.21,323.36604301075266,3.092470658605139,151667,0.1,17.2,0.2,5445.6
turboquant,46,1,1,4,1,Meta-Llama-3.1-8B-Instruct-Q4_K_M,turboquant,medium,11057,174186,570,24,30,stop,False,9754.89,406.45374999999996,2.460304524192482,174188.203,305.59333859649126,3.2723226382902633,185244,0.2,17.2,0.2,5445.6
turboquant,46,1,1,4,1,Meta-Llama-3.1-8B-Instruct-Q4_K_M,turboquant,medium,11056,227593,790,24,30,stop,False,9754.291,406.42879166666665,2.460455608716205,227594.162,288.0938759493671,3.4710907918631055,238650,0.2,29.1,1.2,5445.6
turboquant,46,1,1,4,1,Meta-Llama-3.1-8B-Instruct-Q4_K_M,turboquant,medium,11058,230698,812,24,30,stop,False,9753.697,406.40404166666667,2.460605450425618,230700.343,284.11372290640395,3.519717350398565,241757,0.2,31.4,1.2,5445.6
turboquant,46,1,2,4,1,Meta-Llama-3.1-8B-Instruct-Q4_K_M,turboquant,medium,8767,215316,665,11,32,stop,False,8713.45,792.1318181818183,1.2624161497455082,215318.683,323.78749323308267,3.0884454183662275,224084,0.2,66.6,0.2,5445.6
turboquant,46,1,2,4,1,Meta-Llama-3.1-8B-Instruct-Q4_K_M,turboquant,medium,8765,228420,702,11,32,stop,False,8713.031,792.0937272727274,1.2624768579384142,228421.031,325.386084045584,3.0732721804412138,237185,0.2,69.4,1.2,5445.6
turboquant,46,1,2,4,1,Meta-Llama-3.1-8B-Instruct-Q4_K_M,turboquant,medium,8766,249236,785,11,32,stop,False,8713.365,792.1240909090909,1.262428464777959,249237.142,317.49954394904455,3.1496108232536226,258003,0.2,69.4,1.2,5445.6
turboquant,46,1,2,4,1,Meta-Llama-3.1-8B-Instruct-Q4_K_M,turboquant,medium,8768,254819,824,11,32,stop,False,8713.307,792.1188181818183,1.2624368681144826,254821.69,309.24962378640777,3.2336336832237476,263588,0.2,69.4,1.2,5445.6
turboquant,46,1,3,4,1,Meta-Llama-3.1-8B-Instruct-Q4_K_M,turboquant,medium,9765,156646,512,12,30,stop,False,9709.492,809.1243333333333,1.235903999920902,156647.591,305.952326171875,3.268483075491407,166412,0.3,96.8,0.2,5445.6
turboquant,46,1,3,4,1,Meta-Llama-3.1-8B-Instruct-Q4_K_M,turboquant,medium,9765,180084,585,12,30,stop,False,9709.642,809.1368333333334,1.2358849069821525,180086.229,307.8397076923077,3.2484438329818106,189850,0.3,96.8,0.2,5445.6
turboquant,46,1,3,4,1,Meta-Llama-3.1-8B-Instruct-Q4_K_M,turboquant,medium,9766,200051,671,12,30,stop,False,9709.893,809.15775,1.2358529594507375,200053.023,298.1416140089419,3.354110774921907,209817,0.3,98.2,0.7,5445.6
turboquant,46,1,3,4,1,Meta-Llama-3.1-8B-Instruct-Q4_K_M,turboquant,medium,9765,200966,678,12,30,stop,False,9709.783,809.1485833333332,1.235866960157606,200968.377,296.4135353982301,3.3736651015497823,210732,0.3,98.2,0.7,5445.6
turboquant,46,1,1,8,1,Meta-Llama-3.1-8B-Instruct-Q4_K_M,turboquant,medium,23594,242108,419,54,0,stop,False,22277.747,412.5508703703704,2.423943498415706,242109.652,577.8273317422435,1.7306208015201312,265702,9.2,54.7,1.4,5639.0
turboquant,46,1,1,8,1,Meta-Llama-3.1-8B-Instruct-Q4_K_M,turboquant,medium,1329,353779,552,24,30,stop,False,1290.296,53.76233333333334,18.600383167893256,353780.345,640.9064221014493,1.5602901851429876,355108,9.2,106.8,1.4,5639.0
turboquant,46,1,1,8,1,Meta-Llama-3.1-8B-Instruct-Q4_K_M,turboquant,medium,23591,332106,552,54,0,stop,False,22277.088,412.53866666666664,2.4240152034233557,332107.939,601.6448170289856,1.6621102213398156,355698,9.2,106.9,1.5,5639.0
turboquant,46,1,1,8,1,Meta-Llama-3.1-8B-Instruct-Q4_K_M,turboquant,medium,23609,342305,572,24,30,stop,False,22280.712,928.3629999999999,1.0771648590045058,342306.443,598.4378374125874,1.671017334605063,365914,9.2,107.1,1.6,5639.0
turboquant,46,1,1,8,1,Meta-Llama-3.1-8B-Instruct-Q4_K_M,turboquant,medium,23578,344231,576,53,1,stop,False,22281.514,420.40592452830185,2.378653443388093,344232.411,597.6257135416668,1.673288108829473,367809,9.2,107.1,1.6,5639.0
turboquant,46,1,1,8,1,Meta-Llama-3.1-8B-Instruct-Q4_K_M,turboquant,medium,23608,360800,622,24,30,stop,False,22278.945,928.289375,1.0772502916991806,360801.432,580.0666109324758,1.7239399426773896,384409,9.2,107.1,1.6,5639.0
turboquant,46,1,1,8,1,Meta-Llama-3.1-8B-Instruct-Q4_K_M,turboquant,medium,23608,399199,764,24,30,stop,False,22279.801,928.3250416666666,1.0772089032572598,399200.83,522.5141753926702,1.9138236761682084,422808,9.2,107.1,1.6,5639.0
turboquant,46,1,1,8,1,Meta-Llama-3.1-8B-Instruct-Q4_K_M,turboquant,medium,23580,406826,818,54,0,stop,False,22276.421,412.5263148148148,2.424087783221551,406827.532,497.34417114914424,2.010680044142145,430407,9.2,107.1,1.6,5639.0
turboquant,46,1,2,8,1,Meta-Llama-3.1-8B-Instruct-Q4_K_M,turboquant,medium,10362,374183,607,11,32,stop,False,10287.721,935.2473636363636,1.069235839502257,374185.274,616.4502042833608,1.622191043253081,384545,9.4,104.5,2.1,5639.0
turboquant,46,1,2,8,1,Meta-Llama-3.1-8B-Instruct-Q4_K_M,turboquant,medium,10360,391853,631,11,32,stop,False,10287.316,935.2105454545455,1.0692779341083718,391854.524,621.0055847860539,1.6102914764357805,402214,9.4,114.0,2.1,5639.0
turboquant,46,1,2,8,1,Meta-Llama-3.1-8B-Instruct-Q4_K_M,turboquant,medium,10360,420744,676,11,32,stop,False,10287.406,935.2187272727274,1.0692685794650274,420745.972,622.4052840236686,1.6066701643907837,431104,9.4,138.1,2.3,5639.0
turboquant,46,1,2,8,1,Meta-Llama-3.1-8B-Instruct-Q4_K_M,turboquant,medium,10349,456063,743,11,32,stop,False,10288.376,935.3069090909091,1.0691677675854772,456065.83,613.8167294751009,1.6291507741327607,466412,9.4,169.3,2.9,5639.0
turboquant,46,1,2,8,1,Meta-Llama-3.1-8B-Instruct-Q4_K_M,turboquant,medium,10359,465857,762,11,32,stop,False,10288.126,935.2841818181819,1.0691937482103155,465859.556,611.3642467191601,1.6356860993530848,476217,9.4,178.9,2.9,5639.0
turboquant,46,1,2,8,1,Meta-Llama-3.1-8B-Instruct-Q4_K_M,turboquant,medium,10347,504496,863,11,32,stop,False,10288.6,935.3272727272728,1.0691444900180782,504499.061,584.5875561993047,1.7106077428358188,514844,9.4,205.7,2.9,5639.0
turboquant,46,1,2,8,1,Meta-Llama-3.1-8B-Instruct-Q4_K_M,turboquant,medium,10342,521268,924,11,32,stop,False,10288.801,935.3455454545455,1.0691236034208458,521271.724,564.1468874458874,1.7725879948170755,531611,9.4,210.4,3.5,5639.0
turboquant,46,1,2,8,1,Meta-Llama-3.1-8B-Instruct-Q4_K_M,turboquant,medium,10337,528082,969,11,32,stop,False,10289.073,935.3702727272728,1.069095340270207,528085.305,544.9796749226007,1.8349308167171967,538419,9.4,210.4,3.5,5639.0
turboquant,46,1,3,8,1,Meta-Llama-3.1-8B-Instruct-Q4_K_M,turboquant,medium,10692,295940,501,12,30,stop,False,10570.937,880.9114166666667,1.135187921373479,295942.913,590.7044171656687,1.6928940616327584,306632,9.5,111.4,0.8,5639.0
turboquant,46,1,3,8,1,Meta-Llama-3.1-8B-Instruct-Q4_K_M,turboquant,medium,10687,344776,571,12,30,stop,False,10571.219,880.9349166666666,1.1351576388683275,344778.652,603.8155026269702,1.6561350207958931,355464,9.5,116.2,1.5,5639.0
turboquant,46,1,3,8,1,Meta-Llama-3.1-8B-Instruct-Q4_K_M,turboquant,medium,10684,366201,602,12,30,stop,False,10571.525,880.9604166666667,1.13512478095639,366203.971,608.3122441860465,1.6438926054136098,376886,9.5,116.2,1.5,5639.0
turboquant,46,1,3,8,1,Meta-Llama-3.1-8B-Instruct-Q4_K_M,turboquant,medium,10688,373342,614,12,30,stop,False,10570.414,880.8678333333334,1.1352440878852994,373343.668,608.0515765472313,1.6445973311645934,384031,9.5,116.2,1.5,5639.0
turboquant,46,1,3,8,1,Meta-Llama-3.1-8B-Instruct-Q4_K_M,turboquant,medium,10686,375968,619,12,30,stop,False,10570.192,880.8493333333332,1.1352679308001217,375969.834,607.3826074313408,1.646408685011681,386655,9.5,116.2,1.5,5639.0
turboquant,46,1,3,8,1,Meta-Llama-3.1-8B-Instruct-Q4_K_M,turboquant,medium,10680,390806,657,12,30,stop,False,10570.632,880.886,1.1352206755471195,390807.8,594.8368340943683,1.6811332834196246,401486,9.5,116.2,1.5,5639.0
turboquant,46,1,3,8,1,Meta-Llama-3.1-8B-Instruct-Q4_K_M,turboquant,medium,10689,398744,687,12,30,stop,False,10571.038,880.9198333333334,1.135177075325999,398745.047,580.4149155749636,1.72290541329282,409434,9.5,116.2,1.5,5639.0
turboquant,46,1,3,8,1,Meta-Llama-3.1-8B-Instruct-Q4_K_M,turboquant,medium,10683,408694,761,12,30,stop,False,10571.649,880.97075,1.1351114665271238,408695.98,537.0512220762155,1.8620197830181742,419377,9.5,116.2,1.5,5639.0
turboquant,46,1,1,1,1,Meta-Llama-3.1-8B-Instruct-Q4_K_M,turboquant,short,675,548,8,12,30,stop,False,641.462,53.45516666666666,18.707265590167463,549.259,68.657375,14.565077677379888,1223,33.3,1.1,0.0,5250.2
turboquant,46,1,2,1,1,Meta-Llama-3.1-8B-Instruct-Q4_K_M,turboquant,short,523,3018,39,9,33,stop,False,489.821,54.42455555555556,18.37405909505717,3018.965,77.40935897435898,12.918334594803186,3541,33.3,4.5,0.1,5250.2
turboquant,46,1,3,1,1,Meta-Llama-3.1-8B-Instruct-Q4_K_M,turboquant,short,525,941,13,9,33,stop,False,490.993,54.55477777777778,18.330200226887147,942.682,72.514,13.790440466668507,1467,33.3,0.9,0.0,5250.2
turboquant,46,1,1,2,1,Meta-Llama-3.1-8B-Instruct-Q4_K_M,turboquant,short,675,1535,8,12,30,stop,False,641.292,53.441,18.712224696394152,1536.464,192.058,5.20676045777838,2210,0.2,2.7,0.0,5266.2
turboquant,46,1,1,2,1,Meta-Llama-3.1-8B-Instruct-Q4_K_M,turboquant,short,1396,894,8,12,30,stop,False,722.074,60.17283333333333,16.618795303528447,895.4,111.925,8.934554389099844,2291,0.2,2.8,0.0,5266.2
turboquant,46,1,2,2,1,Meta-Llama-3.1-8B-Instruct-Q4_K_M,turboquant,short,523,4149,28,9,33,stop,False,490.181,54.464555555555556,18.360564770972356,4150.495,148.23196428571427,6.746183286571843,4673,0.2,3.2,0.0,5266.2
turboquant,46,1,2,2,1,Meta-Llama-3.1-8B-Instruct-Q4_K_M,turboquant,short,1114,6243,60,9,33,stop,False,591.683,65.74255555555555,15.21084770054235,6244.255,104.07091666666666,9.608832438777723,7358,0.2,5.6,0.0,5266.2
turboquant,46,1,3,2,1,Meta-Llama-3.1-8B-Instruct-Q4_K_M,turboquant,short,1096,1629,13,9,33,stop,False,571.98,63.553333333333335,15.734815902653938,1630.421,125.417,7.973400735147548,2725,0.2,1.8,0.0,5266.2
turboquant,46,1,3,2,1,Meta-Llama-3.1-8B-Instruct-Q4_K_M,turboquant,short,523,2443,17,9,33,stop,False,490.014,54.446,18.366822172427728,2443.948,143.7616470588235,6.955958146409008,2967,0.2,1.8,0.0,5266.2
turboquant,46,1,1,4,1,Meta-Llama-3.1-8B-Instruct-Q4_K_M,turboquant,short,685,10056,8,12,30,stop,False,645.048,53.754,18.603266733638428,10057.591,1257.198875,0.7954191018505326,10742,0.1,7.2,0.0,5272.2
turboquant,46,1,1,4,1,Meta-Llama-3.1-8B-Instruct-Q4_K_M,turboquant,short,9225,1712,8,12,30,stop,False,8539.979,711.6649166666666,1.4051556801252088,1714.391,214.298875,4.666380073157173,10938,0.1,7.2,0.0,5272.2
turboquant,46,1,1,4,1,Meta-Llama-3.1-8B-Instruct-Q4_K_M,turboquant,short,9224,1713,8,12,30,stop,False,8540.58,711.715,1.4050567994211165,1714.363,214.295375,4.666456287262382,10938,0.1,7.2,0.0,5272.2
turboquant,46,1,1,4,1,Meta-Llama-3.1-8B-Instruct-Q4_K_M,turboquant,short,9224,1713,8,12,30,stop,False,8541.206,711.7671666666666,1.4049538203387204,1714.265,214.283125,4.666723056236929,10938,0.1,7.2,0.0,5272.2
turboquant,46,1,2,4,1,Meta-Llama-3.1-8B-Instruct-Q4_K_M,turboquant,short,2023,4737,20,9,33,stop,False,1493.657,165.9618888888889,6.025479745349837,4738.785,236.93925,4.220491117448882,6761,0.1,4.7,0.0,5272.2
turboquant,46,1,2,4,1,Meta-Llama-3.1-8B-Instruct-Q4_K_M,turboquant,short,2025,5394,23,9,33,stop,False,1494.266,166.02955555555556,6.023024013127515,5395.465,234.5854347826087,4.26283925481863,7419,0.1,4.8,0.0,5272.2
turboquant,46,1,2,4,1,Meta-Llama-3.1-8B-Instruct-Q4_K_M,turboquant,short,531,8270,34,9,33,stop,False,491.071,54.56344444444445,18.32728872199743,8271.079,243.2670294117647,4.110709134805749,8801,0.1,5.7,0.0,5272.2
turboquant,46,1,2,4,1,Meta-Llama-3.1-8B-Instruct-Q4_K_M,turboquant,short,2022,8141,50,9,33,stop,False,1493.051,165.89455555555554,6.027925368925777,8141.902,162.83804,6.141071214072584,10163,0.1,6.8,0.0,5272.2
turboquant,46,1,3,4,1,Meta-Llama-3.1-8B-Instruct-Q4_K_M,turboquant,short,2023,2999,13,9,33,stop,False,1496.583,166.287,6.013699206793074,3000.204,230.7849230769231,4.333038686702637,5022,0.1,2.8,0.0,5272.2
turboquant,46,1,3,4,1,Meta-Llama-3.1-8B-Instruct-Q4_K_M,turboquant,short,2025,3866,17,9,33,stop,False,1497.197,166.3552222222222,6.011232990715317,3867.787,227.51688235294117,4.395278230161072,5891,0.1,3.2,0.0,5272.2
turboquant,46,1,3,4,1,Meta-Llama-3.1-8B-Instruct-Q4_K_M,turboquant,short,528,5503,19,9,33,stop,False,490.55,54.50555555555556,18.34675364386913,5504.916,289.7324210526316,3.451460476417805,6032,0.1,3.3,0.0,5272.2
turboquant,46,1,3,4,1,Meta-Llama-3.1-8B-Instruct-Q4_K_M,turboquant,short,2024,4242,21,9,33,stop,False,1496.004,166.22266666666667,6.016026695115788,4242.977,202.0465238095238,4.949355134378528,6266,0.1,3.4,0.0,5272.2
turboquant,46,1,1,8,1,Meta-Llama-3.1-8B-Instruct-Q4_K_M,turboquant,short,707,23945,8,12,30,stop,False,663.775,55.31458333333333,18.07841512560732,23946.783,2993.347875,0.33407410089280054,24653,0.3,17.5,0.0,5297.9
turboquant,46,1,1,8,1,Meta-Llama-3.1-8B-Instruct-Q4_K_M,turboquant,short,21736,3336,8,42,0,stop,False,21054.98,501.3090476190476,1.9947774825718192,3337.299,417.162375,2.3971481128900947,25073,0.3,17.7,0.0,5297.9
turboquant,46,1,1,8,1,Meta-Llama-3.1-8B-Instruct-Q4_K_M,turboquant,short,21745,3336,8,42,0,stop,False,21055.651,501.3250238095238,1.994713913143792,3337.258,417.15725,2.3971775631371623,25081,0.3,17.7,0.0,5297.9
turboquant,46,1,1,8,1,Meta-Llama-3.1-8B-Instruct-Q4_K_M,turboquant,short,21765,3335,8,12,30,stop,False,21059.06,1754.9216666666669,0.5698260036297916,3336.048,417.006,2.398047030498362,25100,0.3,17.7,0.0,5297.9
turboquant,46,1,1,8,1,Meta-Llama-3.1-8B-Instruct-Q4_K_M,turboquant,short,21764,3336,8,12,30,stop,False,21057.449,1754.7874166666668,0.569869598164526,3336.586,417.07325,2.3976603630177675,25100,0.3,17.7,0.0,5297.9
turboquant,46,1,1,8,1,Meta-Llama-3.1-8B-Instruct-Q4_K_M,turboquant,short,21765,3335,8,12,30,stop,False,21058.275,1754.85625,0.5698472453228006,3336.292,417.0365,2.3978716491242373,25101,0.3,17.7,0.0,5297.9
turboquant,46,1,1,8,1,Meta-Llama-3.1-8B-Instruct-Q4_K_M,turboquant,short,21731,3335,8,41,1,stop,False,21059.823,513.6542195121951,1.946834975773538,3335.797,416.974625,2.398227470076866,25067,0.3,17.7,0.0,5297.9
turboquant,46,1,1,8,1,Meta-Llama-3.1-8B-Instruct-Q4_K_M,turboquant,short,21753,3336,8,42,0,stop,False,21056.286,501.34014285714284,1.9946537580274128,3337.203,417.150375,2.3972170707026215,25089,0.3,17.7,0.0,5297.9
turboquant,46,1,2,8,1,Meta-Llama-3.1-8B-Instruct-Q4_K_M,turboquant,short,1498,23396,31,9,33,stop,False,1454.404,161.60044444444443,6.18810179289936,23397.993,754.7739677419354,1.3248999604367777,24894,0.3,7.8,0.0,5297.9
turboquant,46,1,2,8,1,Meta-Llama-3.1-8B-Instruct-Q4_K_M,turboquant,short,1499,23396,31,9,33,stop,False,1455.049,161.67211111111112,6.18535870613292,23397.984,754.7736774193548,1.3249004700575913,24896,0.3,7.8,0.0,5297.9
turboquant,46,1,2,8,1,Meta-Llama-3.1-8B-Instruct-Q4_K_M,turboquant,short,1498,24198,33,9,33,stop,False,1453.751,161.5278888888889,6.190881382024845,24199.713,733.3246363636364,1.363652535879248,25697,0.3,7.8,0.0,5297.9
turboquant,46,1,2,8,1,Meta-Llama-3.1-8B-Instruct-Q4_K_M,turboquant,short,10894,15108,33,9,33,stop,False,9405.688,1045.0764444444444,0.956867801696165,15109.669,457.86875757575757,2.184031959932412,26002,0.3,7.8,0.0,5297.9
turboquant,46,1,2,8,1,Meta-Llama-3.1-8B-Instruct-Q4_K_M,turboquant,short,10885,15108,33,9,33,stop,False,9406.95,1045.2166666666667,0.9567394320156904,15109.458,457.8623636363636,2.184062459421112,25993,0.3,7.8,0.0,5297.9
turboquant,46,1,2,8,1,Meta-Llama-3.1-8B-Instruct-Q4_K_M,turboquant,short,10887,15358,34,9,33,stop,False,9406.316,1045.1462222222224,0.9568039177080591,15359.556,451.75164705882355,2.2136056537050943,26245,0.3,7.8,0.0,5297.9
turboquant,46,1,2,8,1,Meta-Llama-3.1-8B-Instruct-Q4_K_M,turboquant,short,10873,15357,34,9,33,stop,False,9407.586,1045.2873333333332,0.9566747516312899,15358.803,451.7295,2.2137141807209844,26230,0.3,7.8,0.0,5297.9
turboquant,46,1,2,8,1,Meta-Llama-3.1-8B-Instruct-Q4_K_M,turboquant,short,10903,17372,58,9,33,stop,False,9405.076,1045.0084444444444,0.9569300662748499,17373.067,299.53563793103444,3.3385009106336843,28275,0.3,7.8,0.0,5297.9
turboquant,46,1,3,8,1,Meta-Llama-3.1-8B-Instruct-Q4_K_M,turboquant,short,10714,5287,12,9,33,stop,False,10163.626,1129.2917777777777,0.8855107419340302,5288.318,440.6931666666667,2.269152498015437,16001,0.3,1.7,0.7,5297.9
turboquant,46,1,3,8,1,Meta-Llama-3.1-8B-Instruct-Q4_K_M,turboquant,short,10702,5287,12,9,33,stop,False,10166.035,1129.5594444444444,0.885300906400578,5288.012,440.66766666666666,2.2692838064664,15990,0.3,1.7,0.7,5297.9
turboquant,46,1,3,8,1,Meta-Llama-3.1-8B-Instruct-Q4_K_M,turboquant,short,10714,5287,12,9,33,stop,False,10164.22,1129.3577777777778,0.8854589924263742,5288.315,440.69291666666663,2.269153785279432,16001,0.3,1.7,0.7,5297.9
turboquant,46,1,3,8,1,Meta-Llama-3.1-8B-Instruct-Q4_K_M,turboquant,short,10717,5287,12,9,33,stop,False,10164.83,1129.4255555555555,0.8854058552872994,5288.267,440.68891666666667,2.269174381701983,16005,0.3,1.7,0.7,5297.9
turboquant,46,1,3,8,1,Meta-Llama-3.1-8B-Instruct-Q4_K_M,turboquant,short,10687,6191,15,9,33,stop,False,10167.616,1129.735111111111,0.8851632477072305,6193.245,412.883,2.4219936398447017,16878,0.3,1.7,0.7,5297.9
turboquant,46,1,3,8,1,Meta-Llama-3.1-8B-Instruct-Q4_K_M,turboquant,short,548,16850,18,9,33,stop,False,506.812,56.312444444444445,17.75806413423518,16851.412,936.1895555555556,1.0681597482751,17399,0.3,1.7,0.7,5297.9
turboquant,46,1,3,8,1,Meta-Llama-3.1-8B-Instruct-Q4_K_M,turboquant,short,10703,7006,19,9,33,stop,False,10165.419,1129.491,0.8853545535112719,7008.349,368.86047368421055,2.7110522035931712,17710,0.3,1.7,0.7,5297.9
turboquant,46,1,3,8,1,Meta-Llama-3.1-8B-Instruct-Q4_K_M,turboquant,short,10695,7483,25,9,33,stop,False,10166.83,1129.6477777777777,0.8852316798844871,7485.131,299.40524,3.339954905264851,18179,0.3,1.7,0.7,5297.9
vanilla,46,1,1,1,1,Qwen3-8B-DeepSeek-v3.2-Speciale-Distill.q4_k_m,vanilla,long,12503,82823,1024,148,3,length,True,12255.554,82.8077972972973,12.07615747113513,83001.731,81.0563779296875,12.337092102332178,95326,33.3,1.5,0.6,6636.8
vanilla,46,1,2,1,1,Qwen3-8B-DeepSeek-v3.2-Speciale-Distill.q4_k_m,vanilla,long,1423,81869,1024,23,3,length,True,1183.598,51.46078260869565,19.432273457711148,82025.807,80.1033271484375,12.483875958696755,83293,33.3,0.3,0.2,6636.8
vanilla,46,1,3,1,1,Qwen3-8B-DeepSeek-v3.2-Speciale-Distill.q4_k_m,vanilla,long,1390,80966,1024,23,3,length,True,1161.918,50.518173913043476,19.794856435652086,81114.281,79.2131650390625,12.624164171534726,82356,33.3,60.2,0.0,6636.8
vanilla,46,1,1,2,1,Qwen3-8B-DeepSeek-v3.2-Speciale-Distill.q4_k_m,vanilla,long,18339,144441,952,148,3,stop,False,17952.562,121.3010945945946,8.243948691000202,144739.234,152.03701050420167,6.577345849432919,162780,0.4,28.9,1.3,7088.9
vanilla,46,1,1,2,1,Qwen3-8B-DeepSeek-v3.2-Speciale-Distill.q4_k_m,vanilla,long,18338,150654,1024,148,3,length,True,17952.465,121.30043918918919,8.243993234355282,150952.354,147.414408203125,6.783597425714872,168992,0.4,33.9,1.3,7088.9
vanilla,46,1,2,2,1,Qwen3-8B-DeepSeek-v3.2-Speciale-Distill.q4_k_m,vanilla,long,9022,150453,1024,23,3,length,True,8652.152,376.1805217391304,2.658298189860742,150711.633,147.1793291015625,6.794432384658721,159475,0.4,48.9,0.7,7088.9
vanilla,46,1,2,2,1,Qwen3-8B-DeepSeek-v3.2-Speciale-Distill.q4_k_m,vanilla,long,9022,150453,1024,23,3,length,True,8652.383,376.1905652173913,2.6582272190216267,150711.399,147.1791005859375,6.794442933941579,159475,0.4,48.9,0.7,7088.9
vanilla,46,1,3,2,1,Qwen3-8B-DeepSeek-v3.2-Speciale-Distill.q4_k_m,vanilla,long,9507,150701,1024,23,3,length,True,9140.025,397.3923913043478,2.516404495611336,150960.166,147.422037109375,6.783246383022658,160208,0.5,61.9,0.9,7088.9
vanilla,46,1,3,2,1,Qwen3-8B-DeepSeek-v3.2-Speciale-Distill.q4_k_m,vanilla,long,9506,150702,1024,23,3,length,True,9140.195,397.39978260869566,2.5163576925875217,150960.053,147.4219267578125,6.783251460570168,160209,0.5,61.9,0.9,7088.9
vanilla,46,1,1,4,1,Qwen3-8B-DeepSeek-v3.2-Speciale-Distill.q4_k_m,vanilla,long,46702,271079,977,148,3,stop,False,34769.057,234.9260608108108,4.256658442016417,282885.307,289.54483828045034,3.4536965187803133,317781,0.5,84.2,0.8,7952.4
vanilla,46,1,1,4,1,Qwen3-8B-DeepSeek-v3.2-Speciale-Distill.q4_k_m,vanilla,long,46701,283485,1024,148,3,length,True,34769.507,234.92910135135133,4.2566033507463885,295290.3,288.36943359375,3.4677739160412653,330186,0.5,93.5,0.8,7952.4
vanilla,46,1,1,4,1,Qwen3-8B-DeepSeek-v3.2-Speciale-Distill.q4_k_m,vanilla,long,46701,283485,1024,148,3,length,True,34769.857,234.93146621621625,4.256560502966693,295290.269,288.3694033203125,3.467774280093192,330186,0.5,93.5,0.8,7952.4
vanilla,46,1,1,4,1,Qwen3-8B-DeepSeek-v3.2-Speciale-Distill.q4_k_m,vanilla,long,46946,283331,1024,148,3,length,True,46306.844,312.88408108108104,3.1960718376747943,283844.639,277.1920302734375,3.6076073291629083,330277,0.5,93.5,0.8,7952.4
vanilla,46,1,2,4,1,Qwen3-8B-DeepSeek-v3.2-Speciale-Distill.q4_k_m,vanilla,long,11026,277382,1024,23,3,length,True,10386.4,451.58260869565214,2.2144342601863976,277859.067,271.3467451171875,3.685321523087098,288409,0.6,94.8,1.6,7952.4
vanilla,46,1,2,4,1,Qwen3-8B-DeepSeek-v3.2-Speciale-Distill.q4_k_m,vanilla,long,11024,277383,1024,23,3,length,True,10386.804,451.6001739130435,2.214348128644769,277858.649,271.3463369140625,3.6853270671448493,288408,0.6,94.8,1.6,7952.4
vanilla,46,1,2,4,1,Qwen3-8B-DeepSeek-v3.2-Speciale-Distill.q4_k_m,vanilla,long,11024,277382,1024,23,3,length,True,10386.389,451.5821304347826,2.214436605445839,277859.13,271.346806640625,3.685320687500893,288407,0.6,94.8,1.6,7952.4
vanilla,46,1,2,4,1,Qwen3-8B-DeepSeek-v3.2-Speciale-Distill.q4_k_m,vanilla,long,11025,277383,1024,23,3,length,True,10386.519,451.58778260869565,2.2144088890609064,277858.927,271.3466083984375,3.6853233799466873,288408,0.6,94.8,1.6,7952.4
vanilla,46,1,3,4,1,Qwen3-8B-DeepSeek-v3.2-Speciale-Distill.q4_k_m,vanilla,long,11152,277337,1024,23,3,length,True,10480.459,455.6721304347826,2.194560371831043,277826.168,271.3146171875,3.685757923278127,288490,0.6,100.1,1.3,7952.4
vanilla,46,1,3,4,1,Qwen3-8B-DeepSeek-v3.2-Speciale-Distill.q4_k_m,vanilla,long,11153,277336,1024,23,3,length,True,10480.208,455.6612173913044,2.1946129313464007,277826.406,271.314849609375,3.685754765873478,288489,0.6,100.1,1.3,7952.4
vanilla,46,1,3,4,1,Qwen3-8B-DeepSeek-v3.2-Speciale-Distill.q4_k_m,vanilla,long,11152,277337,1024,23,3,length,True,10480.25,455.6630434782609,2.194604136351709,277826.325,271.3147705078125,3.685755840451764,288490,0.6,100.1,1.3,7952.4
vanilla,46,1,3,4,1,Qwen3-8B-DeepSeek-v3.2-Speciale-Distill.q4_k_m,vanilla,long,11152,277337,1024,23,3,length,True,10480.682,455.68182608695656,2.1945136776404435,277826.008,271.3144609375,3.6857600459061417,288490,0.6,100.1,1.3,7952.4
vanilla,46,1,1,8,1,Qwen3-8B-DeepSeek-v3.2-Speciale-Distill.q4_k_m,vanilla,long,89384,469685,873,151,0,length,True,12140.503,80.4006821192053,12.437705422913696,546866.207,626.4217720504009,1.5963685245594266,559069,0.3,174.0,2.9,8725.9
vanilla,46,1,1,8,1,Qwen3-8B-DeepSeek-v3.2-Speciale-Distill.q4_k_m,vanilla,long,91131,468490,873,151,0,length,True,39130.067,259.1395165562914,3.858925158497684,508284.034,582.226843069874,1.7175436205025476,559622,0.3,174.2,2.9,8725.9
vanilla,46,1,1,8,1,Qwen3-8B-DeepSeek-v3.2-Speciale-Distill.q4_k_m,vanilla,long,91146,468491,873,151,0,length,True,39130.776,259.1442119205298,3.858855239671199,508283.965,582.2267640320733,1.7175438536606205,559637,0.3,174.2,2.9,8725.9
vanilla,46,1,1,8,1,Qwen3-8B-DeepSeek-v3.2-Speciale-Distill.q4_k_m,vanilla,long,91113,468491,873,148,3,length,True,39132.1,264.4060810810811,3.7820612745035405,508283.204,582.225892325315,1.7175464251618275,559604,0.3,174.2,2.9,8725.9
vanilla,46,1,1,8,1,Qwen3-8B-DeepSeek-v3.2-Speciale-Distill.q4_k_m,vanilla,long,91606,468328,873,148,3,length,True,77161.996,521.3648378378379,1.9180426592386233,470566.236,539.0220343642611,1.8552117283654836,559934,0.3,175.2,2.9,8725.9
vanilla,46,1,1,8,1,Qwen3-8B-DeepSeek-v3.2-Speciale-Distill.q4_k_m,vanilla,long,91598,468328,873,148,3,length,True,38031.087,256.966804054054,3.891553244323519,470565.984,539.0217457044673,1.8552127218783414,559926,0.3,175.2,2.9,8725.9
vanilla,46,1,1,8,1,Qwen3-8B-DeepSeek-v3.2-Speciale-Distill.q4_k_m,vanilla,long,91623,468329,873,148,3,length,True,38031.777,256.97146621621624,3.891482640950487,470565.641,539.0213528064147,1.855214074161441,559953,0.3,175.2,2.9,8725.9
vanilla,46,1,1,8,1,Qwen3-8B-DeepSeek-v3.2-Speciale-Distill.q4_k_m,vanilla,long,92094,467944,873,151,0,length,True,39795.076,263.54354966887416,3.79443929193652,468888.693,537.1004501718213,1.8618491190616104,560038,0.3,175.2,2.9,8725.9
vanilla,46,1,2,8,1,Qwen3-8B-DeepSeek-v3.2-Speciale-Distill.q4_k_m,vanilla,long,12492,526743,998,23,3,length,True,11297.52,491.19652173913045,2.0358450350165342,527673.379,528.7308406813627,1.8913214873399935,539236,0.5,156.7,2.3,8725.9
vanilla,46,1,2,8,1,Qwen3-8B-DeepSeek-v3.2-Speciale-Distill.q4_k_m,vanilla,long,12496,526744,998,23,3,length,True,11297.644,491.20191304347827,2.0358226901113188,527673.311,528.7307725450902,1.8913217310700787,539240,0.5,156.7,2.3,8725.9
vanilla,46,1,2,8,1,Qwen3-8B-DeepSeek-v3.2-Speciale-Distill.q4_k_m,vanilla,long,12498,526745,998,23,3,length,True,11297.837,491.2103043478261,2.035787912323394,527673.192,528.7306533066132,1.8913221575978791,539244,0.5,156.7,2.3,8725.9
vanilla,46,1,2,8,1,Qwen3-8B-DeepSeek-v3.2-Speciale-Distill.q4_k_m,vanilla,long,12484,526744,998,23,3,length,True,11298.389,491.234304347826,2.0356884508048005,527672.771,528.7302314629258,1.8913236665759283,539229,0.5,156.7,2.3,8725.9
vanilla,46,1,2,8,1,Qwen3-8B-DeepSeek-v3.2-Speciale-Distill.q4_k_m,vanilla,long,12500,526744,998,23,3,length,True,11298.073,491.2205652173913,2.0357453877311644,527673.057,528.7305180360722,1.8913226414741884,539244,0.5,156.7,2.3,8725.9
vanilla,46,1,2,8,1,Qwen3-8B-DeepSeek-v3.2-Speciale-Distill.q4_k_m,vanilla,long,12491,526745,998,23,3,length,True,11298.191,491.22569565217395,2.0357241261012495,527672.907,528.730367735471,1.8913231791148224,539236,0.5,156.7,2.3,8725.9
vanilla,46,1,2,8,1,Qwen3-8B-DeepSeek-v3.2-Speciale-Distill.q4_k_m,vanilla,long,12490,526745,998,23,3,length,True,11298.618,491.2442608695652,2.0356471915414787,527672.599,528.7300591182366,1.8913242830712154,539235,0.5,156.7,2.3,8725.9
vanilla,46,1,2,8,1,Qwen3-8B-DeepSeek-v3.2-Speciale-Distill.q4_k_m,vanilla,long,12500,526745,998,23,3,length,True,11299.043,491.2627391304348,2.0355706231049835,527672.244,528.7297034068135,1.8913255554900859,539246,0.5,156.7,2.3,8725.9
vanilla,46,1,3,8,1,Qwen3-8B-DeepSeek-v3.2-Speciale-Distill.q4_k_m,vanilla,long,12007,527210,998,23,3,length,True,10834.44,471.0626086956522,2.1228600647564617,528137.844,529.1962364729459,1.889658185524762,539218,0.6,167.5,2.2,8725.9
vanilla,46,1,3,8,1,Qwen3-8B-DeepSeek-v3.2-Speciale-Distill.q4_k_m,vanilla,long,12007,527211,998,23,3,length,True,10834.517,471.0659565217391,2.122844977768737,528137.748,529.1961402805612,1.8896585290093675,539218,0.6,167.5,2.2,8725.9
vanilla,46,1,3,8,1,Qwen3-8B-DeepSeek-v3.2-Speciale-Distill.q4_k_m,vanilla,long,12006,527212,998,23,3,length,True,10834.831,471.07960869565215,2.1227834564286234,528137.449,529.1958406813627,1.8896595988215938,539218,0.6,167.5,2.2,8725.9
vanilla,46,1,3,8,1,Qwen3-8B-DeepSeek-v3.2-Speciale-Distill.q4_k_m,vanilla,long,12006,527211,998,23,3,length,True,10834.67,471.07260869565215,2.1228150003645703,528137.605,529.1959969939879,1.889659040658542,539218,0.6,167.5,2.2,8725.9
vanilla,46,1,3,8,1,Qwen3-8B-DeepSeek-v3.2-Speciale-Distill.q4_k_m,vanilla,long,11995,527212,998,23,3,length,True,10834.9,471.08260869565214,2.1227699378859057,528137.289,529.1956803607214,1.8896601712968615,539207,0.6,167.5,2.2,8725.9
vanilla,46,1,3,8,1,Qwen3-8B-DeepSeek-v3.2-Speciale-Distill.q4_k_m,vanilla,long,11988,527212,998,23,3,length,True,10835.071,471.09004347826084,2.1227364361525645,528137.121,529.1955120240482,1.8896607723962655,539200,0.6,167.5,2.2,8725.9
vanilla,46,1,3,8,1,Qwen3-8B-DeepSeek-v3.2-Speciale-Distill.q4_k_m,vanilla,long,11982,527212,998,23,3,length,True,10835.257,471.0981304347826,2.122699996871325,528136.937,529.1953276553106,1.8896614307436708,539195,0.6,167.5,2.2,8725.9
vanilla,46,1,3,8,1,Qwen3-8B-DeepSeek-v3.2-Speciale-Distill.q4_k_m,vanilla,long,11974,527213,998,23,3,length,True,10835.439,471.10604347826086,2.1226643424415013,528136.748,529.1951382765532,1.889662106981429,539187,0.6,167.5,2.2,8725.9
vanilla,46,1,1,1,1,Qwen3-8B-DeepSeek-v3.2-Speciale-Distill.q4_k_m,vanilla,medium,1413,57070,732,24,3,stop,False,1210.241,50.42670833333333,19.83076098066418,57217.785,78.16637295081968,12.793225043576923,58484,0.3,12.1,0.0,6214.9
vanilla,46,1,2,1,1,Qwen3-8B-DeepSeek-v3.2-Speciale-Distill.q4_k_m,vanilla,medium,786,37519,490,11,5,stop,False,566.812,51.528363636363636,19.406787435692962,37667.355,76.8721530612245,13.008611833774895,38306,0.4,3.0,1.1,6214.9
vanilla,46,1,3,1,1,Qwen3-8B-DeepSeek-v3.2-Speciale-Distill.q4_k_m,vanilla,medium,839,81225,1024,12,3,length,True,618.578,51.54816666666667,19.399332016334238,81372.474,79.465306640625,12.584107987180039,82065,0.4,0.0,0.0,6214.9
vanilla,46,1,1,2,1,Qwen3-8B-DeepSeek-v3.2-Speciale-Distill.q4_k_m,vanilla,medium,9164,150328,1024,24,3,length,True,8839.282,368.30341666666664,2.715152656064147,150587.7,147.05830078125,6.800024171960923,159493,0.4,1.8,0.8,6892.8
vanilla,46,1,1,2,1,Qwen3-8B-DeepSeek-v3.2-Speciale-Distill.q4_k_m,vanilla,medium,9164,150329,1024,24,3,length,True,8839.937,368.33070833333335,2.7149514753329127,150587.603,147.0582060546875,6.800028552151136,159493,0.4,1.8,0.8,6892.8
vanilla,46,1,2,2,1,Qwen3-8B-DeepSeek-v3.2-Speciale-Distill.q4_k_m,vanilla,medium,1475,149929,1024,11,5,length,True,1115.132,101.37563636363637,9.86430306008616,150188.307,146.6682685546875,6.818107351060292,151404,0.4,80.6,1.1,6892.8
vanilla,46,1,2,2,1,Qwen3-8B-DeepSeek-v3.2-Speciale-Distill.q4_k_m,vanilla,medium,1474,149930,1024,11,5,length,True,1115.331,101.39372727272726,9.862543047758917,150188.2,146.6681640625,6.818112208549007,151405,0.4,80.6,1.1,6892.8
vanilla,46,1,3,2,1,Qwen3-8B-DeepSeek-v3.2-Speciale-Distill.q4_k_m,vanilla,medium,1569,149797,1024,12,3,length,True,1212.824,101.06866666666667,9.894263306135102,150053.415,146.5365380859375,6.8242365560290645,151366,0.5,0.4,0.2,6892.8
vanilla,46,1,3,2,1,Qwen3-8B-DeepSeek-v3.2-Speciale-Distill.q4_k_m,vanilla,medium,1569,149797,1024,12,3,length,True,1213.117,101.09308333333333,9.891873578558375,150053.184,146.5363125,6.824247061628495,151367,0.5,0.4,0.2,6892.8
vanilla,46,1,1,4,1,Qwen3-8B-DeepSeek-v3.2-Speciale-Distill.q4_k_m,vanilla,medium,11089,232275,877,24,3,stop,False,10483.114,436.79641666666663,2.2893960706713674,232753.76,265.39767388825544,3.7679305374057113,243365,0.4,84.3,1.5,7747.6
vanilla,46,1,1,4,1,Qwen3-8B-DeepSeek-v3.2-Speciale-Distill.q4_k_m,vanilla,medium,11087,255820,970,24,3,stop,False,10483.708,436.82116666666667,2.28926635499577,256298.362,264.2251154639175,3.7846515772894405,266908,0.4,85.8,2.1,7747.6
vanilla,46,1,1,4,1,Qwen3-8B-DeepSeek-v3.2-Speciale-Distill.q4_k_m,vanilla,medium,11088,262964,1011,24,3,stop,False,10484.177,436.84070833333334,2.2891639467742673,263441.546,260.57521859545,3.837663479244842,274053,0.4,85.8,2.1,7747.6
vanilla,46,1,1,4,1,Qwen3-8B-DeepSeek-v3.2-Speciale-Distill.q4_k_m,vanilla,medium,11087,264094,1024,24,3,length,True,10482.427,436.76779166666665,2.2895461137005775,264572.247,258.3713349609375,3.870398394431749,275181,0.4,85.8,2.1,7747.6
vanilla,46,1,2,4,1,Qwen3-8B-DeepSeek-v3.2-Speciale-Distill.q4_k_m,vanilla,medium,9544,200729,773,11,5,stop,False,8905.778,809.6161818181819,1.2351531780828133,201207.642,260.2944915912031,3.841802390388333,210274,0.5,96.7,0.2,7747.6
vanilla,46,1,2,4,1,Qwen3-8B-DeepSeek-v3.2-Speciale-Distill.q4_k_m,vanilla,medium,9545,264075,1024,11,5,length,True,8905.607,809.6006363636363,1.2351768947360915,264553.81,258.353330078125,3.870668126079908,273621,0.5,102.8,1.4,7747.6
vanilla,46,1,2,4,1,Qwen3-8B-DeepSeek-v3.2-Speciale-Distill.q4_k_m,vanilla,medium,9544,264075,1024,11,5,length,True,8906.09,809.6445454545454,1.2351099079393988,264552.819,258.3523623046875,3.870682625385292,273620,0.5,102.8,1.4,7747.6
vanilla,46,1,2,4,1,Qwen3-8B-DeepSeek-v3.2-Speciale-Distill.q4_k_m,vanilla,medium,9546,264076,1024,11,5,length,True,8906.382,809.6710909090908,1.2350694142694532,264552.657,258.3522041015625,3.8706849956150693,273623,0.5,102.8,1.4,7747.6
vanilla,46,1,3,4,1,Qwen3-8B-DeepSeek-v3.2-Speciale-Distill.q4_k_m,vanilla,medium,9751,275628,1024,12,3,length,True,9066.84,755.57,1.3235041094802598,276117.082,269.645587890625,3.70857171379205,285379,0.6,101.3,0.8,7747.6
vanilla,46,1,3,4,1,Qwen3-8B-DeepSeek-v3.2-Speciale-Distill.q4_k_m,vanilla,medium,9749,275628,1024,12,3,length,True,9066.723,755.56025,1.3235211884161455,276117.2,269.645703125,3.708570128916272,285378,0.6,101.3,0.8,7747.6
vanilla,46,1,3,4,1,Qwen3-8B-DeepSeek-v3.2-Speciale-Distill.q4_k_m,vanilla,medium,9750,275630,1024,12,3,length,True,9067.458,755.6215000000001,1.3234139049775582,276116.759,269.6452724609375,3.708576052060643,285380,0.6,101.3,0.8,7747.6
vanilla,46,1,3,4,1,Qwen3-8B-DeepSeek-v3.2-Speciale-Distill.q4_k_m,vanilla,medium,9750,275628,1024,12,3,length,True,9067.212,755.601,1.323449810151125,276116.921,269.6454306640625,3.708573876209492,285379,0.6,101.3,0.8,7747.6
vanilla,46,1,1,8,1,Qwen3-8B-DeepSeek-v3.2-Speciale-Distill.q4_k_m,vanilla,medium,23482,458373,885,24,3,stop,False,21167.608,881.9836666666666,1.1338078445141275,459313.829,518.9986768361582,1.9267871858480448,481855,0.5,181.1,2.8,8933.9
vanilla,46,1,1,8,1,Qwen3-8B-DeepSeek-v3.2-Speciale-Distill.q4_k_m,vanilla,medium,23013,520924,997,24,3,length,True,1242.001,51.75004166666667,19.3236559390854,542630.802,544.263592778335,1.8373450167688785,543938,0.5,182.9,3.5,8933.9
vanilla,46,1,1,8,1,Qwen3-8B-DeepSeek-v3.2-Speciale-Distill.q4_k_m,vanilla,medium,23467,520967,997,27,0,length,True,21165.491,783.9070740740741,1.275661405634294,521907.019,523.4774513540622,1.9103019574450293,544434,0.5,182.9,3.5,8933.9
vanilla,46,1,1,8,1,Qwen3-8B-DeepSeek-v3.2-Speciale-Distill.q4_k_m,vanilla,medium,23463,520965,997,27,0,length,True,21164.46,783.8688888888888,1.2757235478722349,521907.394,523.4778274824473,1.9103005848581638,544429,0.5,182.9,3.5,8933.9
vanilla,46,1,1,8,1,Qwen3-8B-DeepSeek-v3.2-Speciale-Distill.q4_k_m,vanilla,medium,23453,520965,997,27,0,length,True,21163.622,783.8378518518518,1.2757740617366915,521907.513,523.4779468405216,1.9103001492910106,544418,0.5,182.9,3.5,8933.9
vanilla,46,1,1,8,1,Qwen3-8B-DeepSeek-v3.2-Speciale-Distill.q4_k_m,vanilla,medium,23480,520965,997,24,3,length,True,21167.146,881.9644166666667,1.1338325913186407,521906.032,523.4764613841525,1.910305570103087,544445,0.5,182.9,3.5,8933.9
vanilla,46,1,1,8,1,Qwen3-8B-DeepSeek-v3.2-Speciale-Distill.q4_k_m,vanilla,medium,23482,520965,997,24,3,length,True,21168.085,882.0035416666666,1.1337822953753256,521904.597,523.4750220661986,1.9103108225735745,544448,0.5,182.9,3.5,8933.9
vanilla,46,1,1,8,1,Qwen3-8B-DeepSeek-v3.2-Speciale-Distill.q4_k_m,vanilla,medium,23449,520964,997,27,0,length,True,21168.816,784.0302222222222,1.275461036649381,521904.245,523.474669007021,1.9103121109888654,544414,0.5,182.9,3.5,8933.9
vanilla,46,1,2,8,1,Qwen3-8B-DeepSeek-v3.2-Speciale-Distill.q4_k_m,vanilla,medium,11731,440723,859,11,5,stop,False,10517.87,956.1700000000001,1.0458391290251732,441643.565,514.1368626309662,1.9450073952736069,452455,0.7,170.0,2.9,8933.9
vanilla,46,1,2,8,1,Qwen3-8B-DeepSeek-v3.2-Speciale-Distill.q4_k_m,vanilla,medium,11741,518310,1008,11,5,length,True,10516.269,956.0244545454545,1.0459983478931547,519232.082,515.1111924603175,1.9413284250798664,530052,0.7,215.9,2.9,8933.9
vanilla,46,1,2,8,1,Qwen3-8B-DeepSeek-v3.2-Speciale-Distill.q4_k_m,vanilla,medium,11739,518310,1008,11,5,length,True,10516.191,956.0173636363637,1.0460061062032822,519232.181,515.1112906746032,1.9413280549342529,530049,0.7,215.9,2.9,8933.9
vanilla,46,1,2,8,1,Qwen3-8B-DeepSeek-v3.2-Speciale-Distill.q4_k_m,vanilla,medium,11736,518311,1008,11,5,length,True,10516.707,956.0642727272727,1.0459547841353762,519231.826,515.1109384920635,1.9413293822247328,530048,0.7,215.9,2.9,8933.9
vanilla,46,1,2,8,1,Qwen3-8B-DeepSeek-v3.2-Speciale-Distill.q4_k_m,vanilla,medium,11724,518311,1008,11,5,length,True,10516.871,956.0791818181817,1.045938473525063,519231.682,515.1107956349206,1.9413299206191352,530035,0.7,215.9,2.9,8933.9
vanilla,46,1,2,8,1,Qwen3-8B-DeepSeek-v3.2-Speciale-Distill.q4_k_m,vanilla,medium,11739,518312,1008,11,5,length,True,10517.068,956.0970909090909,1.0459188815742182,519231.521,515.1106359126984,1.9413305225743411,530052,0.7,215.9,2.9,8933.9
vanilla,46,1,2,8,1,Qwen3-8B-DeepSeek-v3.2-Speciale-Distill.q4_k_m,vanilla,medium,11741,518311,1008,11,5,length,True,10516.449,956.0408181818183,1.0459804445397871,519231.951,515.1110625,1.9413289148687232,530052,0.7,215.9,2.9,8933.9
vanilla,46,1,2,8,1,Qwen3-8B-DeepSeek-v3.2-Speciale-Distill.q4_k_m,vanilla,medium,11734,518313,1008,11,5,length,True,10517.376,956.1250909090909,1.0458882519746369,519231.347,515.1104632936508,1.9413311731350458,530047,0.7,215.9,2.9,8933.9
vanilla,46,1,3,8,1,Qwen3-8B-DeepSeek-v3.2-Speciale-Distill.q4_k_m,vanilla,medium,11815,530491,1009,12,3,length,True,10621.406,885.1171666666668,1.1297939274706192,531412.884,526.6728285431119,1.8987119627306592,542307,0.8,173.6,3.4,8933.9
vanilla,46,1,3,8,1,Qwen3-8B-DeepSeek-v3.2-Speciale-Distill.q4_k_m,vanilla,medium,11814,530491,1009,12,3,length,True,10621.432,885.1193333333334,1.129791161869699,531412.809,526.6727542120911,1.898712230701989,542306,0.8,173.6,3.4,8933.9
vanilla,46,1,3,8,1,Qwen3-8B-DeepSeek-v3.2-Speciale-Distill.q4_k_m,vanilla,medium,11814,530492,1009,12,3,length,True,10621.546,885.1288333333333,1.1297790359331872,531412.67,526.6726164519326,1.8987127273423872,542306,0.8,173.6,3.4,8933.9
vanilla,46,1,3,8,1,Qwen3-8B-DeepSeek-v3.2-Speciale-Distill.q4_k_m,vanilla,medium,11796,530494,1009,12,3,length,True,10622.155,885.1795833333334,1.1297142623130618,531412.058,526.6720099108028,1.898714913992411,542290,0.8,173.7,3.4,8933.9
vanilla,46,1,3,8,1,Qwen3-8B-DeepSeek-v3.2-Speciale-Distill.q4_k_m,vanilla,medium,11816,530492,1009,12,3,length,True,10621.738,885.1448333333333,1.129758613891625,531412.534,526.6724816650149,1.8987132132641793,542308,0.8,173.6,3.4,8933.9
vanilla,46,1,3,8,1,Qwen3-8B-DeepSeek-v3.2-Speciale-Distill.q4_k_m,vanilla,medium,11787,530495,1009,12,3,length,True,10622.333,885.1944166666667,1.1296953315246283,531411.894,526.6718473736372,1.8987154999583056,542282,0.8,173.7,3.4,8933.9
vanilla,46,1,3,8,1,Qwen3-8B-DeepSeek-v3.2-Speciale-Distill.q4_k_m,vanilla,medium,11798,530492,1009,12,3,length,True,10621.962,885.1635,1.1297347891095826,531412.228,526.6721783944499,1.8987143065891212,542291,0.8,173.7,3.4,8933.9
vanilla,46,1,3,8,1,Qwen3-8B-DeepSeek-v3.2-Speciale-Distill.q4_k_m,vanilla,medium,11805,530494,1009,12,3,length,True,10621.807,885.1505833333334,1.129751274900777,531412.386,526.6723349851338,1.8987137420617064,542300,0.8,173.6,3.4,8933.9
vanilla,46,1,1,1,1,Qwen3-8B-DeepSeek-v3.2-Speciale-Distill.q4_k_m,vanilla,short,823,6519,91,12,3,stop,False,618.253,51.52108333333334,19.409529755617847,6669.293,73.28893406593406,13.644624700099396,7343,0.3,5.2,0.0,6124.7
vanilla,46,1,2,1,1,Qwen3-8B-DeepSeek-v3.2-Speciale-Distill.q4_k_m,vanilla,short,672,37828,488,9,6,stop,False,467.874,51.986000000000004,19.235948139883813,37976.917,77.8215512295082,12.849910907723235,38501,0.3,11.0,0.0,6124.7
vanilla,46,1,3,1,1,Qwen3-8B-DeepSeek-v3.2-Speciale-Distill.q4_k_m,vanilla,short,686,10106,138,9,6,stop,False,473.937,52.659666666666666,18.989865741649204,10254.808,74.31020289855073,13.457102268516387,10792,0.4,0.0,0.0,6124.7
vanilla,46,1,1,2,1,Qwen3-8B-DeepSeek-v3.2-Speciale-Distill.q4_k_m,vanilla,short,1549,28525,221,12,3,stop,False,1213.636,101.13633333333333,9.88764341202799,28782.142,130.2359366515837,7.678372235117178,30074,0.5,1.5,0.5,6370.3
vanilla,46,1,1,2,1,Qwen3-8B-DeepSeek-v3.2-Speciale-Distill.q4_k_m,vanilla,short,1549,34873,302,12,3,stop,False,1213.914,101.1595,9.885379030145463,35130.203,116.32517549668874,8.596591371817578,36423,0.5,1.6,0.6,6370.3
vanilla,46,1,2,2,1,Qwen3-8B-DeepSeek-v3.2-Speciale-Distill.q4_k_m,vanilla,short,1239,42706,325,9,6,stop,False,916.641,101.84899999999999,9.818456734970397,42962.267,132.19159076923077,7.564777715291421,43945,0.5,0.0,0.0,6370.3
vanilla,46,1,2,2,1,Qwen3-8B-DeepSeek-v3.2-Speciale-Distill.q4_k_m,vanilla,short,1239,52032,443,9,6,stop,False,917.281,101.92011111111111,9.811606258060507,52287.906,118.03139051918737,8.47232245253807,53271,0.5,0.0,0.0,6370.3
vanilla,46,1,3,2,1,Qwen3-8B-DeepSeek-v3.2-Speciale-Distill.q4_k_m,vanilla,short,1245,15836,125,9,6,stop,False,916.651,101.8501111111111,9.818349622702643,16093.08,128.74464,7.767313652824693,17081,0.5,1.3,0.5,6370.3
vanilla,46,1,3,2,1,Qwen3-8B-DeepSeek-v3.2-Speciale-Distill.q4_k_m,vanilla,short,1245,20277,183,9,6,stop,False,917.214,101.91266666666667,9.81232296933976,20533.63,112.20562841530055,8.912208898280529,21522,0.5,1.5,0.6,6370.3
vanilla,46,1,1,4,1,Qwen3-8B-DeepSeek-v3.2-Speciale-Distill.q4_k_m,vanilla,short,9617,19125,83,12,3,stop,False,9033.448,752.7873333333333,1.3283964218313982,19602.541,236.17519277108434,4.234144950902029,28742,0.4,0.0,0.0,6932.6
vanilla,46,1,1,4,1,Qwen3-8B-DeepSeek-v3.2-Speciale-Distill.q4_k_m,vanilla,short,9617,38315,174,12,3,stop,False,9033.254,752.7711666666668,1.3284249507431096,38793.076,222.94871264367816,4.485336506958097,47932,0.4,0.0,0.0,6932.6
vanilla,46,1,1,4,1,Qwen3-8B-DeepSeek-v3.2-Speciale-Distill.q4_k_m,vanilla,short,9616,39875,184,12,3,stop,False,9034.164,752.8470000000001,1.328291140165266,40352.935,219.30942934782607,4.559767461771988,49492,0.4,0.0,0.0,6932.6
vanilla,46,1,1,4,1,Qwen3-8B-DeepSeek-v3.2-Speciale-Distill.q4_k_m,vanilla,short,9617,41848,210,12,3,stop,False,9032.619,752.71825,1.3285183400296192,42327.037,201.55731904761902,4.961367836827322,51466,0.4,0.0,0.0,6932.6
vanilla,46,1,2,4,1,Qwen3-8B-DeepSeek-v3.2-Speciale-Distill.q4_k_m,vanilla,short,9352,80263,330,9,6,stop,False,8798.54,977.6155555555556,1.0228969806354236,80743.549,244.6774212121212,4.087013812087948,89616,0.4,59.6,1.2,6932.6
vanilla,46,1,2,4,1,Qwen3-8B-DeepSeek-v3.2-Speciale-Distill.q4_k_m,vanilla,short,9353,97525,407,9,6,stop,False,8797.218,977.4686666666668,1.023050696254202,98005.811,240.80051842751843,4.152814979511776,106879,0.4,70.9,1.2,6932.6
vanilla,46,1,2,4,1,Qwen3-8B-DeepSeek-v3.2-Speciale-Distill.q4_k_m,vanilla,short,9352,122414,559,9,6,stop,False,8797.841,977.5378888888889,1.0229782511413879,122894.232,219.8465688729875,4.54862682245331,131766,0.4,81.0,1.3,6932.6
vanilla,46,1,2,4,1,Qwen3-8B-DeepSeek-v3.2-Speciale-Distill.q4_k_m,vanilla,short,9354,131278,669,9,6,stop,False,8799.266,977.6962222222222,1.0228125845951241,131757.664,196.9471808669656,5.077503499151291,140632,0.4,81.2,1.4,6932.6
vanilla,46,1,3,4,1,Qwen3-8B-DeepSeek-v3.2-Speciale-Distill.q4_k_m,vanilla,short,9194,37357,158,9,6,stop,False,8614.02,957.1133333333333,1.044808347322156,37833.416,239.45199999999997,4.176202328650419,46551,0.4,0.3,0.2,6932.6
vanilla,46,1,3,4,1,Qwen3-8B-DeepSeek-v3.2-Speciale-Distill.q4_k_m,vanilla,short,9195,41165,178,9,6,stop,False,8612.769,956.9743333333333,1.044960105164785,41642.35,233.94578651685393,4.2744945950456685,50360,0.4,0.3,0.2,6932.6
vanilla,46,1,3,4,1,Qwen3-8B-DeepSeek-v3.2-Speciale-Distill.q4_k_m,vanilla,short,9194,43838,195,9,6,stop,False,8613.231,957.0256666666667,1.0449040551681477,44314.851,227.25564615384616,4.400330715317083,53032,0.4,0.3,0.2,6932.6
vanilla,46,1,3,4,1,Qwen3-8B-DeepSeek-v3.2-Speciale-Distill.q4_k_m,vanilla,short,9195,54031,326,9,6,stop,False,8612.265,956.9183333333333,1.0450212574740791,54508.686,167.20455828220858,5.98069819551328,63226,0.4,0.3,0.2,6932.6
vanilla,46,1,1,8,1,Qwen3-8B-DeepSeek-v3.2-Speciale-Distill.q4_k_m,vanilla,short,11756,33315,75,12,3,stop,False,10708.465,892.3720833333333,1.1206087894016556,34237.585,456.5011333333333,2.1905750653850147,45071,0.6,0.1,0.1,7419.4
vanilla,46,1,1,8,1,Qwen3-8B-DeepSeek-v3.2-Speciale-Distill.q4_k_m,vanilla,short,11742,34180,77,15,0,stop,False,10705.757,713.7171333333333,1.401115306465484,35104.07,455.897012987013,2.1934778502891548,45922,0.6,0.1,0.1,7419.4
vanilla,46,1,1,8,1,Qwen3-8B-DeepSeek-v3.2-Speciale-Distill.q4_k_m,vanilla,short,11756,60366,142,12,3,stop,False,10707.646,892.3038333333334,1.1206945018540955,61289.199,431.61407746478875,2.316884578635136,72123,0.6,18.1,0.1,7419.4
vanilla,46,1,1,8,1,Qwen3-8B-DeepSeek-v3.2-Speciale-Distill.q4_k_m,vanilla,short,11755,65258,156,12,3,stop,False,10706.779,892.2315833333333,1.1207852520351826,66181.649,424.2413397435898,2.3571488827665807,77014,0.6,22.8,0.1,7419.4
vanilla,46,1,1,8,1,Qwen3-8B-DeepSeek-v3.2-Speciale-Distill.q4_k_m,vanilla,short,11739,72031,179,15,0,stop,False,10704.968,713.6645333333333,1.401218574403959,72955.141,407.57062011173184,2.453562525497689,83770,0.6,28.5,0.1,7419.4
vanilla,46,1,1,8,1,Qwen3-8B-DeepSeek-v3.2-Speciale-Distill.q4_k_m,vanilla,short,11731,74173,188,15,0,stop,False,10704.13,713.6086666666666,1.4013282723584264,75098.262,399.45884042553195,2.5033868293782886,85905,0.6,30.2,0.1,7419.4
vanilla,46,1,1,8,1,Qwen3-8B-DeepSeek-v3.2-Speciale-Distill.q4_k_m,vanilla,short,11757,84414,252,12,3,stop,False,10707.175,892.2645833333332,1.120743800302134,85337.312,338.640126984127,2.9529873169663463,96171,0.6,36.9,0.1,7419.4
vanilla,46,1,1,8,1,Qwen3-8B-DeepSeek-v3.2-Speciale-Distill.q4_k_m,vanilla,short,11727,110270,575,15,0,stop,False,10709.385,713.9590000000001,1.400640653034698,111191.858,193.37714434782606,5.171241944711456,121998,0.6,57.4,0.2,7419.4
vanilla,46,1,2,8,1,Qwen3-8B-DeepSeek-v3.2-Speciale-Distill.q4_k_m,vanilla,short,11195,125783,270,9,6,stop,False,8982.31,998.0344444444444,1.0019694265728971,127928.669,473.8098851851852,2.110551154096663,136979,0.7,23.8,1.2,7419.4
vanilla,46,1,2,8,1,Qwen3-8B-DeepSeek-v3.2-Speciale-Distill.q4_k_m,vanilla,short,11208,169101,364,9,6,stop,False,8979.493,997.7214444444445,1.0022837592278317,171247.79,470.46096153846156,2.125574876031977,180309,0.7,23.8,1.3,7419.4
vanilla,46,1,2,8,1,Qwen3-8B-DeepSeek-v3.2-Speciale-Distill.q4_k_m,vanilla,short,11207,169102,364,9,6,stop,False,8980.179,997.7976666666667,1.0022071943109374,171247.703,470.46072252747257,2.1255759559005587,180309,0.7,23.8,1.3,7419.4
vanilla,46,1,2,8,1,Qwen3-8B-DeepSeek-v3.2-Speciale-Distill.q4_k_m,vanilla,short,11207,183163,404,9,6,stop,False,8981.597,997.9552222222222,1.0020489674609092,185308.722,458.6849554455446,2.180145627468091,194370,0.7,23.8,1.3,7419.4
vanilla,46,1,2,8,1,Qwen3-8B-DeepSeek-v3.2-Speciale-Distill.q4_k_m,vanilla,short,11642,210015,496,9,6,stop,False,1665.323,185.0358888888889,5.40435699260744,210936.778,425.2757620967742,2.3514154558670657,221658,0.7,30.0,1.4,7419.4
vanilla,46,1,2,8,1,Qwen3-8B-DeepSeek-v3.2-Speciale-Distill.q4_k_m,vanilla,short,11649,221877,543,9,6,stop,False,1664.627,184.95855555555556,5.406616617416394,222798.936,410.31111602209944,2.4371750141571593,233527,0.7,39.2,1.5,7419.4
vanilla,46,1,2,8,1,Qwen3-8B-DeepSeek-v3.2-Speciale-Distill.q4_k_m,vanilla,short,11636,236063,627,9,6,stop,False,1666.095,185.12166666666667,5.401852835522583,236984.096,377.9650653907496,2.6457471644004333,247699,0.7,51.6,1.9,7419.4
vanilla,46,1,2,8,1,Qwen3-8B-DeepSeek-v3.2-Speciale-Distill.q4_k_m,vanilla,short,11208,240049,671,9,6,stop,False,8980.839,997.871,1.0021335423115814,242195.19,360.9466318926975,2.7704926757628834,251258,0.7,55.6,1.9,7419.4
vanilla,46,1,3,8,1,Qwen3-8B-DeepSeek-v3.2-Speciale-Distill.q4_k_m,vanilla,short,10855,84082,183,9,6,stop,False,9779.626,1086.6251111111112,0.9202805915072826,85009.741,464.5341038251366,2.152694477683446,94938,0.7,67.9,0.7,7419.4
vanilla,46,1,3,8,1,Qwen3-8B-DeepSeek-v3.2-Speciale-Distill.q4_k_m,vanilla,short,10838,84082,183,9,6,stop,False,9781.215,1086.8016666666667,0.920131088009005,85009.149,464.53086885245904,2.1527094689537476,94921,0.7,67.9,0.7,7419.4
vanilla,46,1,3,8,1,Qwen3-8B-DeepSeek-v3.2-Speciale-Distill.q4_k_m,vanilla,short,10856,84905,185,9,6,stop,False,9778.494,1086.4993333333334,0.9203871270974855,85832.839,463.9612918918919,2.1553522189799637,95761,0.7,67.9,0.7,7419.4
vanilla,46,1,3,8,1,Qwen3-8B-DeepSeek-v3.2-Speciale-Distill.q4_k_m,vanilla,short,10843,115634,271,9,6,stop,False,9780.554,1086.7282222222223,0.9201932733053771,116561.078,430.11467896678965,2.3249613391530235,126478,0.8,68.0,0.7,7419.4
vanilla,46,1,3,8,1,Qwen3-8B-DeepSeek-v3.2-Speciale-Distill.q4_k_m,vanilla,short,10855,117152,276,9,6,stop,False,9779.997,1086.6663333333333,0.9202456810569575,118079.689,427.82496014492756,2.337404530257528,128008,0.8,68.0,0.7,7419.4
vanilla,46,1,3,8,1,Qwen3-8B-DeepSeek-v3.2-Speciale-Distill.q4_k_m,vanilla,short,10855,136883,364,9,6,stop,False,9779.049,1086.5610000000001,0.9203348914603046,137811.128,378.602,2.6412961368402703,147739,0.8,68.0,0.7,7419.4
vanilla,46,1,3,8,1,Qwen3-8B-DeepSeek-v3.2-Speciale-Distill.q4_k_m,vanilla,short,10823,143705,412,9,6,stop,False,9782.26,1086.9177777777777,0.9200327940578149,144631.728,351.04788349514564,2.8486142404383084,154529,0.8,68.0,0.7,7419.4
vanilla,46,1,3,8,1,Qwen3-8B-DeepSeek-v3.2-Speciale-Distill.q4_k_m,vanilla,short,10830,147849,464,9,6,stop,False,9781.719,1086.8576666666665,0.920083678543618,148774.938,320.6356422413793,3.118804862146876,158679,0.8,68.0,0.7,7419.4
turboquant,46,1,1,1,1,Qwen3-8B-DeepSeek-v3.2-Speciale-Distill.q4_k_m,turboquant,long,12451,111993,882,148,3,stop,False,12162.755,82.18077702702702,12.16829575207262,112220.41,127.23402494331066,7.85953286037718,124444,0.4,0.6,0.4,5456.9
turboquant,46,1,2,1,1,Qwen3-8B-DeepSeek-v3.2-Speciale-Distill.q4_k_m,turboquant,long,1403,125186,1024,23,3,length,True,1186.444,51.58452173913043,19.385660005866267,125344.76,122.4069921875,8.169467953825912,126590,0.4,80.8,1.2,5456.9
turboquant,46,1,3,1,1,Qwen3-8B-DeepSeek-v3.2-Speciale-Distill.q4_k_m,turboquant,long,1399,125201,1024,23,3,length,True,1184.805,51.51326086956522,19.41247715868856,125357.562,122.419494140625,8.168633656101257,126600,0.5,0.6,0.4,5456.9
turboquant,46,1,1,2,1,Qwen3-8B-DeepSeek-v3.2-Speciale-Distill.q4_k_m,turboquant,long,16630,250038,1024,148,3,length,True,16236.171,109.70385810810811,9.115449695620969,250369.252,244.50122265625,4.0899590976930345,266669,0.2,81.5,1.6,5573.0
turboquant,46,1,1,2,1,Qwen3-8B-DeepSeek-v3.2-Speciale-Distill.q4_k_m,turboquant,long,16630,250038,1024,148,3,length,True,16237.072,109.70994594594595,9.114943876580703,250368.766,244.500748046875,4.089967036862737,266669,0.2,81.5,1.6,5573.0
turboquant,46,1,2,2,1,Qwen3-8B-DeepSeek-v3.2-Speciale-Distill.q4_k_m,turboquant,long,10004,228310,1024,23,3,length,True,9664.567,420.19856521739126,2.379827259721,228582.353,223.2249541015625,4.479785891433185,238314,0.2,92.7,1.6,5573.0
turboquant,46,1,2,2,1,Qwen3-8B-DeepSeek-v3.2-Speciale-Distill.q4_k_m,turboquant,long,10004,228311,1024,23,3,length,True,9664.718,420.20513043478263,2.3797900776825562,228582.114,223.224720703125,4.479790575390338,238315,0.2,92.7,1.6,5573.0
turboquant,46,1,3,2,1,Qwen3-8B-DeepSeek-v3.2-Speciale-Distill.q4_k_m,turboquant,long,10569,228411,1024,23,3,length,True,10205.448,443.7151304347826,2.2536982207934426,228685.714,223.325892578125,4.477761125034684,238981,0.3,52.3,1.6,5573.0
turboquant,46,1,3,2,1,Qwen3-8B-DeepSeek-v3.2-Speciale-Distill.q4_k_m,turboquant,long,10569,228411,1024,23,3,length,True,10205.556,443.7198260869565,2.253674371097469,228685.592,223.3257734375,4.477763513846557,238981,0.3,52.3,1.6,5573.0
turboquant,46,1,1,4,1,Qwen3-8B-DeepSeek-v3.2-Speciale-Distill.q4_k_m,turboquant,long,42774,370569,934,148,3,stop,False,30968.881,209.24919594594596,4.778990884430083,382300.565,409.3153800856531,2.443103896537532,413343,0.4,167.7,2.9,5749.3
turboquant,46,1,1,4,1,Qwen3-8B-DeepSeek-v3.2-Speciale-Distill.q4_k_m,turboquant,long,42772,415499,1024,148,3,length,True,30968.227,209.24477702702703,4.779091809162985,427231.119,417.2178896484375,2.3968291504533403,458272,0.4,181.2,2.9,5749.3
turboquant,46,1,1,4,1,Qwen3-8B-DeepSeek-v3.2-Speciale-Distill.q4_k_m,turboquant,long,42773,415499,1024,148,3,length,True,30969.549,209.25370945945946,4.778887803629301,427230.185,417.2169775390625,2.3968343903415907,458272,0.4,181.2,2.9,5749.3
turboquant,46,1,1,4,1,Qwen3-8B-DeepSeek-v3.2-Speciale-Distill.q4_k_m,turboquant,long,43051,415398,1024,148,3,length,True,42405.611,286.5243986486486,3.490104175129089,415971.283,406.2219560546875,2.461708396346197,458449,0.4,181.2,2.9,5749.3
turboquant,46,1,2,4,1,Qwen3-8B-DeepSeek-v3.2-Speciale-Distill.q4_k_m,turboquant,long,12790,232126,695,23,3,stop,False,12186.857,529.863347826087,1.8872790580869212,232621.095,334.7066115107914,2.9876912065949996,244916,0.5,78.7,1.5,5749.3
turboquant,46,1,2,4,1,Qwen3-8B-DeepSeek-v3.2-Speciale-Distill.q4_k_m,turboquant,long,12788,367431,1024,23,3,length,True,12186.792,529.8605217391304,1.8872891241599923,367925.788,359.30252734375,2.783169958176457,380220,0.5,105.3,2.4,5749.3
turboquant,46,1,2,4,1,Qwen3-8B-DeepSeek-v3.2-Speciale-Distill.q4_k_m,turboquant,long,12787,367430,1024,23,3,length,True,12186.605,529.8523913043479,1.8873180840767383,367925.963,359.3026982421875,2.7831686343918056,380218,0.5,105.3,2.4,5749.3
turboquant,46,1,2,4,1,Qwen3-8B-DeepSeek-v3.2-Speciale-Distill.q4_k_m,turboquant,long,12789,367430,1024,23,3,length,True,12186.55,529.85,1.8873266018684534,367926.094,359.302826171875,2.783167643445262,380219,0.5,105.3,2.4,5749.3
turboquant,46,1,3,4,1,Qwen3-8B-DeepSeek-v3.2-Speciale-Distill.q4_k_m,turboquant,long,12696,385535,1024,23,3,length,True,12116.193,526.7909999999999,1.898286037536708,386032.442,376.984806640625,2.652626796584107,398232,0.7,137.1,2.3,5749.3
turboquant,46,1,3,4,1,Qwen3-8B-DeepSeek-v3.2-Speciale-Distill.q4_k_m,turboquant,long,12694,385535,1024,23,3,length,True,12116.08,526.7860869565218,1.8983037418042799,386032.562,376.984923828125,2.652625972002849,398230,0.7,137.1,2.3,5749.3
turboquant,46,1,3,4,1,Qwen3-8B-DeepSeek-v3.2-Speciale-Distill.q4_k_m,turboquant,long,12695,385536,1024,23,3,length,True,12116.574,526.8075652173914,1.898226346820479,386032.111,376.9844833984375,2.652629071056734,398231,0.7,137.1,2.3,5749.3
turboquant,46,1,3,4,1,Qwen3-8B-DeepSeek-v3.2-Speciale-Distill.q4_k_m,turboquant,long,12695,385536,1024,23,3,length,True,12116.406,526.8002608695652,1.898252666673599,386032.288,376.98465625,2.652627854797472,398231,0.7,137.1,2.3,5749.3
turboquant,46,1,1,8,1,Qwen3-8B-DeepSeek-v3.2-Speciale-Distill.q4_k_m,turboquant,long,81130,665047,873,151,0,length,True,15964.128,105.72270198675497,9.458706419793176,730149.876,836.3687010309279,1.1956449335889499,746178,0.4,283.9,4.2,5994.4
turboquant,46,1,1,8,1,Qwen3-8B-DeepSeek-v3.2-Speciale-Distill.q4_k_m,turboquant,long,81130,665047,873,151,0,length,True,15963.199,105.71654966887418,9.459256882032228,730150.194,836.3690652920963,1.195644412853501,746177,0.4,283.9,4.2,5994.4
turboquant,46,1,1,8,1,Qwen3-8B-DeepSeek-v3.2-Speciale-Distill.q4_k_m,turboquant,long,81676,665312,873,151,0,length,True,36233.596,239.9575894039735,4.16740309187087,694715.481,795.7794742268042,1.2566295467367021,746988,0.4,283.9,4.2,5994.4
turboquant,46,1,1,8,1,Qwen3-8B-DeepSeek-v3.2-Speciale-Distill.q4_k_m,turboquant,long,81666,665312,873,148,3,length,True,36235.844,244.83678378378377,4.08435360302357,694713.876,795.7776357388317,1.2566324499325243,746978,0.4,283.9,4.2,5994.4
turboquant,46,1,1,8,1,Qwen3-8B-DeepSeek-v3.2-Speciale-Distill.q4_k_m,turboquant,long,81661,665312,873,148,3,length,True,36236.609,244.84195270270268,4.084267377226164,694713.62,795.7773424971363,1.2566329129980207,746973,0.4,283.9,4.2,5994.4
turboquant,46,1,1,8,1,Qwen3-8B-DeepSeek-v3.2-Speciale-Distill.q4_k_m,turboquant,long,82197,665217,873,148,3,length,True,65091.015,439.8041554054054,2.273739317169966,666313.07,763.2452119129438,1.3101949208350365,747414,0.4,283.9,4.2,5994.4
turboquant,46,1,1,8,1,Qwen3-8B-DeepSeek-v3.2-Speciale-Distill.q4_k_m,turboquant,long,82206,665217,873,148,3,length,True,28855.379,194.96877702702704,5.129026376676599,666312.828,763.2449347079038,1.3101953966883557,747424,0.4,283.9,4.2,5994.4
turboquant,46,1,1,8,1,Qwen3-8B-DeepSeek-v3.2-Speciale-Distill.q4_k_m,turboquant,long,82229,665218,873,151,0,length,True,28855.686,191.09725827814572,5.232937452951214,666312.463,763.2445166093929,1.3101961144016603,747447,0.4,283.9,4.2,5994.4
turboquant,46,1,2,8,1,Qwen3-8B-DeepSeek-v3.2-Speciale-Distill.q4_k_m,turboquant,long,13048,547210,804,23,3,stop,False,11949.551,519.5456956521739,1.9247585118470143,548166.791,681.7994912935324,1.4667068731640842,560258,0.6,192.2,2.7,5994.4
turboquant,46,1,2,8,1,Qwen3-8B-DeepSeek-v3.2-Speciale-Distill.q4_k_m,turboquant,long,13045,582972,845,23,3,stop,False,11950.264,519.5766956521738,1.9246436731439576,583928.397,691.039523076923,1.4470952334931573,596018,0.6,204.5,3.4,5994.4
turboquant,46,1,2,8,1,Qwen3-8B-DeepSeek-v3.2-Speciale-Distill.q4_k_m,turboquant,long,13056,715398,998,23,3,length,True,11948.986,519.5211304347827,1.9248495227963276,716355.887,717.7914699398798,1.393162278849256,728454,0.7,206.2,4.1,5994.4
turboquant,46,1,2,8,1,Qwen3-8B-DeepSeek-v3.2-Speciale-Distill.q4_k_m,turboquant,long,13055,715399,998,23,3,length,True,11949.134,519.5275652173913,1.9248256819280796,716355.805,717.7913877755511,1.3931624383221126,728454,0.7,206.2,4.1,5994.4
turboquant,46,1,2,8,1,Qwen3-8B-DeepSeek-v3.2-Speciale-Distill.q4_k_m,turboquant,long,13051,715398,998,23,3,length,True,11949.657,519.550304347826,1.9247414381852133,716354.674,717.790254509018,1.3931646378843896,728450,0.7,206.2,4.1,5994.4
turboquant,46,1,2,8,1,Qwen3-8B-DeepSeek-v3.2-Speciale-Distill.q4_k_m,turboquant,long,13058,715400,998,23,3,length,True,11949.345,519.5367391304347,1.9247916936032896,716355.678,717.7912605210421,1.3931626853106343,728458,0.7,206.2,4.1,5994.4
turboquant,46,1,2,8,1,Qwen3-8B-DeepSeek-v3.2-Speciale-Distill.q4_k_m,turboquant,long,13057,715398,998,23,3,length,True,11950.043,519.5670869565217,1.924679266844479,716354.292,717.789871743487,1.3931653807973554,728456,0.7,206.2,4.1,5994.4
turboquant,46,1,2,8,1,Qwen3-8B-DeepSeek-v3.2-Speciale-Distill.q4_k_m,turboquant,long,13054,715400,998,23,3,length,True,11949.829,519.5577826086957,1.924713734397371,716354.478,717.7900581162324,1.3931650190647653,728455,0.7,206.2,4.1,5994.4
turboquant,46,1,3,8,1,Qwen3-8B-DeepSeek-v3.2-Speciale-Distill.q4_k_m,turboquant,long,13016,326904,535,23,3,stop,False,11913.482,517.9774782608696,1.9305858690179747,327867.88,612.8371588785047,1.631754839784855,339920,0.8,114.7,2.0,5994.4
turboquant,46,1,3,8,1,Qwen3-8B-DeepSeek-v3.2-Speciale-Distill.q4_k_m,turboquant,long,13024,715627,998,23,3,length,True,11912.903,517.952304347826,1.930679700825231,716589.927,718.0259789579159,1.3927072686859021,728651,0.9,265.6,4.0,5994.4
turboquant,46,1,3,8,1,Qwen3-8B-DeepSeek-v3.2-Speciale-Distill.q4_k_m,turboquant,long,13017,715626,998,23,3,length,True,11912.719,517.944304347826,1.9307095214786818,716590.084,718.0261362725452,1.3927069635532383,728643,0.9,265.6,4.0,5994.4
turboquant,46,1,3,8,1,Qwen3-8B-DeepSeek-v3.2-Speciale-Distill.q4_k_m,turboquant,long,13026,715626,998,23,3,length,True,11913.09,517.9604347826087,1.930649394909297,716589.754,718.0258056112224,1.392707604915043,728652,0.9,265.6,4.0,5994.4
turboquant,46,1,3,8,1,Qwen3-8B-DeepSeek-v3.2-Speciale-Distill.q4_k_m,turboquant,long,13007,715625,998,23,3,length,True,11912.631,517.9404782608696,1.930723783855976,716590.147,718.0261993987976,1.3927068411115062,728632,0.9,265.6,4.0,5994.4
turboquant,46,1,3,8,1,Qwen3-8B-DeepSeek-v3.2-Speciale-Distill.q4_k_m,turboquant,long,13026,715625,998,23,3,length,True,11913.667,517.9855217391304,1.9305558901386115,716588.568,718.0246172344689,1.392709909935376,728651,0.9,265.6,4.0,5994.4
turboquant,46,1,3,8,1,Qwen3-8B-DeepSeek-v3.2-Speciale-Distill.q4_k_m,turboquant,long,13026,715628,998,23,3,length,True,11913.335,517.9710869565217,1.9306096907373127,716589.588,718.0256392785572,1.3927079275396894,728654,0.9,265.6,4.0,5994.4
turboquant,46,1,3,8,1,Qwen3-8B-DeepSeek-v3.2-Speciale-Distill.q4_k_m,turboquant,long,13022,715625,998,23,3,length,True,11913.892,517.995304347826,1.9305194305941331,716588.352,718.0244008016032,1.3927103297375396,728648,0.9,265.6,4.0,5994.4
turboquant,46,1,1,1,1,Qwen3-8B-DeepSeek-v3.2-Speciale-Distill.q4_k_m,turboquant,medium,1447,69336,652,24,3,stop,False,1237.935,51.580625,19.38712452592422,69492.863,106.58414570552146,9.382258434222232,70783,5.2,38.5,0.7,5192.8
turboquant,46,1,2,1,1,Qwen3-8B-DeepSeek-v3.2-Speciale-Distill.q4_k_m,turboquant,medium,789,123874,1024,11,5,length,True,578.761,52.61463636363636,19.006118242245073,124028.846,121.121919921875,8.256143897364005,124664,5.2,1.6,0.7,5192.8
turboquant,46,1,3,1,1,Qwen3-8B-DeepSeek-v3.2-Speciale-Distill.q4_k_m,turboquant,medium,840,100617,872,12,3,stop,False,627.506,52.29216666666667,19.123323123603598,100771.679,115.56385206422019,8.653224880772305,101457,5.3,38.1,0.7,5192.8
turboquant,46,1,1,2,1,Qwen3-8B-DeepSeek-v3.2-Speciale-Distill.q4_k_m,turboquant,medium,2750,98207,540,24,3,stop,False,1235.033,51.45970833333333,19.432679126792564,99668.585,184.57145370370372,5.417955918607654,100958,0.6,0.4,0.2,5259.5
turboquant,46,1,1,2,1,Qwen3-8B-DeepSeek-v3.2-Speciale-Distill.q4_k_m,turboquant,medium,2885,140643,844,24,3,stop,False,1317.98,54.91583333333333,18.209684517215738,140915.869,166.96193009478674,5.989389314272334,143528,0.6,12.5,0.3,5259.5
turboquant,46,1,2,2,1,Qwen3-8B-DeepSeek-v3.2-Speciale-Distill.q4_k_m,turboquant,medium,1469,81853,470,11,5,stop,False,1137.037,103.367,9.674267416099916,82124.651,174.73329999999999,5.723007577834334,83323,0.6,66.0,1.1,5259.5
turboquant,46,1,2,2,1,Qwen3-8B-DeepSeek-v3.2-Speciale-Distill.q4_k_m,turboquant,medium,1469,117322,740,11,5,stop,False,1137.469,103.40627272727274,9.670593220562493,117592.649,158.90898513513514,6.292910367211815,118791,0.6,68.5,1.1,5259.5
turboquant,46,1,3,2,1,Qwen3-8B-DeepSeek-v3.2-Speciale-Distill.q4_k_m,turboquant,medium,1566,152679,766,12,3,stop,False,1235.223,102.93525,9.714845011791393,152949.12,199.67248041775457,5.0082014201847,154245,0.7,3.7,0.9,5259.5
turboquant,46,1,3,2,1,Qwen3-8B-DeepSeek-v3.2-Speciale-Distill.q4_k_m,turboquant,medium,1566,192789,1024,12,3,length,True,1235.693,102.97441666666667,9.711149937727251,193059.508,188.53467578125,5.304064071270709,194356,0.7,39.0,1.3,5259.5
turboquant,46,1,1,4,1,Qwen3-8B-DeepSeek-v3.2-Speciale-Distill.q4_k_m,turboquant,medium,12648,107830,368,24,3,stop,False,12080.809,503.36704166666664,1.9866219224225796,108326.224,294.36473913043477,3.397146013323607,120478,0.7,56.2,1.2,5678.6
turboquant,46,1,1,4,1,Qwen3-8B-DeepSeek-v3.2-Speciale-Distill.q4_k_m,turboquant,medium,12649,150355,497,24,3,stop,False,12080.338,503.3474166666667,1.98669937877566,150851.771,303.5246901408451,3.294624893730946,163004,0.7,56.2,1.2,5678.6
turboquant,46,1,1,4,1,Qwen3-8B-DeepSeek-v3.2-Speciale-Distill.q4_k_m,turboquant,medium,12649,231040,793,24,3,stop,False,12080.157,503.33987499999995,1.9867291459870928,231537.082,291.97614375788146,3.424937349776223,243690,0.7,56.5,1.3,5678.6
turboquant,46,1,1,4,1,Qwen3-8B-DeepSeek-v3.2-Speciale-Distill.q4_k_m,turboquant,medium,12649,266149,1017,24,3,stop,False,12081.164,503.38183333333336,1.986563546360268,266644.871,262.18768043264504,3.8140617375685433,278798,0.7,77.7,1.3,5678.6
turboquant,46,1,2,4,1,Qwen3-8B-DeepSeek-v3.2-Speciale-Distill.q4_k_m,turboquant,medium,10020,258999,760,11,5,stop,False,9452.907,859.3551818181818,1.163663199056121,259492.802,341.43789736842103,2.928790294537727,269020,0.8,83.3,2.1,5678.6
turboquant,46,1,2,4,1,Qwen3-8B-DeepSeek-v3.2-Speciale-Distill.q4_k_m,turboquant,medium,10017,313094,887,11,5,stop,False,9452.415,859.3104545454546,1.163723767947133,313587.279,353.53695490417135,2.8285586163716805,323111,0.8,123.3,2.1,5678.6
turboquant,46,1,2,4,1,Qwen3-8B-DeepSeek-v3.2-Speciale-Distill.q4_k_m,turboquant,medium,10018,357275,1024,11,5,length,True,9452.14,859.2854545454545,1.1637576252573492,357769.202,349.383986328125,2.8621804064621528,367294,0.8,158.5,2.1,5678.6
turboquant,46,1,2,4,1,Qwen3-8B-DeepSeek-v3.2-Speciale-Distill.q4_k_m,turboquant,medium,10019,357275,1024,11,5,length,True,9453.462,859.4056363636363,1.1635948819596462,357767.429,349.3822548828125,2.862194590665211,367294,0.8,158.5,2.1,5678.6
turboquant,46,1,3,4,1,Qwen3-8B-DeepSeek-v3.2-Speciale-Distill.q4_k_m,turboquant,medium,10474,191319,599,12,3,stop,False,9871.387,822.6155833333333,1.2156346418188244,191813.621,320.2230734557596,3.1228230658343077,201794,0.9,26.1,0.8,5678.6
turboquant,46,1,3,4,1,Qwen3-8B-DeepSeek-v3.2-Speciale-Distill.q4_k_m,turboquant,medium,10474,303025,875,12,3,stop,False,9871.683,822.64025,1.215598191311451,303519.168,346.8790491428571,2.882849230793885,313500,0.9,118.4,1.6,5678.6
turboquant,46,1,3,4,1,Qwen3-8B-DeepSeek-v3.2-Speciale-Distill.q4_k_m,turboquant,medium,10475,350940,1024,12,3,length,True,9871.242,822.6035,1.2156524984394061,351434.853,343.1980986328125,2.913769056366188,361416,0.9,140.5,1.6,5678.6
turboquant,46,1,3,4,1,Qwen3-8B-DeepSeek-v3.2-Speciale-Distill.q4_k_m,turboquant,medium,10474,350940,1024,12,3,length,True,9872.03,822.6691666666667,1.2155554632633814,351433.031,343.1963193359375,2.9137841627641423,361414,0.9,140.5,1.6,5678.6
turboquant,46,1,1,8,1,Qwen3-8B-DeepSeek-v3.2-Speciale-Distill.q4_k_m,turboquant,medium,24191,154468,284,24,3,stop,False,11599.434,483.30974999999995,2.069066473415858,166981.187,587.961926056338,1.7007904010168522,178660,0.4,20.0,0.7,5913.1
turboquant,46,1,1,8,1,Qwen3-8B-DeepSeek-v3.2-Speciale-Distill.q4_k_m,turboquant,medium,24191,284779,486,24,3,stop,False,11599.873,483.32804166666665,2.06898816909461,297291.177,611.7102407407408,1.634760926658782,308970,0.4,102.0,1.6,5913.1
turboquant,46,1,1,8,1,Qwen3-8B-DeepSeek-v3.2-Speciale-Distill.q4_k_m,turboquant,medium,24191,361505,609,24,3,stop,False,11600.32,483.34666666666664,2.068908443904996,374017.428,614.1501280788177,1.6282663705179,385697,0.4,119.9,2.2,5913.1
turboquant,46,1,1,8,1,Qwen3-8B-DeepSeek-v3.2-Speciale-Distill.q4_k_m,turboquant,medium,24177,379565,642,27,0,stop,False,11598.267,429.56544444444444,2.327933992207629,392079.122,610.7151433021806,1.637424601251785,403743,0.4,119.9,2.2,5913.1
turboquant,46,1,1,8,1,Qwen3-8B-DeepSeek-v3.2-Speciale-Distill.q4_k_m,turboquant,medium,24634,497196,852,27,0,stop,False,12031.838,445.62362962962965,2.244046171499317,498153.384,584.6870704225353,1.7103165959824134,521830,0.5,131.2,2.9,5913.1
turboquant,46,1,1,8,1,Qwen3-8B-DeepSeek-v3.2-Speciale-Distill.q4_k_m,turboquant,medium,24646,513165,888,27,0,stop,False,12027.861,445.47633333333334,2.2447881630823634,514123.195,578.9675619369369,1.7272124826035131,537812,0.5,143.0,2.9,5913.1
turboquant,46,1,1,8,1,Qwen3-8B-DeepSeek-v3.2-Speciale-Distill.q4_k_m,turboquant,medium,24637,514433,892,27,0,stop,False,12026.902,445.4408148148148,2.24496715779342,515391.428,577.7930807174888,1.7307233910766557,539070,0.5,144.0,3.0,5913.1
turboquant,46,1,1,8,1,Qwen3-8B-DeepSeek-v3.2-Speciale-Distill.q4_k_m,turboquant,medium,24192,531594,997,24,3,length,True,11599.088,483.2953333333333,2.0691281935269394,544107.511,545.7447452357072,1.8323584582900565,555787,0.5,158.7,3.1,5913.1
turboquant,46,1,2,8,1,Qwen3-8B-DeepSeek-v3.2-Speciale-Distill.q4_k_m,turboquant,medium,12956,68516,138,11,5,stop,False,11878.46,1079.86,0.9260459689218974,69466.448,503.38005797101454,1.9865705527364808,81472,0.6,61.2,0.5,5913.1
turboquant,46,1,2,8,1,Qwen3-8B-DeepSeek-v3.2-Speciale-Distill.q4_k_m,turboquant,medium,12951,355629,633,11,5,stop,False,11878.886,1079.8987272727272,0.9260127591088928,356578.938,563.3158578199052,1.77520299866954,368581,0.6,160.4,2.6,5913.1
turboquant,46,1,2,8,1,Qwen3-8B-DeepSeek-v3.2-Speciale-Distill.q4_k_m,turboquant,medium,12952,632196,1008,11,5,length,True,11878.606,1079.8732727272727,0.9260345868867105,633146.278,628.1213075396826,1.5920491599257256,645149,0.6,254.5,4.2,5913.1
turboquant,46,1,2,8,1,Qwen3-8B-DeepSeek-v3.2-Speciale-Distill.q4_k_m,turboquant,medium,12961,632196,1008,11,5,length,True,11879.294,1079.9358181818181,0.9259809547604427,633145.356,628.1203928571429,1.592051478302243,645158,0.6,254.5,4.2,5913.1
turboquant,46,1,2,8,1,Qwen3-8B-DeepSeek-v3.2-Speciale-Distill.q4_k_m,turboquant,medium,12963,632197,1008,11,5,length,True,11879.429,1079.948090909091,0.9259704317438153,633145.199,628.1202371031746,1.5920518730806958,645160,0.6,254.5,4.2,5913.1
turboquant,46,1,2,8,1,Qwen3-8B-DeepSeek-v3.2-Speciale-Distill.q4_k_m,turboquant,medium,12962,632197,1008,11,5,length,True,11880.58,1080.0527272727272,0.9258807229950053,633144.894,628.1199345238095,1.5920526400075494,645160,0.6,254.5,4.2,5913.1
turboquant,46,1,2,8,1,Qwen3-8B-DeepSeek-v3.2-Speciale-Distill.q4_k_m,turboquant,medium,12965,632199,1008,11,5,length,True,11881.052,1080.0956363636362,0.9258439404187441,633144.724,628.1197658730159,1.5920530674752964,645164,0.6,254.5,4.2,5913.1
turboquant,46,1,2,8,1,Qwen3-8B-DeepSeek-v3.2-Speciale-Distill.q4_k_m,turboquant,medium,12947,632199,1008,11,5,length,True,11880.063,1080.0057272727272,0.9259210157387212,633145.029,628.1200684523809,1.5920523005480314,645146,0.6,254.5,4.2,5913.1
turboquant,46,1,3,8,1,Qwen3-8B-DeepSeek-v3.2-Speciale-Distill.q4_k_m,turboquant,medium,13105,469374,719,12,3,stop,False,12022.771,1001.8975833333334,0.9981060106692541,470319.573,654.1301432545201,1.5287477733783366,482480,0.8,130.6,2.9,5913.1
turboquant,46,1,3,8,1,Qwen3-8B-DeepSeek-v3.2-Speciale-Distill.q4_k_m,turboquant,medium,13099,488978,743,12,3,stop,False,12022.413,1001.86775,0.998135731986582,489923.591,659.3857213997309,1.5165630184973067,502077,0.8,130.6,2.9,5913.1
turboquant,46,1,3,8,1,Qwen3-8B-DeepSeek-v3.2-Speciale-Distill.q4_k_m,turboquant,medium,13110,692361,1002,12,3,stop,False,12021.861,1001.8217500000001,0.9981815627380818,693307.949,691.9241007984032,1.4452452210381335,705472,0.8,214.3,4.4,5913.1
turboquant,46,1,3,8,1,Qwen3-8B-DeepSeek-v3.2-Speciale-Distill.q4_k_m,turboquant,medium,13098,698063,1009,12,3,length,True,12022.257,1001.85475,0.9981486837288539,699007.382,692.7724301288404,1.443475456744175,711161,0.8,214.3,4.4,5913.1
turboquant,46,1,3,8,1,Qwen3-8B-DeepSeek-v3.2-Speciale-Distill.q4_k_m,turboquant,medium,13105,698061,1009,12,3,length,True,12021.062,1001.7551666666667,0.9982479085458507,699008.425,692.7734638255699,1.4434733029147682,711167,0.8,214.3,4.4,5913.1
turboquant,46,1,3,8,1,Qwen3-8B-DeepSeek-v3.2-Speciale-Distill.q4_k_m,turboquant,medium,13093,698062,1009,12,3,length,True,12022.963,1001.9135833333333,0.9980900714740617,699005.402,692.770467789891,1.4434795455271747,711155,0.8,214.3,4.4,5913.1
turboquant,46,1,3,8,1,Qwen3-8B-DeepSeek-v3.2-Speciale-Distill.q4_k_m,turboquant,medium,13111,698061,1009,12,3,length,True,12022.591,1001.8825833333334,0.9981209541271094,699006.379,692.7714360753221,1.4434775279783247,711172,0.8,214.3,4.4,5913.1
turboquant,46,1,3,8,1,Qwen3-8B-DeepSeek-v3.2-Speciale-Distill.q4_k_m,turboquant,medium,13108,698062,1009,12,3,length,True,12021.752,1001.8126666666667,0.998190613148566,699008.357,692.773396432111,1.4434734433368157,711170,0.8,214.3,4.4,5913.1
turboquant,46,1,1,1,1,Qwen3-8B-DeepSeek-v3.2-Speciale-Distill.q4_k_m,turboquant,short,839,11845,145,12,3,stop,False,630.102,52.5085,19.044535646609596,12000.981,82.76538620689655,12.082345601580403,12684,24.9,10.6,0.0,5156.2
turboquant,46,1,2,1,1,Qwen3-8B-DeepSeek-v3.2-Speciale-Distill.q4_k_m,turboquant,short,689,33133,357,9,6,stop,False,479.045,53.227222222222224,18.787379056247325,33289.238,93.24716526610644,10.724186597482346,33822,24.9,23.3,0.0,5156.2
turboquant,46,1,3,1,1,Qwen3-8B-DeepSeek-v3.2-Speciale-Distill.q4_k_m,turboquant,short,703,26521,293,9,6,stop,False,488.71,54.30111111111111,18.415829428495428,26681.366,91.06268259385666,10.98144675201412,27225,24.9,5.6,0.2,5156.2
turboquant,46,1,1,2,1,Qwen3-8B-DeepSeek-v3.2-Speciale-Distill.q4_k_m,turboquant,short,1575,23705,161,12,3,stop,False,1239.085,103.25708333333334,9.684565627055449,23976.12,148.92,6.715014773032501,25280,34.3,0.0,0.0,5271.4
turboquant,46,1,1,2,1,Qwen3-8B-DeepSeek-v3.2-Speciale-Distill.q4_k_m,turboquant,short,1576,37014,293,12,3,stop,False,1238.987,103.24891666666667,9.685331645933331,37285.573,127.25451535836176,7.858267325005305,38590,34.3,0.0,0.0,5271.4
turboquant,46,1,2,2,1,Qwen3-8B-DeepSeek-v3.2-Speciale-Distill.q4_k_m,turboquant,short,1281,131112,677,9,6,stop,False,953.768,105.97422222222222,9.436257035253856,131383.24,194.06682422451993,5.152864246611669,132394,34.3,79.2,0.6,5271.4
turboquant,46,1,2,2,1,Qwen3-8B-DeepSeek-v3.2-Speciale-Distill.q4_k_m,turboquant,short,1281,184623,1024,9,6,length,True,953.196,105.91066666666667,9.441919605201868,184893.625,180.5601806640625,5.538319668944778,185904,34.3,79.5,0.8,5271.4
turboquant,46,1,3,2,1,Qwen3-8B-DeepSeek-v3.2-Speciale-Distill.q4_k_m,turboquant,short,1295,23269,158,9,6,stop,False,954.021,106.00233333333333,9.4337546028861,23545.661,149.02317088607595,6.710365871656778,24564,34.4,0.0,0.0,5271.4
turboquant,46,1,3,2,1,Qwen3-8B-DeepSeek-v3.2-Speciale-Distill.q4_k_m,turboquant,short,1296,34858,275,9,6,stop,False,953.902,105.98911111111111,9.434931470947749,35134.973,127.76353818181818,7.826959195329395,36154,34.4,0.0,0.0,5271.4
turboquant,46,1,1,4,1,Qwen3-8B-DeepSeek-v3.2-Speciale-Distill.q4_k_m,turboquant,short,10539,16457,68,12,3,stop,False,9960.5,830.0416666666666,1.204758797249134,16958.819,249.39439705882353,4.009713176371539,26996,3.2,2.1,0.0,5538.5
turboquant,46,1,1,4,1,Qwen3-8B-DeepSeek-v3.2-Speciale-Distill.q4_k_m,turboquant,short,10537,18330,76,12,3,stop,False,9961.401,830.11675,1.2046498278705977,18831.573,247.7838552631579,4.035775450091185,28867,3.2,2.1,0.0,5538.5
turboquant,46,1,1,4,1,Qwen3-8B-DeepSeek-v3.2-Speciale-Distill.q4_k_m,turboquant,short,10538,19214,82,12,3,stop,False,9960.274,830.0228333333333,1.2047861333935193,19716.622,240.44660975609756,4.158927426817839,29752,3.2,2.1,0.0,5538.5
turboquant,46,1,1,4,1,Qwen3-8B-DeepSeek-v3.2-Speciale-Distill.q4_k_m,turboquant,short,10536,20230,94,12,3,stop,False,9960.155,830.0129166666667,1.204800527702631,20732.523,220.55875531914896,4.5339392605521285,30766,3.2,2.1,0.0,5538.5
turboquant,46,1,2,4,1,Qwen3-8B-DeepSeek-v3.2-Speciale-Distill.q4_k_m,turboquant,short,2312,75429,273,9,6,stop,False,933.954,103.77266666666667,9.63644890433576,76747.06,281.1247619047619,3.5571395177873915,77742,3.3,1.7,0.6,5538.5
turboquant,46,1,2,4,1,Qwen3-8B-DeepSeek-v3.2-Speciale-Distill.q4_k_m,turboquant,short,2556,97907,356,9,6,stop,False,1068.964,118.77377777777777,8.419366788778667,98398.353,276.3998679775281,3.617946735348304,100463,3.4,1.8,0.8,5538.5
turboquant,46,1,2,4,1,Qwen3-8B-DeepSeek-v3.2-Speciale-Distill.q4_k_m,turboquant,short,2312,129522,491,9,6,stop,False,934.655,103.85055555555556,9.629221477443549,130839.227,266.4750040733198,3.752697193785775,131834,3.4,1.8,0.8,5538.5
turboquant,46,1,2,4,1,Qwen3-8B-DeepSeek-v3.2-Speciale-Distill.q4_k_m,turboquant,short,2556,154312,685,9,6,stop,False,1069.667,118.85188888888888,8.413833464059376,154802.581,225.9891693430657,4.424990821050974,156868,3.4,3.4,0.8,5538.5
turboquant,46,1,3,4,1,Qwen3-8B-DeepSeek-v3.2-Speciale-Distill.q4_k_m,turboquant,short,10181,30948,122,9,6,stop,False,9619.653,1068.8503333333333,0.9355846827323189,31439.633,257.70190983606557,3.8804524213116607,41130,3.6,35.1,0.2,5538.5
turboquant,46,1,3,4,1,Qwen3-8B-DeepSeek-v3.2-Speciale-Distill.q4_k_m,turboquant,short,10180,31937,126,9,6,stop,False,9620.108,1068.9008888888889,0.935540432602212,32427.807,257.3635476190476,3.885554148018705,42117,3.6,36.1,0.2,5538.5
turboquant,46,1,3,4,1,Qwen3-8B-DeepSeek-v3.2-Speciale-Distill.q4_k_m,turboquant,short,10180,40786,173,9,6,stop,False,9619.066,1068.7851111111113,0.9356417764469024,41277.904,238.6006011560694,4.191104277000111,50967,3.6,46.8,0.7,5538.5
turboquant,46,1,3,4,1,Qwen3-8B-DeepSeek-v3.2-Speciale-Distill.q4_k_m,turboquant,short,10183,48282,250,9,6,stop,False,9620.66,1068.9622222222222,0.9354867545469854,48772.756,195.091024,5.125812451525192,58466,3.6,52.4,0.7,5538.5
turboquant,46,1,1,8,1,Qwen3-8B-DeepSeek-v3.2-Speciale-Distill.q4_k_m,turboquant,short,14248,28274,61,12,3,stop,False,11048.1,920.6750000000001,1.086159611154859,31397.393,514.7113606557377,1.9428364641612121,42523,5.4,35.0,0.5,5622.8
turboquant,46,1,1,8,1,Qwen3-8B-DeepSeek-v3.2-Speciale-Distill.q4_k_m,turboquant,short,14248,46808,99,12,3,stop,False,11049.547,920.7955833333334,1.086017372476899,49930.6,504.34949494949495,1.9827520598590846,61057,5.4,50.7,0.6,5622.8
turboquant,46,1,1,8,1,Qwen3-8B-DeepSeek-v3.2-Speciale-Distill.q4_k_m,turboquant,short,14689,46337,98,15,0,stop,False,2638.998,175.9332,5.683975508886327,47291.638,482.5677346938775,2.0722479521643975,61027,5.4,50.7,0.6,5622.8
turboquant,46,1,1,8,1,Qwen3-8B-DeepSeek-v3.2-Speciale-Distill.q4_k_m,turboquant,short,14246,49372,106,12,3,stop,False,11047.062,920.5885,1.0862616684870603,52495.826,495.243641509434,2.019208155711275,63619,5.4,52.4,0.6,5622.8
turboquant,46,1,1,8,1,Qwen3-8B-DeepSeek-v3.2-Speciale-Distill.q4_k_m,turboquant,short,14701,52363,116,15,0,stop,False,2634.852,175.6568,5.69291937459865,53317.829,459.6364568965517,2.1756324699567196,67064,5.4,55.3,0.6,5622.8
turboquant,46,1,1,8,1,Qwen3-8B-DeepSeek-v3.2-Speciale-Distill.q4_k_m,turboquant,short,14246,91037,246,12,3,stop,False,11048.55,920.7125,1.086115372605455,94159.204,382.7609918699187,2.612596427641848,105284,5.4,75.2,0.6,5622.8
turboquant,46,1,1,8,1,Qwen3-8B-DeepSeek-v3.2-Speciale-Distill.q4_k_m,turboquant,short,14235,100607,291,15,0,stop,False,11046.229,736.4152666666666,1.3579294798251964,103731.034,356.4640343642612,2.8053321053369618,114843,5.4,75.3,0.6,5622.8
turboquant,46,1,1,8,1,Qwen3-8B-DeepSeek-v3.2-Speciale-Distill.q4_k_m,turboquant,short,14692,108825,368,15,0,stop,False,2633.782,175.5854666666667,5.695232179428669,109780.059,298.3153777173913,3.3521570616025995,123517,5.4,75.3,0.6,5622.8
turboquant,46,1,2,8,1,Qwen3-8B-DeepSeek-v3.2-Speciale-Distill.q4_k_m,turboquant,short,12466,171860,313,9,6,stop,False,10458.261,1162.029,0.8605637208709936,172824.668,552.1554888178914,1.8110840519595268,184326,5.4,24.4,0.8,5622.8
turboquant,46,1,2,8,1,Qwen3-8B-DeepSeek-v3.2-Speciale-Distill.q4_k_m,turboquant,short,12442,181049,328,9,6,stop,False,10461.07,1162.341111111111,0.8603326428367271,182013.002,554.9176890243903,1.8020690631760472,193492,5.4,31.2,0.8,5622.8
turboquant,46,1,2,8,1,Qwen3-8B-DeepSeek-v3.2-Speciale-Distill.q4_k_m,turboquant,short,12448,196510,354,9,6,stop,False,10460.167,1162.2407777777778,0.8604069131974661,197473.873,557.8357994350282,1.7926422094329413,208958,5.4,52.7,1.5,5622.8
turboquant,46,1,2,8,1,Qwen3-8B-DeepSeek-v3.2-Speciale-Distill.q4_k_m,turboquant,short,11991,200591,362,9,6,stop,False,972.552,108.06133333333334,9.25400389902031,211546.502,584.3826022099448,1.7112076852019988,212583,5.4,55.2,1.5,5622.8
turboquant,46,1,2,8,1,Qwen3-8B-DeepSeek-v3.2-Speciale-Distill.q4_k_m,turboquant,short,11990,225848,419,9,6,stop,False,973.164,108.12933333333334,9.248184273154372,236803.001,565.1622935560858,1.7694032517772023,237838,5.4,73.9,1.5,5622.8
turboquant,46,1,2,8,1,Qwen3-8B-DeepSeek-v3.2-Speciale-Distill.q4_k_m,turboquant,short,12433,285067,576,9,6,stop,False,10462.014,1162.446,0.8602550139963492,286029.945,496.579765625,2.013775166093186,297500,5.4,103.3,1.6,5622.8
turboquant,46,1,2,8,1,Qwen3-8B-DeepSeek-v3.2-Speciale-Distill.q4_k_m,turboquant,short,12454,288266,588,9,6,stop,False,10459.2,1162.1333333333334,0.8604864616796695,289230.533,491.88866156462586,2.0329803838517977,300720,5.4,103.3,1.6,5622.8
turboquant,46,1,2,8,1,Qwen3-8B-DeepSeek-v3.2-Speciale-Distill.q4_k_m,turboquant,short,12467,291692,614,9,6,stop,False,10457.514,1161.946,0.8606251925648869,292657.55,476.6409609120521,2.0980152399963714,304159,5.4,103.3,1.6,5622.8
turboquant,46,1,3,8,1,Qwen3-8B-DeepSeek-v3.2-Speciale-Distill.q4_k_m,turboquant,short,12481,100415,195,9,6,stop,False,11409.009,1267.6676666666667,0.7888502848932804,101372.745,519.8602307692307,1.9235939600925278,112897,5.5,1.5,0.6,5622.8
turboquant,46,1,3,8,1,Qwen3-8B-DeepSeek-v3.2-Speciale-Distill.q4_k_m,turboquant,short,12483,109858,212,9,6,stop,False,11409.626,1267.7362222222223,0.7888076261220132,110815.247,522.713429245283,1.9130941430830362,122341,5.5,1.5,0.6,5622.8
turboquant,46,1,3,8,1,Qwen3-8B-DeepSeek-v3.2-Speciale-Distill.q4_k_m,turboquant,short,12479,137982,266,9,6,stop,False,11410.094,1267.7882222222222,0.7887752721406153,138939.171,522.3277105263157,1.914506888773649,150462,5.5,1.5,0.6,5622.8
turboquant,46,1,3,8,1,Qwen3-8B-DeepSeek-v3.2-Speciale-Distill.q4_k_m,turboquant,short,12474,166740,328,9,6,stop,False,11408.022,1267.558,0.7889185346942704,167697.78,511.2737195121951,1.9558994758308665,179215,5.5,21.8,0.6,5622.8
turboquant,46,1,3,8,1,Qwen3-8B-DeepSeek-v3.2-Speciale-Distill.q4_k_m,turboquant,short,12465,175618,349,9,6,stop,False,11408.59,1267.621111111111,0.7888792567705563,176575.476,505.9469226361031,1.9764919110284604,188084,5.5,29.4,0.6,5622.8
turboquant,46,1,3,8,1,Qwen3-8B-DeepSeek-v3.2-Speciale-Distill.q4_k_m,turboquant,short,12482,195468,411,9,6,stop,False,11410.711,1267.8567777777778,0.7887326214816939,196424.902,477.9194695863747,2.092402723968268,207951,5.5,45.8,0.6,5622.8
turboquant,46,1,3,8,1,Qwen3-8B-DeepSeek-v3.2-Speciale-Distill.q4_k_m,turboquant,short,12481,206348,456,9,6,stop,False,11407.439,1267.4932222222224,0.7889588539548622,207305.84,454.61807017543856,2.199648596489129,218829,5.5,54.4,0.8,5622.8
turboquant,46,1,3,8,1,Qwen3-8B-DeepSeek-v3.2-Speciale-Distill.q4_k_m,turboquant,short,12474,214015,519,9,6,stop,False,11411.385,1267.9316666666666,0.788686035919391,214970.735,414.20180154142577,2.414282111469731,226489,5.5,59.9,0.8,5622.8
vanilla,46,1,1,1,1,granite-4.1-8b-q4_k_m,vanilla,long,13864,82627,917,160,9,stop,False,13842.375,86.51484375,11.558710120192526,82628.61,90.10753544165757,11.097850974378003,96491,0.3,16.4,0.8,6998.6
vanilla,46,1,2,1,1,granite-4.1-8b-q4_k_m,vanilla,long,9066,78952,898,34,9,stop,False,9022.664,265.37247058823533,3.768288390213799,78952.96,87.92089086859689,11.373861093998249,88019,0.3,1.5,0.6,6998.6
vanilla,46,1,3,1,1,granite-4.1-8b-q4_k_m,vanilla,long,9353,75963,858,34,9,stop,False,9311.662,273.8724117647059,3.6513352825736156,75963.955,88.5360780885781,11.29483055483354,85316,0.3,39.7,0.0,6998.6
vanilla,46,1,1,2,1,granite-4.1-8b-q4_k_m,vanilla,long,18796,104118,653,160,9,stop,False,18774.586,117.3411625,8.522158624429855,104119.641,159.4481485451761,6.271631305374939,122914,0.3,9.2,0.6,7332.1
vanilla,46,1,1,2,1,granite-4.1-8b-q4_k_m,vanilla,long,18796,125874,892,160,9,stop,False,18774.25,117.3390625,8.522311144253433,125875.369,141.115884529148,7.086374459803967,144670,0.3,9.5,0.8,7332.1
vanilla,46,1,2,2,1,granite-4.1-8b-q4_k_m,vanilla,long,10583,151408,946,34,9,stop,False,10518.882,309.37888235294116,3.232282670344624,151408.843,160.0516310782241,6.247983811619246,161991,0.3,77.3,1.2,7332.1
vanilla,46,1,2,2,1,granite-4.1-8b-q4_k_m,vanilla,long,10583,158619,1023,34,9,stop,False,10518.695,309.3733823529412,3.232340133448113,158620.053,155.05381524926688,6.449373711910183,169202,0.3,81.4,1.2,7332.1
vanilla,46,1,3,2,1,granite-4.1-8b-q4_k_m,vanilla,long,10869,122938,788,34,9,stop,False,10800.277,317.65520588235296,3.1480674060489373,122939.308,156.01435025380712,6.409666792658373,133808,0.4,2.6,0.2,7332.1
vanilla,46,1,3,2,1,granite-4.1-8b-q4_k_m,vanilla,long,10868,139520,973,34,9,stop,False,10800.289,317.6555588235294,3.148063908289861,139521.033,143.3926341212744,6.973858916311206,150388,0.4,2.6,0.2,7332.1
vanilla,46,1,1,4,1,granite-4.1-8b-q4_k_m,vanilla,long,20850,264643,832,160,9,stop,False,20818.153,130.11345624999998,7.6856001586692155,264646.127,318.08428725961534,3.143820804904506,285493,0.3,71.2,1.9,8055.8
vanilla,46,1,1,4,1,granite-4.1-8b-q4_k_m,vanilla,long,20847,270320,852,160,9,stop,False,20818.512,130.1157,7.685467626120445,270321.376,317.2786103286385,3.151804021595392,291168,0.3,74.7,2.0,8055.8
vanilla,46,1,1,4,1,granite-4.1-8b-q4_k_m,vanilla,long,34505,274090,941,160,9,stop,False,13657.699,85.36061875,11.715004115993477,274091.577,291.2769149840595,3.433159129877238,308595,0.3,83.6,2.0,8055.8
vanilla,46,1,1,4,1,granite-4.1-8b-q4_k_m,vanilla,long,20846,292516,991,160,9,stop,False,20817.785,130.11115625,7.685736018505331,292517.709,295.17427749747725,3.3878290767004473,313363,0.3,85.4,2.4,8055.8
vanilla,46,1,2,4,1,granite-4.1-8b-q4_k_m,vanilla,long,12030,289546,971,34,9,stop,False,11899.138,349.97464705882356,2.8573498349208153,289549.161,298.19687023686924,3.353489254282453,301577,0.4,98.8,1.6,8055.8
vanilla,46,1,2,4,1,granite-4.1-8b-q4_k_m,vanilla,long,12030,290663,975,34,9,stop,False,11899.227,349.97726470588236,2.8573284634371623,290664.494,298.11742974358975,3.3543828714077475,302693,0.4,99.1,1.6,8055.8
vanilla,46,1,2,4,1,granite-4.1-8b-q4_k_m,vanilla,long,12029,300030,1024,34,9,length,True,11899.524,349.986,2.8572571474287547,300032.653,293.0006376953125,3.4129618551884753,312060,0.4,100.2,1.6,8055.8
vanilla,46,1,2,4,1,granite-4.1-8b-q4_k_m,vanilla,long,12030,300031,1024,34,9,length,True,11899.195,349.97632352941173,2.857336147529308,300032.044,293.00004296875,3.412968782761084,312061,0.4,100.2,1.6,8055.8
vanilla,46,1,3,4,1,granite-4.1-8b-q4_k_m,vanilla,long,12014,231923,799,34,9,stop,False,11864.495,348.9557352941177,2.8656929772400765,231925.596,290.26983229036296,3.4450703750697707,243938,0.4,68.0,1.4,8055.8
vanilla,46,1,3,4,1,granite-4.1-8b-q4_k_m,vanilla,long,12012,243118,840,34,9,stop,False,11864.756,348.9634117647059,2.865629937943941,243118.884,289.42724285714286,3.455099769214143,255130,0.4,77.7,1.4,8055.8
vanilla,46,1,3,4,1,granite-4.1-8b-q4_k_m,vanilla,long,12013,250099,879,34,9,stop,False,11864.236,348.94811764705884,2.865755536218261,250101.829,284.5299533560865,3.5145684600331326,262113,0.4,82.9,1.6,8055.8
vanilla,46,1,3,4,1,granite-4.1-8b-q4_k_m,vanilla,long,12012,259395,979,34,9,stop,False,11864.359,348.95173529411767,2.865725826401578,259395.664,264.95982022471907,3.7741571501364803,271407,0.4,92.3,1.6,8055.8
vanilla,46,1,1,8,1,granite-4.1-8b-q4_k_m,vanilla,long,91243,289001,519,169,0,stop,False,30635.876,181.27737278106508,5.516408278973318,289002.693,556.8452658959538,1.7958310167026712,380244,0.3,83.5,2.5,9161.5
vanilla,46,1,1,8,1,granite-4.1-8b-q4_k_m,vanilla,long,17426,487352,746,169,0,stop,False,17399.792,102.95734911242604,9.712759784714667,487353.804,653.2892815013405,1.5307154553368378,504779,0.3,105.2,3.7,9161.5
vanilla,46,1,1,8,1,granite-4.1-8b-q4_k_m,vanilla,long,60579,455638,767,160,9,stop,False,43175.948,269.849675,3.7057669237511592,455639.833,594.0545410691004,1.6833471186001423,516217,0.3,113.7,3.7,9161.5
vanilla,46,1,1,8,1,granite-4.1-8b-q4_k_m,vanilla,long,91224,443198,805,160,9,stop,False,73810.712,461.31695,2.1677070395960953,443199.593,550.558500621118,1.8163374080535313,534422,0.3,133.3,3.9,9161.5
vanilla,46,1,1,8,1,granite-4.1-8b-q4_k_m,vanilla,long,91228,452249,829,160,9,stop,False,30635.382,191.4711375,5.2227192727676774,452251.165,545.5381966224367,1.8330522155758293,543478,0.3,139.9,3.9,9161.5
vanilla,46,1,1,8,1,granite-4.1-8b-q4_k_m,vanilla,long,17427,526351,832,169,0,stop,False,17399.238,102.95407100591717,9.713069043598345,526352.24,632.6349038461539,1.5806905276968137,543778,0.3,140.1,3.9,9161.5
vanilla,46,1,1,8,1,granite-4.1-8b-q4_k_m,vanilla,long,60606,486238,847,169,0,stop,False,43174.281,255.46911834319528,3.9143674448220684,486239.184,574.0722361275089,1.7419410608421884,546844,0.3,142.7,3.9,9161.5
vanilla,46,1,1,8,1,granite-4.1-8b-q4_k_m,vanilla,long,60583,486975,855,160,9,length,True,43175.534,269.8470875,3.7058024574751065,486976.217,569.5628269005848,1.7557325597278601,547558,0.3,143.2,3.9,9161.5
vanilla,46,1,2,8,1,granite-4.1-8b-q4_k_m,vanilla,long,15673,531488,920,34,9,stop,False,15461.596,454.7528235294117,2.1989967917930335,531489.514,577.7059934782608,1.730984291818032,547161,0.5,156.2,3.3,9161.5
vanilla,46,1,2,8,1,granite-4.1-8b-q4_k_m,vanilla,long,15657,547207,947,34,9,stop,False,15461.072,454.7374117647059,2.1990713192461686,547210.07,577.8353431890179,1.7305968071822948,562865,0.5,171.5,3.3,9161.5
vanilla,46,1,2,8,1,granite-4.1-8b-q4_k_m,vanilla,long,15657,549327,951,34,9,stop,False,15460.996,454.7351764705882,2.1990821289909137,549331.262,577.635396424816,1.7311958480891991,564984,0.5,173.1,3.3,9161.5
vanilla,46,1,2,8,1,granite-4.1-8b-q4_k_m,vanilla,long,15648,554185,962,34,9,stop,False,15460.98,454.73470588235296,2.199084404740191,554189.323,576.0803773388773,1.7358688810394134,569834,0.5,176.3,3.3,9161.5
vanilla,46,1,2,8,1,granite-4.1-8b-q4_k_m,vanilla,long,15676,558309,974,34,9,stop,False,15461.25,454.74264705882354,2.1990460021020293,558311.368,573.2149568788501,1.7445462439518158,573985,0.5,180.4,3.3,9161.5
vanilla,46,1,2,8,1,granite-4.1-8b-q4_k_m,vanilla,long,15672,560285,981,34,9,length,True,15461.37,454.74617647058824,2.199028934693368,560286.872,571.1385035677879,1.7508887839870717,575958,0.5,182.3,3.3,9161.5
vanilla,46,1,2,8,1,granite-4.1-8b-q4_k_m,vanilla,long,15675,560284,981,34,9,length,True,15461.236,454.7422352941177,2.199047993316964,560286.323,571.1379439347604,1.7508904996062167,575959,0.5,182.3,3.3,9161.5
vanilla,46,1,2,8,1,granite-4.1-8b-q4_k_m,vanilla,long,15665,560283,981,34,9,length,True,15461.093,454.7380294117647,2.1990683323617546,560286.262,571.137881753313,1.7508906902307735,575948,0.5,182.3,3.3,9161.5
vanilla,46,1,3,8,1,granite-4.1-8b-q4_k_m,vanilla,long,15931,424465,757,34,9,stop,False,15670.338,460.89229411764705,2.169704316524634,424468.441,560.7244927344782,1.7834070260125652,440397,0.6,168.3,3.0,9161.5
vanilla,46,1,3,8,1,granite-4.1-8b-q4_k_m,vanilla,long,15934,458862,815,34,9,stop,False,15670.712,460.903294117647,2.1696525339754826,458864.067,563.0233950920245,1.7761251285775665,474796,0.6,168.6,3.1,9161.5
vanilla,46,1,3,8,1,granite-4.1-8b-q4_k_m,vanilla,long,15935,476608,848,34,9,stop,False,15671.059,460.9135,2.16960449194914,476610.139,562.0402582547171,1.7792319772702108,492544,0.6,170.3,3.8,9161.5
vanilla,46,1,3,8,1,granite-4.1-8b-q4_k_m,vanilla,long,15933,484964,866,34,9,stop,False,15670.187,460.88785294117645,2.169725224083159,484967.707,560.0088995381062,1.7856859075361073,500898,0.6,170.3,3.8,9161.5
vanilla,46,1,3,8,1,granite-4.1-8b-q4_k_m,vanilla,long,15938,488770,876,34,9,stop,False,15670.498,460.897,2.169682163259904,488772.288,557.9592328767123,1.7922456356609153,504708,0.6,170.3,3.8,9161.5
vanilla,46,1,3,8,1,granite-4.1-8b-q4_k_m,vanilla,long,15936,506062,937,34,9,stop,False,15671.306,460.9207647058824,2.169570296183356,506063.406,540.0890138740662,1.8515466419636752,521998,0.6,170.3,3.8,9161.5
vanilla,46,1,3,8,1,granite-4.1-8b-q4_k_m,vanilla,long,15935,507197,943,34,9,stop,False,15670.852,460.9074117647059,2.169633150769339,507199.428,537.8572937433722,1.8592292261023604,523133,0.6,170.3,3.8,9161.5
vanilla,46,1,3,8,1,granite-4.1-8b-q4_k_m,vanilla,long,15929,508576,958,34,9,stop,False,15670.066,460.8842941176471,2.1697419781129192,508579.949,530.8767734864301,1.8836763067118087,524506,0.6,170.3,3.8,9161.5
vanilla,46,1,1,1,1,granite-4.1-8b-q4_k_m,vanilla,medium,9291,67063,771,35,9,stop,False,9272.302,264.9229142857143,3.7746829212422117,67064.256,86.98347081712062,11.496437088633327,76355,0.3,11.8,0.2,6920.1
vanilla,46,1,2,1,1,granite-4.1-8b-q4_k_m,vanilla,medium,1305,76025,866,22,11,stop,False,1267.385,57.60840909090909,17.35857691230368,76025.936,87.78976443418014,11.390849564811672,77330,0.3,0.0,0.0,6920.1
vanilla,46,1,3,1,1,granite-4.1-8b-q4_k_m,vanilla,medium,1370,82500,939,23,9,stop,False,1330.325,57.84021739130435,17.289008325033354,82501.282,87.86079020234293,11.381641318010065,83870,0.3,16.5,0.6,6920.1
vanilla,46,1,1,2,1,granite-4.1-8b-q4_k_m,vanilla,medium,18745,88444,583,35,9,stop,False,9406.512,268.75748571428574,3.7208265933217324,88445.304,151.70721097770155,6.591644481203886,107190,0.2,9.9,0.2,7170.1
vanilla,46,1,1,2,1,granite-4.1-8b-q4_k_m,vanilla,medium,9339,114067,765,35,9,stop,False,9320.155,266.2901428571429,3.755302352804218,114068.491,149.1091385620915,6.7064970641191355,123407,0.2,9.9,0.2,7170.1
vanilla,46,1,2,2,1,granite-4.1-8b-q4_k_m,vanilla,medium,9687,117384,758,22,11,stop,False,9634.05,437.9113636363636,2.2835671394688632,117385.362,154.8619551451187,6.457363908798101,127072,0.3,29.9,0.6,7170.1
vanilla,46,1,2,2,1,granite-4.1-8b-q4_k_m,vanilla,medium,9688,135357,953,22,11,stop,False,9634.058,437.9117272727273,2.283565243223572,135358.782,142.0343987408185,7.040547986018373,145045,0.3,42.4,0.8,7170.1
vanilla,46,1,3,2,1,granite-4.1-8b-q4_k_m,vanilla,medium,9987,122967,787,23,9,stop,False,9925.112,431.52660869565216,2.317354202149054,122968.459,156.24963024142312,6.40001514534715,132954,0.3,43.3,1.3,7170.1
vanilla,46,1,3,2,1,granite-4.1-8b-q4_k_m,vanilla,medium,9987,142983,1007,23,9,stop,False,9925.164,431.5288695652174,2.317342061048059,142983.657,141.989728897716,7.042762936186476,152970,0.3,43.3,1.3,7170.1
vanilla,46,1,1,4,1,granite-4.1-8b-q4_k_m,vanilla,medium,11665,186481,628,35,9,stop,False,11639.476,332.55645714285714,3.0070082192703516,186482.208,296.94619108280256,3.3676134937226827,198146,0.3,6.3,1.3,7604.1
vanilla,46,1,1,4,1,granite-4.1-8b-q4_k_m,vanilla,medium,11667,197266,669,35,9,stop,False,11639.003,332.54294285714286,3.007130421738013,197268.279,294.87037219730945,3.3913207100062954,208934,0.3,9.1,1.4,7604.1
vanilla,46,1,1,4,1,granite-4.1-8b-q4_k_m,vanilla,medium,11665,203691,704,35,9,stop,False,11638.517,332.52905714285714,3.0072559931819494,203692.065,289.3353196022727,3.4561974714135277,215356,0.3,13.9,1.4,7604.1
vanilla,46,1,1,4,1,granite-4.1-8b-q4_k_m,vanilla,medium,21185,194790,710,35,9,stop,False,9520.435,272.01242857142853,3.676302605920843,194791.502,274.3542281690141,3.6449228673230314,215976,0.3,14.4,1.4,7604.1
vanilla,46,1,2,4,1,granite-4.1-8b-q4_k_m,vanilla,medium,11689,189740,670,22,11,stop,False,11593.957,526.9980454545455,1.8975402444566596,189742.41,283.1976268656716,3.5311030359527953,201430,0.3,71.8,0.9,7604.1
vanilla,46,1,2,4,1,granite-4.1-8b-q4_k_m,vanilla,medium,11689,196578,696,22,11,stop,False,11593.943,526.9974090909091,1.897542535787868,196579.224,282.44141379310344,3.540557266621421,208267,0.3,71.8,0.9,7604.1
vanilla,46,1,2,4,1,granite-4.1-8b-q4_k_m,vanilla,medium,11688,197768,703,22,11,stop,False,11594.061,527.0027727272727,1.8975232233123493,197769.43,281.3220910384068,3.5546444159747037,209457,0.3,71.8,0.9,7604.1
vanilla,46,1,2,4,1,granite-4.1-8b-q4_k_m,vanilla,medium,11691,197946,705,22,11,stop,False,11594.187,527.0085,1.897502601950443,197948.273,280.7776921985815,3.561536503023697,209637,0.3,71.8,0.9,7604.1
vanilla,46,1,3,4,1,granite-4.1-8b-q4_k_m,vanilla,medium,11809,220967,767,23,9,stop,False,11711.066,509.1767826086957,1.9639544342077826,220969.044,288.0952333767927,3.4710744370148063,232776,0.4,100.1,1.6,7604.1
vanilla,46,1,3,4,1,granite-4.1-8b-q4_k_m,vanilla,medium,11808,222579,773,23,9,stop,False,11711.218,509.1833913043479,1.9639289440261465,222581.445,287.9449482535576,3.472886070984039,234388,0.4,100.1,1.6,7604.1
vanilla,46,1,3,4,1,granite-4.1-8b-q4_k_m,vanilla,medium,11807,240554,868,23,9,stop,False,11711.155,509.1806521739131,1.9639395089553504,240555.142,277.1372603686636,3.6083202910707266,252362,0.4,101.6,2.1,7604.1
vanilla,46,1,3,4,1,granite-4.1-8b-q4_k_m,vanilla,medium,11808,243315,898,23,9,stop,False,11711.105,509.17847826086955,1.9639478939007036,243315.734,270.9529331848552,3.6906778909743667,255124,0.4,101.6,2.1,7604.1
vanilla,46,1,1,8,1,granite-4.1-8b-q4_k_m,vanilla,medium,11692,359601,615,35,9,stop,False,11661.17,333.1762857142857,3.0014140948120986,359602.878,584.7201268292683,1.7102199054146612,371294,0.3,85.9,1.9,8649.3
vanilla,46,1,1,8,1,granite-4.1-8b-q4_k_m,vanilla,medium,11693,383028,657,35,9,stop,False,11662.43,333.2122857142857,3.001089824333351,383029.999,582.9984764079148,1.7152703488376115,394722,0.3,86.2,2.1,8649.3
vanilla,46,1,1,8,1,granite-4.1-8b-q4_k_m,vanilla,medium,35338,375776,688,35,9,stop,False,23649.444,675.6984,1.4799502263139885,375778.582,546.1897994186046,1.8308653897682758,411114,0.3,86.2,2.1,8649.3
vanilla,46,1,1,8,1,granite-4.1-8b-q4_k_m,vanilla,medium,35354,375775,688,35,9,stop,False,23651.349,675.7528285714285,1.4798310235919314,375777.586,546.1883517441861,1.8308702424843402,411129,0.3,86.2,2.1,8649.3
vanilla,46,1,1,8,1,granite-4.1-8b-q4_k_m,vanilla,medium,35330,381489,704,35,9,stop,False,23648.815,675.6804285714285,1.4799895893303745,381490.609,541.8900696022728,1.8453927394055458,416819,0.3,86.2,2.1,8649.3
vanilla,46,1,1,8,1,granite-4.1-8b-q4_k_m,vanilla,medium,35321,384246,714,44,0,stop,False,23648.232,537.4598181818182,1.860604209227988,384248.501,538.1631666666666,1.8581725059221506,419567,0.3,86.2,2.1,8649.3
vanilla,46,1,1,8,1,granite-4.1-8b-q4_k_m,vanilla,medium,35314,393151,761,44,0,stop,False,23651.969,537.54475,1.860310234636279,393152.483,516.6261274638633,1.9356357467033978,428466,0.3,86.2,2.1,8649.3
vanilla,46,1,1,8,1,granite-4.1-8b-q4_k_m,vanilla,medium,11695,423318,833,35,9,stop,False,11661.822,333.1949142857143,3.0012462889589635,423319.376,508.1865258103241,1.9677814133412124,435013,0.3,86.2,2.1,8649.3
vanilla,46,1,2,8,1,granite-4.1-8b-q4_k_m,vanilla,medium,12367,353238,644,22,11,stop,False,12189.75,554.0795454545455,1.8047950122028755,353240.108,548.5094844720497,1.8231225317143205,365605,0.4,116.6,2.0,8649.3
vanilla,46,1,2,8,1,granite-4.1-8b-q4_k_m,vanilla,medium,12367,370183,674,22,11,stop,False,12189.824,554.0829090909091,1.804784055946993,370184.264,549.2348130563798,1.8207148859250266,382551,0.4,129.9,2.0,8649.3
vanilla,46,1,2,8,1,granite-4.1-8b-q4_k_m,vanilla,medium,12349,401159,737,22,11,stop,False,12190.288,554.104,1.8047153602933745,401163.302,544.3192700135686,1.8371570787399691,413509,0.4,155.1,2.0,8649.3
vanilla,46,1,2,8,1,granite-4.1-8b-q4_k_m,vanilla,medium,12351,405769,748,22,11,stop,False,12190.073,554.0942272727273,1.8047471906033703,405772.316,542.47635828877,1.843398306157486,418120,0.4,159.0,2.0,8649.3
vanilla,46,1,2,8,1,granite-4.1-8b-q4_k_m,vanilla,medium,12350,411230,763,22,11,stop,False,12190.193,554.0996818181818,1.8047294247105032,411233.857,538.9696684141546,1.8553919795567806,423580,0.4,163.1,2.1,8649.3
vanilla,46,1,2,8,1,granite-4.1-8b-q4_k_m,vanilla,medium,12367,418285,789,22,11,stop,False,12189.767,554.0803181818181,1.8047924952134031,418285.915,530.1469138149556,1.886269586677333,430652,0.4,169.4,2.2,8649.3
vanilla,46,1,2,8,1,granite-4.1-8b-q4_k_m,vanilla,medium,12369,427094,839,22,11,stop,False,12189.933,554.0878636363636,1.8047679179204676,427097.654,509.0556066746126,1.9644219352232735,439463,0.4,177.4,2.2,8649.3
vanilla,46,1,2,8,1,granite-4.1-8b-q4_k_m,vanilla,medium,12355,441139,991,22,11,length,True,12190.056,554.0934545454546,1.8047497074664791,441140.88,445.14720484359236,2.2464478921110187,453494,0.4,188.5,2.2,8649.3
vanilla,46,1,3,8,1,granite-4.1-8b-q4_k_m,vanilla,medium,12336,420858,753,23,9,stop,False,12106.549,526.3716956521739,1.899798200131185,420861.172,558.9125790172643,1.789188573566012,433194,0.6,132.8,1.8,8649.3
vanilla,46,1,3,8,1,granite-4.1-8b-q4_k_m,vanilla,medium,12327,471869,839,23,9,stop,False,12106.597,526.3737826086956,1.8997906678482814,471870.875,562.420589988081,1.7780287880662269,484196,0.6,133.1,2.0,8649.3
vanilla,46,1,3,8,1,granite-4.1-8b-q4_k_m,vanilla,medium,12327,476950,849,23,9,stop,False,12106.585,526.3732608695652,1.899792550913408,476953.852,561.7831001177857,1.7800464267977019,489277,0.6,133.1,2.0,8649.3
vanilla,46,1,3,8,1,granite-4.1-8b-q4_k_m,vanilla,medium,12337,491986,885,23,9,stop,False,12106.621,526.3748260869564,1.8997869017292277,491990.715,555.9217118644068,1.7988144349431474,504323,0.6,140.7,2.0,8649.3
vanilla,46,1,3,8,1,granite-4.1-8b-q4_k_m,vanilla,medium,12327,498869,904,23,9,stop,False,12106.543,526.3714347826087,1.8997991416707478,498871.33,551.8488163716814,1.812090504379155,511196,0.6,146.2,2.0,8649.3
vanilla,46,1,3,8,1,granite-4.1-8b-q4_k_m,vanilla,medium,12313,509024,942,23,9,stop,False,12106.592,526.3735652173913,1.899791452458297,509025.156,540.3664076433121,1.8505961618918494,521337,0.6,158.6,2.7,8649.3
vanilla,46,1,3,8,1,granite-4.1-8b-q4_k_m,vanilla,medium,12333,511689,956,23,9,stop,False,12106.684,526.3775652173913,1.8997770157377527,511691.647,535.2423085774059,1.8683126949695936,524022,0.6,160.9,2.7,8649.3
vanilla,46,1,3,8,1,granite-4.1-8b-q4_k_m,vanilla,medium,12331,512523,965,23,9,stop,False,12106.491,526.3691739130435,1.8998073017193835,512525.734,531.1147502590674,1.8828322872076506,524855,0.6,161.6,2.7,8649.3
vanilla,46,1,1,1,1,granite-4.1-8b-q4_k_m,vanilla,short,1345,1055,14,23,9,stop,False,1326.31,57.66565217391304,17.34134553761941,1056.578,75.46985714285714,13.250323213241238,2400,0.2,1.8,0.0,6482.6
vanilla,46,1,2,1,1,granite-4.1-8b-q4_k_m,vanilla,short,1173,10492,128,20,12,stop,False,1154.167,57.708349999999996,17.328514850970443,10493.499,81.9804609375,12.198028512701054,11665,0.2,7.9,0.0,6482.6
vanilla,46,1,3,1,1,granite-4.1-8b-q4_k_m,vanilla,short,1177,1868,24,20,12,stop,False,1155.864,57.7932,17.303073718015266,1869.558,77.89825,12.837258860115599,3046,0.2,1.5,0.0,6482.6
vanilla,46,1,1,2,1,granite-4.1-8b-q4_k_m,vanilla,short,1343,2241,8,23,9,stop,False,1323.199,57.53039130434783,17.382117126751155,2242.032,280.254,3.5681917118042916,3584,0.2,2.4,0.0,6714.7
vanilla,46,1,1,2,1,granite-4.1-8b-q4_k_m,vanilla,short,2746,1397,14,23,9,stop,False,1403.525,61.02282608695653,16.387310521722092,1398.25,99.875,10.012515644555695,4143,0.2,3.3,0.0,6714.7
vanilla,46,1,2,2,1,granite-4.1-8b-q4_k_m,vanilla,short,9636,12883,92,20,12,stop,False,9614.928,480.7464,2.080098779730852,12885.302,140.0576304347826,7.139918024428144,22520,0.2,9.1,0.2,6714.7
vanilla,46,1,2,2,1,granite-4.1-8b-q4_k_m,vanilla,short,9636,13290,97,20,12,stop,False,9614.48,480.724,2.0801957048119086,13291.779,137.0286494845361,7.2977439664020896,22927,0.2,9.1,0.2,6714.7
vanilla,46,1,3,2,1,granite-4.1-8b-q4_k_m,vanilla,short,9363,3267,24,20,12,stop,False,9337.644,466.8822,2.1418679058657624,3268.573,136.19054166666666,7.342653812535318,12631,0.2,0.0,0.0,6714.7
vanilla,46,1,3,2,1,granite-4.1-8b-q4_k_m,vanilla,short,9363,3508,27,20,12,stop,False,9338.023,466.90115,2.14178097440968,3509.794,129.99237037037037,7.69275917617957,12872,0.2,0.0,0.0,6714.7
vanilla,46,1,1,4,1,granite-4.1-8b-q4_k_m,vanilla,short,20191,1840,8,23,9,stop,False,10293.199,447.53039130434786,2.2344851197377995,1841.051,230.131375,4.345344045330629,22032,0.2,4.7,0.0,6814.5
vanilla,46,1,1,4,1,granite-4.1-8b-q4_k_m,vanilla,short,9898,13270,14,23,9,stop,False,9873.616,429.28765217391305,2.3294403995456174,13271.497,947.9640714285714,1.054892300393844,23169,0.2,4.7,0.0,6814.5
vanilla,46,1,1,4,1,granite-4.1-8b-q4_k_m,vanilla,short,9899,13270,14,23,9,stop,False,9874.103,429.30882608695646,2.329325509365256,13271.456,947.9611428571428,1.0548955593116536,23169,0.2,4.7,0.0,6814.5
vanilla,46,1,1,4,1,granite-4.1-8b-q4_k_m,vanilla,short,20193,3057,14,23,9,stop,False,10293.657,447.55030434782606,2.2343856998538034,3058.523,218.46592857142858,4.57737280380105,23251,0.2,4.7,0.0,6814.5
vanilla,46,1,2,4,1,granite-4.1-8b-q4_k_m,vanilla,short,9887,35550,100,20,12,stop,False,9861.743,493.08715,2.0280390596266806,35551.675,355.51675,2.8128069915130576,45437,0.2,0.0,0.0,6814.5
vanilla,46,1,2,4,1,granite-4.1-8b-q4_k_m,vanilla,short,9885,40414,121,20,12,stop,False,9861.258,493.0629,2.028138803385937,40415.514,334.01251239669426,2.993899817777896,50299,0.2,0.0,0.0,6814.5
vanilla,46,1,2,4,1,granite-4.1-8b-q4_k_m,vanilla,short,19489,30955,121,20,12,stop,False,9603.103,480.15514999999994,2.082660156826393,30956.634,255.83995041322314,3.9086936906641725,50445,0.2,0.0,0.0,6814.5
vanilla,46,1,2,4,1,granite-4.1-8b-q4_k_m,vanilla,short,19489,35282,173,20,12,stop,False,9602.645,480.13225,2.0827594897030974,35282.998,203.94796531791908,4.903211456123994,54771,0.2,0.0,0.0,6814.5
vanilla,46,1,3,4,1,granite-4.1-8b-q4_k_m,vanilla,short,11390,3953,16,20,12,stop,False,11350.132,567.5065999999999,1.762094044368823,3955.435,247.2146875,4.045067103871003,15344,0.2,0.0,0.0,6814.5
vanilla,46,1,3,4,1,granite-4.1-8b-q4_k_m,vanilla,short,11388,5376,23,20,12,stop,False,11348.939,567.44695,1.7622792756221528,5377.137,233.7885652173913,4.277369165040802,16765,0.2,0.0,0.0,6814.5
vanilla,46,1,3,4,1,granite-4.1-8b-q4_k_m,vanilla,short,11391,5520,24,20,12,stop,False,11349.34,567.467,1.7622170099759105,5521.317,230.054875,4.346788999798418,16911,0.2,0.0,0.0,6814.5
vanilla,46,1,3,4,1,granite-4.1-8b-q4_k_m,vanilla,short,11391,5520,24,20,12,stop,False,11349.764,567.4882,1.7621511777689827,5521.3,230.05416666666667,4.34680238349664,16911,0.2,0.0,0.0,6814.5
vanilla,46,1,1,8,1,granite-4.1-8b-q4_k_m,vanilla,short,25483,3579,8,32,0,stop,False,24121.627,753.80084375,1.3266103484644713,3580.344,447.543,2.234422167255437,29062,0.3,4.8,0.0,6914.6
vanilla,46,1,1,8,1,granite-4.1-8b-q4_k_m,vanilla,short,25489,3579,8,32,0,stop,False,24122.208,753.819,1.3265783961401876,3580.275,447.534375,2.234465229626216,29068,0.3,4.8,0.0,6914.6
vanilla,46,1,1,8,1,granite-4.1-8b-q4_k_m,vanilla,short,25515,3575,8,23,9,stop,False,24124.478,1048.890347826087,0.9533885044061887,3579.563,447.445375,2.2349096803157256,29090,0.3,4.8,0.0,6914.6
vanilla,46,1,1,8,1,granite-4.1-8b-q4_k_m,vanilla,short,1384,29448,14,23,9,stop,False,1358.952,59.08486956521739,16.924806762858438,29449.995,2103.5710714285715,0.475382084105617,30832,0.3,4.8,0.0,6914.6
vanilla,46,1,1,8,1,granite-4.1-8b-q4_k_m,vanilla,short,25498,5634,14,23,9,stop,False,24122.828,1048.8186086956523,0.9534537161231676,5636.351,402.5965,2.48387653643288,31132,0.3,4.8,0.0,6914.6
vanilla,46,1,1,8,1,granite-4.1-8b-q4_k_m,vanilla,short,25511,5634,14,23,9,stop,False,24125.08,1048.9165217391305,0.9533647142309994,5634.922,402.49442857142856,2.484506440373088,31145,0.3,4.8,0.0,6914.6
vanilla,46,1,1,8,1,granite-4.1-8b-q4_k_m,vanilla,short,25469,5633,14,32,0,stop,False,24125.69,753.9278125,1.3263869344255026,5634.72,402.48,2.4845955078513215,31103,0.3,4.8,0.0,6914.6
vanilla,46,1,1,8,1,granite-4.1-8b-q4_k_m,vanilla,short,25514,5633,14,23,9,stop,False,24123.869,1048.8638695652173,0.9534125724194572,5635.784,402.556,2.4841264320988885,31147,0.3,4.8,0.0,6914.6
vanilla,46,1,2,8,1,granite-4.1-8b-q4_k_m,vanilla,short,13531,37233,74,20,12,stop,False,12381.713,619.08565,1.6152853809485004,37236.929,503.2017432432432,1.9872745145014512,50765,0.3,0.0,0.0,6914.6
vanilla,46,1,2,8,1,granite-4.1-8b-q4_k_m,vanilla,short,13576,42205,85,20,12,stop,False,12380.253,619.01265,1.615475871131228,42207.748,496.5617411764706,2.013848263119842,55781,0.3,0.0,0.0,6914.6
vanilla,46,1,2,8,1,granite-4.1-8b-q4_k_m,vanilla,short,13589,58969,125,20,12,stop,False,12379.294,618.9647,1.6156010189272507,58971.094,471.768752,2.119682568547906,72559,0.3,0.0,0.0,6914.6
vanilla,46,1,2,8,1,granite-4.1-8b-q4_k_m,vanilla,short,13564,58967,125,20,12,stop,False,12381.214,619.0607,1.6153504817863578,58970.253,471.762024,2.1197127982476185,72532,0.3,0.0,0.0,6914.6
vanilla,46,1,2,8,1,granite-4.1-8b-q4_k_m,vanilla,short,13574,59647,127,20,12,stop,False,12380.733,619.03665,1.6154132392645895,59648.598,469.674,2.129136379701665,73221,0.3,0.0,0.0,6914.6
vanilla,46,1,2,8,1,granite-4.1-8b-q4_k_m,vanilla,short,1206,73201,133,20,12,stop,False,1181.578,59.0789,16.926516912129372,73202.139,550.392022556391,1.8168867988953166,74408,0.3,1.3,0.5,6914.6
vanilla,46,1,2,8,1,granite-4.1-8b-q4_k_m,vanilla,short,13587,61673,137,20,12,stop,False,12378.826,618.9413,1.615662099136057,61674.428,450.1783065693431,2.2213420447125993,75261,0.3,1.3,0.5,6914.6
vanilla,46,1,2,8,1,granite-4.1-8b-q4_k_m,vanilla,short,13583,67850,211,20,12,stop,False,12379.775,618.98875,1.615538246858283,67855.309,321.58914218009477,3.1095577208262366,81434,0.3,1.5,0.6,6914.6
vanilla,46,1,3,8,1,granite-4.1-8b-q4_k_m,vanilla,short,11599,17524,15,20,12,stop,False,11553.343,577.66715,1.7311006866151208,17526.784,1168.4522666666667,0.8558329925216172,29123,0.3,1.5,0.5,6914.6
vanilla,46,1,3,8,1,granite-4.1-8b-q4_k_m,vanilla,short,11597,21295,23,20,12,stop,False,11552.941,577.64705,1.731160922573741,21295.967,925.9116086956521,1.0800166998756149,32892,0.3,1.5,0.5,6914.6
vanilla,46,1,3,8,1,granite-4.1-8b-q4_k_m,vanilla,short,11599,21703,24,20,12,stop,False,11552.201,577.61005,1.7312718156479445,21705.832,904.4096666666666,1.105693621880055,33303,0.3,1.5,0.5,6914.6
vanilla,46,1,3,8,1,granite-4.1-8b-q4_k_m,vanilla,short,11599,21703,24,20,12,stop,False,11552.558,577.6279000000001,1.7312183154587926,21705.855,904.410625,1.1056924502628438,33303,0.3,1.5,0.5,6914.6
vanilla,46,1,3,8,1,granite-4.1-8b-q4_k_m,vanilla,short,11586,21703,24,20,12,stop,False,11553.689,577.68445,1.7310488450918142,21704.746,904.3644166666667,1.1057489454149798,33289,0.3,1.5,0.5,6914.6
vanilla,46,1,3,8,1,granite-4.1-8b-q4_k_m,vanilla,short,22503,10988,24,20,12,stop,False,10909.833,545.49165,1.8332086293163241,10988.966,457.87358333333333,2.1840089413326056,33492,0.3,1.5,0.5,6914.6
vanilla,46,1,3,8,1,granite-4.1-8b-q4_k_m,vanilla,short,22496,10988,24,20,12,stop,False,10910.23,545.5115,1.8331419227642316,10988.948,457.87283333333335,2.1840125187597574,33484,0.3,1.5,0.5,6914.6
vanilla,46,1,3,8,1,granite-4.1-8b-q4_k_m,vanilla,short,22490,10988,24,20,12,stop,False,10910.641,545.53205,1.8330728689542621,10988.883,457.870125,2.184025437344269,33478,0.3,1.5,0.5,6914.6
turboquant,46,1,1,1,1,granite-4.1-8b-q4_k_m,turboquant,long,13570,111682,798,160,9,stop,False,13550.047,84.68779375,11.808077123274924,111683.324,139.9540401002506,7.145202805747437,125253,3.6,27.2,0.0,5765.6
turboquant,46,1,2,1,1,granite-4.1-8b-q4_k_m,turboquant,long,10049,140894,1019,34,9,stop,False,10025.44,294.8658823529412,3.391372348744793,140895.024,138.2679332679097,7.23233490488635,150944,3.6,28.8,0.0,5765.6
turboquant,46,1,3,1,1,granite-4.1-8b-q4_k_m,turboquant,long,10681,98398,775,34,9,stop,False,10656.677,313.43167647058823,3.1904879917069833,98399.275,126.9668064516129,7.876074290181508,109080,3.7,48.9,0.0,5765.6
turboquant,46,1,1,2,1,granite-4.1-8b-q4_k_m,turboquant,long,26928,171422,701,160,9,stop,False,13322.597,83.26623125,12.00967048691783,171423.693,244.54164479315264,4.089283037438705,198351,0.5,29.0,1.4,5823.9
turboquant,46,1,1,2,1,granite-4.1-8b-q4_k_m,turboquant,long,13606,194512,759,160,9,stop,False,13584.8,84.905,11.777869383428538,194513.14,256.27554677206854,3.902050010605967,208118,0.5,29.0,1.4,5823.9
turboquant,46,1,2,2,1,granite-4.1-8b-q4_k_m,turboquant,long,12484,219549,910,34,9,stop,False,12453.907,366.2913823529411,2.7300669581039916,219550.372,241.26414505494506,4.144834698799781,232034,0.6,81.4,1.6,5823.9
turboquant,46,1,2,2,1,granite-4.1-8b-q4_k_m,turboquant,long,12485,229752,967,34,9,stop,False,12453.784,366.28776470588235,2.7300939216546554,229753.585,237.59419338159253,4.208857067453376,242237,0.6,81.4,1.6,5823.9
turboquant,46,1,3,2,1,granite-4.1-8b-q4_k_m,turboquant,long,12423,176354,775,34,9,stop,False,12392.235,364.4775,2.743653586298194,176355.41,227.5553677419355,4.394534877041765,188778,0.6,92.9,1.4,5823.9
turboquant,46,1,3,2,1,granite-4.1-8b-q4_k_m,turboquant,long,12423,191269,864,34,9,stop,False,12392.166,364.4754705882353,2.743668863054288,191270.701,221.37812615740742,4.517158119266787,203693,0.6,99.2,1.5,5823.9
turboquant,46,1,1,4,1,granite-4.1-8b-q4_k_m,turboquant,long,44140,300925,722,160,9,stop,False,30630.201,191.43875625,5.223602678937693,300925.785,416.79471606648195,2.3992626620546993,345065,0.5,102.3,1.9,6020.8
turboquant,46,1,1,4,1,granite-4.1-8b-q4_k_m,turboquant,long,13510,354403,769,160,9,stop,False,13484.843,84.28026875,11.86517336538512,354404.325,460.8638816644994,2.1698380797130508,367913,0.5,102.3,1.9,6020.8
turboquant,46,1,1,4,1,granite-4.1-8b-q4_k_m,turboquant,long,44140,329118,783,160,9,stop,False,30630.988,191.443675,5.223468469250811,329120.762,420.3330293742018,2.3790659551280453,373259,0.5,102.3,1.9,6020.8
turboquant,46,1,1,4,1,granite-4.1-8b-q4_k_m,turboquant,long,44140,348057,888,160,9,stop,False,30629.796,191.43622499999998,5.223671747601584,348058.532,391.95780630630634,2.5512950218384534,392197,0.5,102.3,1.9,6020.8
turboquant,46,1,2,4,1,granite-4.1-8b-q4_k_m,turboquant,long,12285,361508,891,34,9,stop,False,12236.853,359.90744117647057,2.778492149901613,361510.769,405.7359921436588,2.4646568689078254,373794,0.6,103.2,1.6,6020.8
turboquant,46,1,2,4,1,granite-4.1-8b-q4_k_m,turboquant,long,12284,398606,968,34,9,stop,False,12237.149,359.9161470588235,2.7784249419533915,398607.274,411.7843739669421,2.428455432551891,410890,0.6,104.6,2.2,6020.8
turboquant,46,1,2,4,1,granite-4.1-8b-q4_k_m,turboquant,long,12284,404084,984,34,9,stop,False,12236.922,359.9094705882353,2.778476482893329,404084.834,410.65531910569104,2.435132222754987,416368,0.6,104.7,2.2,6020.8
turboquant,46,1,2,4,1,granite-4.1-8b-q4_k_m,turboquant,long,12286,411446,1024,34,9,length,True,12236.964,359.91070588235294,2.7784669465400076,411448.519,401.8051943359375,2.488768224245328,423733,0.6,106.6,2.2,6020.8
turboquant,46,1,3,4,1,granite-4.1-8b-q4_k_m,turboquant,long,12267,319211,810,34,9,stop,False,12184.354,358.36335294117646,2.7904639014920285,319212.107,394.08902098765435,2.5374977397082246,331478,0.7,131.7,1.4,6020.8
turboquant,46,1,3,4,1,granite-4.1-8b-q4_k_m,turboquant,long,12269,328884,830,34,9,stop,False,12184.22,358.35941176470584,2.790494590544163,328887.321,396.2497843373494,2.523660679518868,341153,0.7,141.1,1.4,6020.8
turboquant,46,1,3,4,1,granite-4.1-8b-q4_k_m,turboquant,long,12270,337020,856,34,9,stop,False,12184.568,358.3696470588235,2.7904148920175094,337022.95,393.7183995327103,2.5398863786575956,349290,0.7,150.5,1.6,6020.8
turboquant,46,1,3,4,1,granite-4.1-8b-q4_k_m,turboquant,long,12267,351166,937,34,9,stop,False,12184.746,358.37488235294114,2.7903741284389514,351167.848,374.77891995731056,2.6682397188025027,363434,0.7,161.4,1.6,6020.8
turboquant,46,1,1,8,1,granite-4.1-8b-q4_k_m,turboquant,long,78936,584519,706,160,9,stop,False,33130.083,207.06301875,4.829447605066369,584520.937,827.9333385269123,1.2078267095503543,663456,0.6,201.0,3.9,6322.3
turboquant,46,1,1,8,1,granite-4.1-8b-q4_k_m,turboquant,long,92929,630196,765,169,0,stop,False,47114.101,278.7816627218935,3.587036501025457,630197.729,823.7878810457516,1.2139047235443148,723126,0.6,201.1,4.0,6322.3
turboquant,46,1,1,8,1,granite-4.1-8b-q4_k_m,turboquant,long,78916,669305,796,160,9,stop,False,65422.017,408.88760625,2.445659845675501,669306.067,840.8367675879398,1.1892914755246047,748221,0.6,202.7,4.6,6322.3
turboquant,46,1,1,8,1,granite-4.1-8b-q4_k_m,turboquant,long,78887,670749,798,160,9,stop,False,33129.604,207.060025,4.829517430996157,670750.621,840.5396253132833,1.189711906356923,749636,0.6,202.7,4.6,6322.3
turboquant,46,1,1,8,1,granite-4.1-8b-q4_k_m,turboquant,long,13522,766407,855,169,0,length,True,13493.446,79.84287573964497,12.524598979385992,766408.095,896.3837368421052,1.1155936446626389,779929,0.6,202.7,4.6,6322.3
turboquant,46,1,1,8,1,granite-4.1-8b-q4_k_m,turboquant,long,45814,734639,855,169,0,length,True,32291.377,191.07323668639054,5.2335953341351775,734640.511,859.2286678362574,1.1638345383868982,780454,0.6,202.7,4.6,6322.3
turboquant,46,1,1,8,1,granite-4.1-8b-q4_k_m,turboquant,long,45796,734638,855,160,9,length,True,32293.022,201.8313875,4.954630755833257,734639.642,859.2276514619883,1.163835915078484,780434,0.6,202.7,4.6,6322.3
turboquant,46,1,1,8,1,granite-4.1-8b-q4_k_m,turboquant,long,45815,734639,855,169,0,length,True,32292.056,191.0772544378698,5.23348528814641,734640.255,859.2283684210527,1.1638349439481777,780454,0.6,202.7,4.6,6322.3
turboquant,46,1,2,8,1,granite-4.1-8b-q4_k_m,turboquant,long,16439,640874,831,34,9,stop,False,16327.982,480.23476470588236,2.0823148874122963,640875.227,771.20965944645,1.2966642569256308,657314,0.8,237.7,3.3,6322.3
turboquant,46,1,2,8,1,granite-4.1-8b-q4_k_m,turboquant,long,16435,714521,905,34,9,stop,False,16328.115,480.23867647058825,2.082297926000644,714523.618,789.5288596685083,1.2665781468961883,730956,0.8,295.6,4.0,6322.3
turboquant,46,1,2,8,1,granite-4.1-8b-q4_k_m,turboquant,long,16447,755829,952,34,9,stop,False,16327.853,480.23097058823527,2.082331338970286,755834.252,793.9435420168066,1.2595354040663402,772276,0.8,305.6,4.0,6322.3
turboquant,46,1,2,8,1,granite-4.1-8b-q4_k_m,turboquant,long,16435,769877,971,34,9,stop,False,16327.473,480.21979411764704,2.082379802434829,769881.734,792.8751122554069,1.261232676550292,786313,0.8,307.1,4.6,6322.3
turboquant,46,1,2,8,1,granite-4.1-8b-q4_k_m,turboquant,long,16441,776699,981,34,9,length,True,16328.381,480.24649999999997,2.082264004006276,776701.155,791.7442966360857,1.2630340429968847,793141,0.8,307.1,4.6,6322.3
turboquant,46,1,2,8,1,granite-4.1-8b-q4_k_m,turboquant,long,16444,776699,981,34,9,length,True,16327.626,480.22429411764705,2.082360289242294,776699.455,791.7425637104994,1.2630368074611307,793143,0.8,307.1,4.6,6322.3
turboquant,46,1,2,8,1,granite-4.1-8b-q4_k_m,turboquant,long,16438,776697,981,34,9,length,True,16327.615,480.22397058823526,2.08236169213936,776699.331,791.7424373088685,1.2630370091048784,793136,0.8,307.1,4.6,6322.3
turboquant,46,1,2,8,1,granite-4.1-8b-q4_k_m,turboquant,long,16440,776699,981,34,9,length,True,16327.5,480.22058823529414,2.08237635890369,776699.285,791.7423904179409,1.2630370839082206,793139,0.8,307.1,4.6,6322.3
turboquant,46,1,3,8,1,granite-4.1-8b-q4_k_m,turboquant,long,16406,515213,701,34,9,stop,False,16285.534,478.98629411764705,2.0877424099203625,515216.203,734.9731854493581,1.360593855391617,531619,1.0,182.4,2.7,6322.3
turboquant,46,1,3,8,1,granite-4.1-8b-q4_k_m,turboquant,long,16394,579739,771,34,9,stop,False,16286.165,479.0048529411765,2.087661521297371,579741.553,751.934569390402,1.3299029472879618,596134,1.0,196.7,2.9,6322.3
turboquant,46,1,3,8,1,granite-4.1-8b-q4_k_m,turboquant,long,16399,593438,786,34,9,stop,False,16285.317,478.97991176470583,2.0877702288509337,593443.866,755.0176412213741,1.324472363827584,609838,1.0,198.2,3.4,6322.3
turboquant,46,1,3,8,1,granite-4.1-8b-q4_k_m,turboquant,long,16400,620220,820,34,9,stop,False,16286.453,479.01332352941176,2.0876246043260616,620221.422,756.3675878048781,1.3221084775752876,636620,1.0,198.2,3.4,6322.3
turboquant,46,1,3,8,1,granite-4.1-8b-q4_k_m,turboquant,long,16401,632802,840,34,9,stop,False,16285.722,478.99182352941176,2.087718309326415,632808.562,753.3435261904763,1.3274156679314966,649204,1.1,198.2,3.4,6322.3
turboquant,46,1,3,8,1,granite-4.1-8b-q4_k_m,turboquant,long,16404,636695,848,34,9,stop,False,16285.976,478.9992941176471,2.0876857487693705,636698.192,750.8233396226416,1.331871223532546,653099,1.1,198.2,3.4,6322.3
turboquant,46,1,3,8,1,granite-4.1-8b-q4_k_m,turboquant,long,16403,650987,889,34,9,stop,False,16285.125,478.9742647058824,2.087794843453765,650990.182,732.2724206974128,1.365611993208217,667391,1.1,198.2,3.4,6322.3
turboquant,46,1,3,8,1,granite-4.1-8b-q4_k_m,turboquant,long,16403,651341,891,34,9,stop,False,16286.062,479.00182352941175,2.087674724558951,651342.644,731.0242918069584,1.367943598054974,667745,1.1,198.2,3.4,6322.3
turboquant,46,1,1,1,1,granite-4.1-8b-q4_k_m,turboquant,medium,10453,72737,606,35,9,stop,False,10435.269,298.15054285714285,3.3540103278602595,72738.312,120.03021782178219,8.331235401778363,83191,3.6,31.2,0.0,5714.6
turboquant,46,1,2,1,1,granite-4.1-8b-q4_k_m,turboquant,medium,1330,92618,740,22,11,stop,False,1308.513,59.47786363636363,16.812977784706764,92618.796,125.16053513513513,7.989738929450129,93948,3.6,0.0,0.0,5714.6
turboquant,46,1,3,1,1,granite-4.1-8b-q4_k_m,turboquant,medium,1387,119968,902,23,9,stop,False,1364.909,59.343869565217396,16.850940245833236,119969.431,133.00380376940132,7.518581962766832,121355,3.7,41.8,0.0,5714.6
turboquant,46,1,1,2,1,granite-4.1-8b-q4_k_m,turboquant,medium,20694,95944,478,35,9,stop,False,10196.061,291.31602857142855,3.4326981762859208,95944.854,200.7214518828452,4.9820285306807595,116638,3.6,28.6,0.0,5771.1
turboquant,46,1,1,2,1,granite-4.1-8b-q4_k_m,turboquant,medium,10499,128881,637,35,9,stop,False,10480.3,299.4371428571428,3.339599057278895,128882.602,202.32747566718996,4.942482461674695,139381,3.6,28.6,0.0,5771.1
turboquant,46,1,2,2,1,granite-4.1-8b-q4_k_m,turboquant,medium,10961,167125,746,22,11,stop,False,10935.578,497.07172727272723,2.0117820932738995,167126.452,224.03009651474528,4.463685975933959,178086,3.7,58.9,0.0,5771.1
turboquant,46,1,2,2,1,granite-4.1-8b-q4_k_m,turboquant,medium,10961,189676,881,22,11,stop,False,10935.508,497.0685454545455,2.0117949710246656,189677.677,215.2981577752554,4.644721582076314,200638,3.7,74.6,0.0,5771.1
turboquant,46,1,3,2,1,granite-4.1-8b-q4_k_m,turboquant,medium,10869,214288,898,23,9,stop,False,10840.379,471.3208260869566,2.1216970366072996,214289.61,238.629855233853,4.190590481731709,225157,3.7,31.6,0.0,5771.1
turboquant,46,1,3,2,1,granite-4.1-8b-q4_k_m,turboquant,medium,10869,227123,970,23,9,stop,False,10840.297,471.31726086956525,2.121713085905303,227124.569,234.14904020618556,4.270784108785695,237992,3.7,45.9,0.0,5771.1
turboquant,46,1,1,4,1,granite-4.1-8b-q4_k_m,turboquant,medium,23474,257092,684,35,9,stop,False,12969.747,370.56419999999997,2.6985877211020384,257093.161,375.8671944444444,2.6605141783604274,280567,3.7,59.1,0.0,5930.9
turboquant,46,1,1,4,1,granite-4.1-8b-q4_k_m,turboquant,medium,23474,260204,691,35,9,stop,False,12970.192,370.5769142857143,2.6984951340735743,260205.628,376.56386107091174,2.655592061213987,283679,3.7,61.6,0.0,5930.9
turboquant,46,1,1,4,1,granite-4.1-8b-q4_k_m,turboquant,medium,23475,268480,717,35,9,stop,False,12970.662,370.59034285714284,2.6983973524250344,268481.924,374.45177684797767,2.6705708500509706,291955,3.7,68.8,0.0,5930.9
turboquant,46,1,1,4,1,granite-4.1-8b-q4_k_m,turboquant,medium,10505,286928,752,35,9,stop,False,10480.869,299.45340000000004,3.3394177524783486,286929.327,381.5549561170213,2.620854437789833,297433,3.7,73.2,0.0,5930.9
turboquant,46,1,2,4,1,granite-4.1-8b-q4_k_m,turboquant,medium,13427,225026,619,22,11,stop,False,13387.632,608.5287272727272,1.6433077933423927,225028.415,363.5354038772213,2.750763720217289,238453,3.7,39.8,0.0,5930.9
turboquant,46,1,2,4,1,granite-4.1-8b-q4_k_m,turboquant,medium,13432,262249,711,22,11,stop,False,13387.536,608.5243636363637,1.6433195772545448,262251.979,368.8494781997187,2.711133020658731,275682,3.7,73.4,0.0,5930.9
turboquant,46,1,2,4,1,granite-4.1-8b-q4_k_m,turboquant,medium,13431,286991,795,22,11,stop,False,13387.513,608.5233181818182,1.6433224005085931,286992.784,360.9972125786163,2.7701044915470767,300422,3.7,91.5,0.1,5930.9
turboquant,46,1,2,4,1,granite-4.1-8b-q4_k_m,turboquant,medium,13430,313514,950,22,11,stop,False,13387.553,608.5251363636363,1.6433174905077874,313514.482,330.01524421052636,3.0301630532014787,326944,3.7,110.5,0.1,5930.9
turboquant,46,1,3,4,1,granite-4.1-8b-q4_k_m,turboquant,medium,13503,281546,740,23,9,stop,False,13436.588,584.1994782608696,1.7117440826495536,281549.257,380.4719689189189,2.628314519047017,295049,3.8,93.9,0.0,5930.9
turboquant,46,1,3,4,1,granite-4.1-8b-q4_k_m,turboquant,medium,13501,297676,775,23,9,stop,False,13436.464,584.1940869565217,1.711759879682631,297677.96,384.1005935483871,2.6034846516685346,311178,3.8,103.1,0.0,5930.9
turboquant,46,1,3,4,1,granite-4.1-8b-q4_k_m,turboquant,medium,13502,314396,825,23,9,stop,False,13436.536,584.1972173913043,1.7117507071763138,314397.479,381.0878533333333,2.6240668424698153,327899,3.8,106.9,0.0,5930.9
turboquant,46,1,3,4,1,granite-4.1-8b-q4_k_m,turboquant,medium,13503,341170,979,23,9,stop,False,13436.592,584.199652173913,1.7117435730726958,341171.899,348.49019305413685,2.8695212087206516,354673,3.8,106.9,0.0,5930.9
turboquant,46,1,1,8,1,granite-4.1-8b-q4_k_m,turboquant,medium,38571,386893,554,35,9,stop,False,26107.838,745.9382285714286,1.3405935795985866,386895.28,698.3669314079423,1.431912015054823,425465,3.6,94.8,0.0,6169.3
turboquant,46,1,1,8,1,granite-4.1-8b-q4_k_m,turboquant,medium,12476,439082,586,35,9,stop,False,12443.3,355.5228571428571,2.8127586733422807,439083.827,749.2898071672355,1.3345970950553823,451558,3.6,94.9,0.0,6169.3
turboquant,46,1,1,8,1,granite-4.1-8b-q4_k_m,turboquant,medium,12476,457975,609,35,9,stop,False,12442.657,355.5044857142857,2.8129040284563014,457976.678,752.014249589491,1.3297620364851854,470452,3.6,94.9,0.0,6169.3
turboquant,46,1,1,8,1,granite-4.1-8b-q4_k_m,turboquant,medium,38560,467586,658,44,0,stop,False,26107.335,593.3485227272727,1.6853501132919158,467587.093,710.6186823708207,1.4072244718696714,506146,3.6,94.8,0.0,6169.3
turboquant,46,1,1,8,1,granite-4.1-8b-q4_k_m,turboquant,medium,38556,479584,677,44,0,stop,False,26110.762,593.426409090909,1.6851289135108352,479586.554,708.3996366322009,1.4116325704994641,518141,3.6,98.3,0.0,6169.3
turboquant,46,1,1,8,1,granite-4.1-8b-q4_k_m,turboquant,medium,38575,492262,705,35,9,stop,False,26108.343,745.9526571428572,1.3405676491993381,492264.333,698.2472808510638,1.4321573852477345,530837,3.6,108.1,0.0,6169.3
turboquant,46,1,1,8,1,granite-4.1-8b-q4_k_m,turboquant,medium,38587,525132,804,35,9,stop,False,26110.126,746.0036,1.3404761049410485,525134.095,653.1518594527363,1.5310375152845483,563720,3.6,139.8,0.0,6169.3
turboquant,46,1,1,8,1,granite-4.1-8b-q4_k_m,turboquant,medium,12474,570115,914,35,9,stop,False,12442.164,355.4904,2.813015485087642,570116.405,623.7597428884027,1.6031813713552059,582590,3.6,154.4,0.0,6169.3
turboquant,46,1,2,8,1,granite-4.1-8b-q4_k_m,turboquant,medium,12760,440175,619,22,11,stop,False,12663.884,575.6310909090909,1.7372237458902813,440178.679,711.1125670436187,1.4062471208424885,452936,3.7,136.6,0.0,6169.3
turboquant,46,1,2,8,1,granite-4.1-8b-q4_k_m,turboquant,medium,12751,489397,675,22,11,stop,False,12664.026,575.6375454545455,1.7372042666368501,489400.984,725.0384948148148,1.379237112445201,502149,3.7,136.6,0.0,6169.3
turboquant,46,1,2,8,1,granite-4.1-8b-q4_k_m,turboquant,medium,12753,527540,726,22,11,stop,False,12663.233,575.6015,1.7373130542571553,527541.147,726.6406983471074,1.376195969032156,540294,3.7,143.0,0.0,6169.3
turboquant,46,1,2,8,1,granite-4.1-8b-q4_k_m,turboquant,medium,12758,542651,750,22,11,stop,False,12663.6,575.6181818181818,1.7372627057076975,542652.69,723.5369199999999,1.3820994787660594,555410,3.7,156.2,0.0,6169.3
turboquant,46,1,2,8,1,granite-4.1-8b-q4_k_m,turboquant,medium,12755,554676,774,22,11,stop,False,12663.295,575.6043181818181,1.7373045483027916,554677.837,716.6380322997417,1.3954045905028651,567432,3.7,166.9,0.0,6169.3
turboquant,46,1,2,8,1,granite-4.1-8b-q4_k_m,turboquant,medium,12753,556464,778,22,11,stop,False,12663.56,575.6163636363636,1.7372681931463192,556468.223,715.2547853470437,1.3981031941153628,569218,3.7,168.7,0.0,6169.3
turboquant,46,1,2,8,1,granite-4.1-8b-q4_k_m,turboquant,medium,12752,559816,788,22,11,stop,False,12663.479,575.6126818181818,1.7372793053157034,559818.041,710.4289860406091,1.407600224159264,572569,3.7,171.6,0.0,6169.3
turboquant,46,1,2,8,1,granite-4.1-8b-q4_k_m,turboquant,medium,12743,566044,825,22,11,stop,False,12663.437,575.6107727272728,1.7372850672372753,566046.192,686.1165963636364,1.4574782264412793,578787,3.7,179.3,0.0,6169.3
turboquant,46,1,3,8,1,granite-4.1-8b-q4_k_m,turboquant,medium,12387,578121,767,23,9,stop,False,12319.061,535.6113478260869,1.8670254169534513,578122.13,753.7446284224251,1.326709288917897,590508,3.9,184.5,0.0,6169.3
turboquant,46,1,3,8,1,granite-4.1-8b-q4_k_m,turboquant,medium,12377,631097,822,23,9,stop,False,12318.959,535.6069130434782,1.8670408757752988,631100.128,767.7617128953772,1.302487455683102,643475,3.9,227.9,0.0,6169.3
turboquant,46,1,3,8,1,granite-4.1-8b-q4_k_m,turboquant,medium,12386,633962,825,23,9,stop,False,12319.062,535.6113913043479,1.8670252653976416,633964.092,768.4413236363636,1.3013355336850847,646348,3.9,231.2,0.0,6169.3
turboquant,46,1,3,8,1,granite-4.1-8b-q4_k_m,turboquant,medium,12387,653413,849,23,9,stop,False,12319.116,535.6137391304347,1.8670170814204525,653414.607,769.6285123674911,1.2993281614838466,665801,3.9,245.1,0.0,6169.3
turboquant,46,1,3,8,1,granite-4.1-8b-q4_k_m,turboquant,medium,12372,658563,857,23,9,stop,False,12318.955,535.6067391304348,1.8670414820088228,658565.837,768.454885647608,1.301312567174662,670936,3.9,248.8,0.0,6169.3
turboquant,46,1,3,8,1,granite-4.1-8b-q4_k_m,turboquant,medium,12390,666086,872,23,9,stop,False,12319.058,535.6112173913044,1.8670258716210282,666088.415,763.8628612385321,1.3091355146898929,678476,3.9,253.3,0.0,6169.3
turboquant,46,1,3,8,1,granite-4.1-8b-q4_k_m,turboquant,medium,12359,677852,908,23,9,stop,False,12319.045,535.6106521739131,1.8670278418497537,677855.107,746.5364614537444,1.3395193023160332,690212,3.9,258.8,0.0,6169.3
turboquant,46,1,3,8,1,granite-4.1-8b-q4_k_m,turboquant,medium,12370,689925,975,23,9,stop,False,12318.957,535.6068260869565,1.8670411788920118,689928.506,707.6189805128206,1.413189905216063,702296,3.9,263.2,0.0,6169.3
turboquant,46,1,1,1,1,granite-4.1-8b-q4_k_m,turboquant,short,1385,1158,14,23,9,stop,False,1366.425,59.40978260869565,16.832244726201587,1159.616,82.82971428571429,12.07296208400022,2544,0.4,2.4,0.0,5469.8
turboquant,46,1,2,1,1,granite-4.1-8b-q4_k_m,turboquant,short,1212,13903,147,20,12,stop,False,1194.118,59.7059,16.74876352253295,13904.839,94.59074149659864,10.571859192328656,15116,0.4,12.2,0.5,5469.8
turboquant,46,1,3,1,1,granite-4.1-8b-q4_k_m,turboquant,short,1210,1956,23,20,12,stop,False,1191.05,59.552499999999995,16.79190630116284,1957.772,85.12052173913044,11.748048291629464,3167,0.4,2.3,0.1,5469.8
turboquant,46,1,1,2,1,granite-4.1-8b-q4_k_m,turboquant,short,1385,3293,14,23,9,stop,False,1365.949,59.389086956521744,16.838110354046893,3294.27,235.305,4.249803446590596,4678,0.4,3.5,0.0,5686.1
turboquant,46,1,1,2,1,granite-4.1-8b-q4_k_m,turboquant,short,2845,1926,14,23,9,stop,False,1460.68,63.50782608695653,15.746090861790398,1927.376,137.6697142857143,7.2637617154099665,4772,0.4,3.7,0.0,5686.1
turboquant,46,1,2,2,1,granite-4.1-8b-q4_k_m,turboquant,short,1213,23175,134,20,12,stop,False,1195.121,59.75605,16.73470719701185,23176.047,172.95557462686565,5.781831560835203,24389,0.4,17.0,0.0,5686.1
turboquant,46,1,2,2,1,granite-4.1-8b-q4_k_m,turboquant,short,2502,25208,164,20,12,stop,False,1289.237,64.46185,15.513051518068437,25208.832,153.71239024390243,6.505656430254286,27710,0.4,18.4,0.0,5686.1
turboquant,46,1,3,2,1,granite-4.1-8b-q4_k_m,turboquant,short,10792,2329,16,20,12,stop,False,10770.571,538.52855,1.8569117644737685,2331.225,145.7015625,6.863344379028193,13122,0.4,6.2,0.0,5686.1
turboquant,46,1,3,2,1,granite-4.1-8b-q4_k_m,turboquant,short,10792,2958,23,20,12,stop,False,10770.196,538.5098,1.8569764189992457,2960.772,128.72921739130433,7.768244228194538,13751,0.4,6.3,0.0,5686.1
turboquant,46,1,1,4,1,granite-4.1-8b-q4_k_m,turboquant,short,1392,15719,14,23,9,stop,False,1367.386,59.451565217391305,16.820415010830885,15720.395,1122.8853571428572,0.8905628643555076,17112,0.1,11.7,0.1,5723.4
turboquant,46,1,1,4,1,granite-4.1-8b-q4_k_m,turboquant,short,13772,3560,14,23,9,stop,False,12380.061,538.2635217391304,1.8578260640234325,3561.231,254.37364285714287,3.931224905096019,17332,0.1,11.7,0.1,5723.4
turboquant,46,1,1,4,1,granite-4.1-8b-q4_k_m,turboquant,short,13772,3560,14,23,9,stop,False,12379.611,538.2439565217392,1.8578935961719636,3561.234,254.37385714285713,3.931221593413968,17332,0.1,11.7,0.1,5723.4
turboquant,46,1,1,4,1,granite-4.1-8b-q4_k_m,turboquant,short,13772,3560,14,23,9,stop,False,12380.706,538.2915652173913,1.85772927650491,3561.002,254.35728571428572,3.931477713295303,17333,0.1,11.7,0.1,5723.4
turboquant,46,1,2,4,1,granite-4.1-8b-q4_k_m,turboquant,short,1234,40969,101,20,12,stop,False,1210.864,60.5432,16.517131568863224,40969.964,405.64320792079207,2.465220618695198,42203,0.1,7.8,0.0,5723.4
turboquant,46,1,2,4,1,granite-4.1-8b-q4_k_m,turboquant,short,13377,30306,106,20,12,stop,False,12143.601,607.18005,1.6469579328240445,30307.933,285.9238962264151,3.4974341536257185,43683,0.1,7.8,0.0,5723.4
turboquant,46,1,2,4,1,granite-4.1-8b-q4_k_m,turboquant,short,13378,32226,117,20,12,stop,False,12142.689,607.13445,1.64708163076564,32228.977,275.4613418803419,3.6302734647767445,45605,0.1,7.8,0.0,5723.4
turboquant,46,1,2,4,1,granite-4.1-8b-q4_k_m,turboquant,short,13376,34563,140,20,12,stop,False,12143.133,607.15665,1.6470214070783875,34564.119,246.8865642857143,4.050443177793712,47940,0.1,7.8,0.0,5723.4
turboquant,46,1,3,4,1,granite-4.1-8b-q4_k_m,turboquant,short,10734,16786,24,20,12,stop,False,10707.142,535.3571,1.8679120908268518,16787.672,699.4863333333333,1.4296204977080802,27520,0.1,1.4,0.5,5723.4
turboquant,46,1,3,4,1,granite-4.1-8b-q4_k_m,turboquant,short,21385,6135,23,20,12,stop,False,10649.389,532.4694499999999,1.8780420172462478,6135.579,266.76430434782606,3.7486274726476507,27520,0.1,1.4,0.5,5723.4
turboquant,46,1,3,4,1,granite-4.1-8b-q4_k_m,turboquant,short,21385,6319,24,20,12,stop,False,10649.776,532.4888,1.8779737714671183,6320.313,263.346375,3.797280292922202,27704,0.1,1.4,0.5,5723.4
turboquant,46,1,3,4,1,granite-4.1-8b-q4_k_m,turboquant,short,10733,17065,26,20,12,stop,False,10706.758,535.3379,1.867979083864602,17066.612,656.4081538461539,1.5234423797763725,27799,0.1,1.4,0.5,5723.4
turboquant,46,1,1,8,1,granite-4.1-8b-q4_k_m,turboquant,short,28025,3727,8,23,9,stop,False,26631.52,1157.8921739130435,0.8636382752467752,3728.976,466.122,2.145361085724338,31753,3.6,18.8,0.0,5766.3
turboquant,46,1,1,8,1,granite-4.1-8b-q4_k_m,turboquant,short,1412,32924,14,23,9,stop,False,1387.57,60.329130434782606,16.57574032301073,32925.176,2351.7982857142856,0.42520653496278954,34337,3.6,19.1,0.0,5766.3
turboquant,46,1,1,8,1,granite-4.1-8b-q4_k_m,turboquant,short,28019,6756,14,32,0,stop,False,26630.996,832.218625,1.2016073300450347,6757.894,482.7067142857143,2.0716513162236634,34776,3.6,19.3,0.0,5766.3
turboquant,46,1,1,8,1,granite-4.1-8b-q4_k_m,turboquant,short,28047,6755,14,23,9,stop,False,26632.936,1157.9537391304348,0.8635923579736008,6756.82,482.63,2.0719806062615254,34803,3.6,19.3,0.0,5766.3
turboquant,46,1,1,8,1,granite-4.1-8b-q4_k_m,turboquant,short,28038,6751,14,23,9,stop,False,26632.01,1157.9134782608694,0.8636223852424209,6757.32,482.6657142857143,2.0718272924768995,34790,3.6,19.3,0.0,5766.3
turboquant,46,1,1,8,1,granite-4.1-8b-q4_k_m,turboquant,short,28047,6755,14,23,9,stop,False,26633.566,1157.9811304347825,0.8635719302477183,6756.617,482.6155,2.0720428581344774,34802,3.6,19.3,0.0,5766.3
turboquant,46,1,1,8,1,granite-4.1-8b-q4_k_m,turboquant,short,27995,6754,14,32,0,stop,False,26634.799,832.33746875,1.2014357607879826,6756.2,482.5857142857143,2.072170746869542,34750,3.6,19.3,0.0,5766.3
turboquant,46,1,1,8,1,granite-4.1-8b-q4_k_m,turboquant,short,28049,6755,14,23,9,stop,False,26634.184,1158.008,0.8635518925603277,6756.418,482.60128571428567,2.072103887000479,34804,3.6,19.3,0.0,5766.3
turboquant,46,1,2,8,1,granite-4.1-8b-q4_k_m,turboquant,short,23604,33969,63,20,12,stop,False,12912.873,645.64365,1.5488419966648785,33970.595,539.2157936507937,1.8545450852421042,57574,3.6,0.1,0.0,5766.3
turboquant,46,1,2,8,1,granite-4.1-8b-q4_k_m,turboquant,short,23592,38834,72,20,12,stop,False,12913.365,645.66825,1.5487829856896322,38836.561,539.3966805555556,1.8539231627640769,62426,3.6,0.1,0.0,5766.3
turboquant,46,1,2,8,1,granite-4.1-8b-q4_k_m,turboquant,short,10691,59520,89,20,12,stop,False,10660.669,533.03345,1.876054870477641,59522.284,668.7897078651686,1.4952383211638856,70211,3.6,0.1,0.0,5766.3
turboquant,46,1,2,8,1,granite-4.1-8b-q4_k_m,turboquant,short,10689,61615,94,20,12,stop,False,10661.173,533.0586500000001,1.8759661812072648,61617.15,655.5015957446809,1.5255492991805042,72305,3.6,0.1,0.0,5766.3
turboquant,46,1,2,8,1,granite-4.1-8b-q4_k_m,turboquant,short,23602,52911,105,20,12,stop,False,12912.405,645.62025,1.5488981332292473,52912.367,503.92730476190474,1.9844132091085624,76513,3.6,0.1,0.0,5766.3
turboquant,46,1,2,8,1,granite-4.1-8b-q4_k_m,turboquant,short,23591,54149,110,20,12,stop,False,12913.855,645.6927499999999,1.548724219065492,54151.715,492.28831818181817,2.0313299403352234,77740,3.6,0.1,0.0,5766.3
turboquant,46,1,2,8,1,granite-4.1-8b-q4_k_m,turboquant,short,23588,55721,119,20,12,stop,False,12914.345,645.7172499999999,1.548665456900834,55725.85,468.2844537815126,2.1354541922644517,79309,3.6,0.1,0.0,5766.3
turboquant,46,1,2,8,1,granite-4.1-8b-q4_k_m,turboquant,short,23578,57049,132,20,12,stop,False,12914.895,645.7447500000001,1.5485995046804484,57051.554,432.2087424242424,2.313696836373642,80627,3.6,0.1,0.0,5766.3
turboquant,46,1,3,8,1,granite-4.1-8b-q4_k_m,turboquant,short,13060,21665,18,20,12,stop,False,13021.942,651.0971,1.5358692274931038,21667.66,1203.7588888888888,0.830731144941355,34726,3.6,0.0,0.0,5766.3
turboquant,46,1,3,8,1,granite-4.1-8b-q4_k_m,turboquant,short,13060,24211,23,20,12,stop,False,13021.528,651.0764,1.5359180581572303,24213.102,1052.7435652173913,0.949898943142436,37271,3.6,0.0,0.0,5766.3
turboquant,46,1,3,8,1,granite-4.1-8b-q4_k_m,turboquant,short,13056,24676,24,20,12,stop,False,13020.697,651.03485,1.5360160827027924,24677.268,1028.2195,0.9725549846117488,37733,3.6,0.0,0.0,5766.3
turboquant,46,1,3,8,1,granite-4.1-8b-q4_k_m,turboquant,short,26141,11570,23,20,12,stop,False,13099.76,654.988,1.5267455281623479,11571.565,503.11152173913047,1.987630886574115,37712,3.6,0.0,0.0,5766.3
turboquant,46,1,3,8,1,granite-4.1-8b-q4_k_m,turboquant,short,13058,24676,24,20,12,stop,False,13021.108,651.0554,1.5359675996850652,24677.291,1028.2204583333335,0.9725540781603621,37734,3.6,0.0,0.0,5766.3
turboquant,46,1,3,8,1,granite-4.1-8b-q4_k_m,turboquant,short,26149,11570,23,20,12,stop,False,13099.359,654.96795,1.526792265178777,11571.606,503.1133043478261,1.9876238440887117,37720,3.6,0.0,0.0,5766.3
turboquant,46,1,3,8,1,granite-4.1-8b-q4_k_m,turboquant,short,26133,11570,23,20,12,stop,False,13100.166,655.0083,1.5266982113051086,11571.521,503.1096086956522,1.9876384444188449,37703,3.6,0.0,0.0,5766.3
turboquant,46,1,3,8,1,granite-4.1-8b-q4_k_m,turboquant,short,26150,11673,24,20,12,stop,False,13098.959,654.94795,1.5268388884948794,11674.183,486.4242916666667,2.0558183814661803,37824,3.6,0.0,0.0,5766.3
