run_group,t,trial,prompt_id,concurrency,n,model,engine,prompt_length,ttft_ms,client_decode_ms,tokens_predicted,tokens_evaluated,tokens_cached,stop_type,truncated,prompt_ms,prompt_per_token_ms,prompt_per_second,predicted_ms,predicted_per_token_ms,predicted_per_second,wall_ms,nodes_cpu_pct,nodes_net_rx_kb,nodes_net_tx_kb,peak_memory_mb
vanilla,46,1,1,1,1,Meta-Llama-3.1-8B-Instruct-Q4_K_M,vanilla,short,646,507,8,12,30,stop,False,614.365,51.19708333333333,19.53236268342109,508.132,63.5165,15.74394055088048,1154,1.8,0.4,0.0,6056.4
vanilla,46,1,2,1,1,Meta-Llama-3.1-8B-Instruct-Q4_K_M,vanilla,short,499,3483,49,9,33,stop,False,467.512,51.94577777777778,19.250842759116345,3484.319,71.10855102040816,14.06300628616381,3983,1.8,2.6,0.0,6056.4
vanilla,46,1,3,1,1,Meta-Llama-3.1-8B-Instruct-Q4_K_M,vanilla,short,503,798,12,9,33,stop,False,469.104,52.12266666666667,19.18551110201576,799.257,66.60475,15.013944200676377,1301,1.8,1.0,0.0,6056.4
vanilla,46,1,1,1,1,Meta-Llama-3.1-8B-Instruct-Q4_K_M,vanilla,long,11309,35205,457,146,30,stop,False,11275.699,77.23081506849316,12.948199486346699,35205.936,77.0370590809628,12.980765516360648,46514,24.9,45.8,0.6,6699.9
vanilla,46,1,2,1,1,Meta-Llama-3.1-8B-Instruct-Q4_K_M,vanilla,long,1214,76703,979,23,30,stop,False,1164.832,50.6448695652174,19.745336666575092,76704.467,78.34981307456589,12.763272313723267,77918,24.9,67.7,0.0,6699.9
vanilla,46,1,3,1,1,Meta-Llama-3.1-8B-Instruct-Q4_K_M,vanilla,long,1236,62883,806,23,30,stop,False,1177.362,51.189652173913046,19.535198180338757,62884.159,78.02004838709678,12.817218403127567,64119,24.9,44.6,0.2,6699.9
vanilla,46,2,1,1,1,Meta-Llama-3.1-8B-Instruct-Q4_K_M,vanilla,long,149,28622,372,1,175,stop,False,75.879,75.879,13.178876896110912,28623.287,76.94431989247312,12.996410929324785,28771,24.9,24.4,0.0,6699.9
vanilla,46,2,2,1,1,Meta-Llama-3.1-8B-Instruct-Q4_K_M,vanilla,long,1224,66293,856,23,30,stop,False,1176.034,51.131913043478264,19.55725769833185,66294.651,77.44702219626168,12.912052286088661,67518,24.9,54.9,0.6,6699.9
vanilla,46,2,3,1,1,Meta-Llama-3.1-8B-Instruct-Q4_K_M,vanilla,long,1217,46191,606,23,30,stop,False,1161.56,50.50260869565217,19.800957333241502,46192.169,76.22470132013201,13.119106833887795,47408,25.0,29.1,0.0,6699.9
vanilla,46,3,1,1,1,Meta-Llama-3.1-8B-Instruct-Q4_K_M,vanilla,long,142,36571,465,1,175,stop,False,75.757,75.757,13.200100320762436,36572.451,78.65043225806451,12.71448829065353,36713,25.0,7.1,0.7,6699.9
vanilla,46,3,2,1,1,Meta-Llama-3.1-8B-Instruct-Q4_K_M,vanilla,long,1224,76714,984,23,30,stop,False,1174.92,51.08347826086957,19.57580090559357,76714.888,77.96228455284553,12.82671493960859,77938,25.0,3.7,0.2,6699.9
vanilla,46,3,3,1,1,Meta-Llama-3.1-8B-Instruct-Q4_K_M,vanilla,long,1215,51295,672,23,30,stop,False,1156.717,50.29204347826087,19.883860961669964,51296.214,76.33365178571428,13.100382028194128,52511,25.0,31.3,0.0,6699.9
vanilla,46,1,1,1,1,Meta-Llama-3.1-8B-Instruct-Q4_K_M,vanilla,medium,1240,46448,609,24,30,stop,False,1207.255,50.30229166666667,19.879809982149588,46449.266,76.27137274220033,13.11107908572764,47688,23.6,45.9,0.2,6782.6
vanilla,46,1,2,1,1,Meta-Llama-3.1-8B-Instruct-Q4_K_M,vanilla,medium,612,61674,798,11,32,stop,False,566.609,51.5099090909091,19.413740339458073,61675.084,77.28707268170426,12.938774432800123,62287,23.6,56.1,0.1,6782.6
vanilla,46,1,3,1,1,Meta-Llama-3.1-8B-Instruct-Q4_K_M,vanilla,medium,664,47658,626,12,30,stop,False,614.426,51.20216666666667,19.53042351723397,47659.666,76.13365175718849,13.134796202726223,48323,23.6,37.1,0.6,6782.6
vanilla,46,2,1,1,1,Meta-Llama-3.1-8B-Instruct-Q4_K_M,vanilla,medium,1250,42537,561,24,30,stop,False,1203.868,50.16116666666667,19.93574046324016,42538.121,75.8255276292335,13.188170676368145,43788,23.6,35.3,0.6,6782.6
vanilla,46,2,2,1,1,Meta-Llama-3.1-8B-Instruct-Q4_K_M,vanilla,medium,611,51970,678,11,32,stop,False,565.25,51.38636363636363,19.460415745245466,51971.445,76.65404867256638,13.045625342916672,52582,23.6,40.3,0.0,6782.6
vanilla,46,2,3,1,1,Meta-Llama-3.1-8B-Instruct-Q4_K_M,vanilla,medium,662,53994,707,12,30,stop,False,614.186,51.18216666666667,19.538055247107554,53995.575,76.37280763790665,13.09366554574148,54657,23.6,40.9,0.3,6782.6
vanilla,46,3,1,1,1,Meta-Llama-3.1-8B-Instruct-Q4_K_M,vanilla,medium,1253,38475,509,24,30,stop,False,1205.405,50.225208333333335,19.910320597641455,38476.315,75.59197445972495,13.228917582154113,39729,23.6,13.8,0.0,6782.6
vanilla,46,3,2,1,1,Meta-Llama-3.1-8B-Instruct-Q4_K_M,vanilla,medium,608,80406,1024,11,32,length,True,563.926,51.266000000000005,19.506105410993637,80407.52,78.52296875,12.735127261728753,81015,23.6,3.0,1.1,6782.6
vanilla,46,3,3,1,1,Meta-Llama-3.1-8B-Instruct-Q4_K_M,vanilla,medium,673,43450,572,12,30,stop,False,618.775,51.56458333333333,19.393155832087594,43451.276,75.96376923076923,13.164170368667655,44123,23.6,21.8,0.0,6782.6
vanilla,46,1,1,1,1,Meta-Llama-3.1-8B-Instruct-Q4_K_M,vanilla,short,645,505,8,12,30,stop,False,612.606,51.0505,19.588446734116218,506.138,63.26725,15.805965961852301,1150,36.7,0.7,0.0,6069.2
vanilla,46,1,2,1,1,Meta-Llama-3.1-8B-Instruct-Q4_K_M,vanilla,short,497,1610,23,9,33,stop,False,465.086,51.67622222222222,19.35125976701083,1611.11,70.04826086956521,14.275871914394425,2107,36.7,1.9,0.0,6069.2
vanilla,46,1,3,1,1,Meta-Llama-3.1-8B-Instruct-Q4_K_M,vanilla,short,497,859,13,9,33,stop,False,464.896,51.65511111111111,19.359168502202643,860.271,66.17469230769231,15.1115171847011,1356,36.7,1.4,0.0,6069.2
vanilla,46,2,1,1,1,Meta-Llama-3.1-8B-Instruct-Q4_K_M,vanilla,short,498,499,8,9,33,stop,False,465.488,51.72088888888889,19.334547829374763,500.487,62.560875,15.984431164046219,997,36.7,0.7,0.0,6069.2
vanilla,46,2,2,1,1,Meta-Llama-3.1-8B-Instruct-Q4_K_M,vanilla,short,497,2434,35,9,33,stop,False,465.058,51.67311111111111,19.352424858834812,2435.272,69.5792,14.372111205647666,2931,36.7,3.0,0.0,6069.2
vanilla,46,2,3,1,1,Meta-Llama-3.1-8B-Instruct-Q4_K_M,vanilla,short,499,3294,47,9,33,stop,False,465.306,51.70066666666666,19.342110353186936,3295.63,70.11978723404256,14.261309673719442,3794,36.8,2.9,0.0,6069.2
vanilla,46,3,1,1,1,Meta-Llama-3.1-8B-Instruct-Q4_K_M,vanilla,short,501,500,8,9,33,stop,False,467.014,51.89044444444445,19.271370879673842,501.666,62.70825,15.946865045667835,1002,36.8,1.0,0.0,6069.2
vanilla,46,3,2,1,1,Meta-Llama-3.1-8B-Instruct-Q4_K_M,vanilla,short,497,3651,51,9,33,stop,False,464.717,51.63522222222222,19.366625279471165,3652.095,71.60970588235294,13.964587449121671,4149,36.8,4.1,0.0,6069.2
vanilla,46,3,3,1,1,Meta-Llama-3.1-8B-Instruct-Q4_K_M,vanilla,short,109,783,12,1,41,stop,False,71.459,71.459,13.994038539582137,784.107,65.34224999999999,15.304033760698477,892,36.8,0.2,0.0,6069.2
turboquant,46,1,1,1,1,Meta-Llama-3.1-8B-Instruct-Q4_K_M,turboquant,long,11196,51106,472,146,30,stop,False,11163.612,76.46309589041095,13.078204437775158,51107.145,108.27784957627118,9.235499263361316,62302,0.1,62.0,0.2,5438.0
turboquant,46,1,2,1,1,Meta-Llama-3.1-8B-Instruct-Q4_K_M,turboquant,long,1247,121504,1024,23,30,length,True,1211.331,52.6665652173913,18.987378346628628,121505.094,118.657318359375,8.427630202895033,122752,0.1,91.7,1.2,5438.0
turboquant,46,1,3,1,1,Meta-Llama-3.1-8B-Instruct-Q4_K_M,turboquant,long,1257,63610,612,23,30,stop,False,1214.989,52.82560869565218,18.930212536903625,63611.086,103.93968300653596,9.62096449666022,64867,0.1,51.9,0.2,5438.0
turboquant,46,2,1,1,1,Meta-Llama-3.1-8B-Instruct-Q4_K_M,turboquant,long,134,40521,389,1,175,stop,False,92.582,92.582,10.80123566135966,40522.725,104.171529562982,9.599551856396628,40656,0.1,26.4,0.2,5438.0
turboquant,46,2,2,1,1,Meta-Llama-3.1-8B-Instruct-Q4_K_M,turboquant,long,1250,83712,768,23,30,stop,False,1210.261,52.62004347826087,19.00416521725479,83713.542,109.0020078125,9.17414293615721,84962,0.2,5.8,0.6,5438.0
turboquant,46,2,3,1,1,Meta-Llama-3.1-8B-Instruct-Q4_K_M,turboquant,long,1245,91404,823,23,30,stop,False,1208.807,52.55682608695652,19.02702416514795,91405.211,111.06343985419197,9.003863029209572,92650,0.2,36.4,0.6,5438.0
turboquant,46,3,1,1,1,Meta-Llama-3.1-8B-Instruct-Q4_K_M,turboquant,long,132,54692,493,1,175,stop,False,92.608,92.608,10.798203178991015,54693.718,110.94060446247465,9.013832264977854,54825,0.2,30.0,0.3,5438.0
turboquant,46,3,2,1,1,Meta-Llama-3.1-8B-Instruct-Q4_K_M,turboquant,long,1247,121471,1024,23,30,length,True,1211.393,52.66926086956522,18.986406558400123,121472.409,118.6253994140625,8.429897854417295,122719,0.2,55.7,1.2,5438.0
turboquant,46,3,3,1,1,Meta-Llama-3.1-8B-Instruct-Q4_K_M,turboquant,long,1273,81433,752,23,30,stop,False,1210.042,52.610521739130434,19.007604694713077,81434.308,108.29030319148937,9.234437161300615,82707,0.3,0.3,0.2,5438.0
turboquant,46,1,1,1,1,Meta-Llama-3.1-8B-Instruct-Q4_K_M,turboquant,medium,1293,47495,481,24,30,stop,False,1260.789,52.532875,19.03569907415119,47495.926,98.74412889812889,10.127184382087846,48788,0.1,51.7,0.6,5391.1
turboquant,46,1,2,1,1,Meta-Llama-3.1-8B-Instruct-Q4_K_M,turboquant,medium,627,73981,700,11,32,stop,False,591.483,53.771181818181816,18.59732232371852,73982.422,105.68917428571429,9.461706998454307,74608,0.1,53.8,0.7,5391.1
turboquant,46,1,3,1,1,Meta-Llama-3.1-8B-Instruct-Q4_K_M,turboquant,medium,676,56003,548,12,30,stop,False,640.507,53.37558333333333,18.7351582418303,56004.265,102.19756386861314,9.784969055481756,56679,0.1,43.3,0.2,5391.1
turboquant,46,2,1,1,1,Meta-Llama-3.1-8B-Instruct-Q4_K_M,turboquant,medium,1315,45924,469,24,30,stop,False,1279.38,53.307500000000005,18.759086432490736,45925.029,97.92117057569297,10.212296218691554,47239,0.1,38.1,0.0,5391.1
turboquant,46,2,2,1,1,Meta-Llama-3.1-8B-Instruct-Q4_K_M,turboquant,medium,625,64213,625,11,32,stop,False,590.715,53.70136363636364,18.621501062271992,64214.103,102.74256480000001,9.733064401756106,64839,0.2,45.7,0.8,5391.1
turboquant,46,2,3,1,1,Meta-Llama-3.1-8B-Instruct-Q4_K_M,turboquant,medium,676,52171,524,12,30,stop,False,640.051,53.337583333333335,18.748505978429844,52172.661,99.56614694656488,10.043574354008893,52848,0.2,3.1,0.0,5391.1
turboquant,46,3,1,1,1,Meta-Llama-3.1-8B-Instruct-Q4_K_M,turboquant,medium,1294,52224,522,24,30,stop,False,1259.343,52.472625,19.057556201924335,52225.655,100.04914750957855,9.99508766333328,53519,0.2,1.5,0.6,5391.1
turboquant,46,3,2,1,1,Meta-Llama-3.1-8B-Instruct-Q4_K_M,turboquant,medium,629,74123,701,11,32,stop,False,593.532,53.957454545454546,18.53312037093198,74124.756,105.74144935805991,9.457029443712436,74753,0.2,35.1,0.1,5391.1
turboquant,46,3,3,1,1,Meta-Llama-3.1-8B-Instruct-Q4_K_M,turboquant,medium,676,53263,535,12,30,stop,False,640.465,53.372083333333336,18.736386843933705,53264.312,99.55946168224298,10.044248764538628,53940,0.2,36.4,0.7,5391.1
turboquant,46,1,1,1,1,Meta-Llama-3.1-8B-Instruct-Q4_K_M,turboquant,short,673,543,8,12,30,stop,False,640.977,53.41475,18.721420581393716,544.871,68.108875,14.682374360169655,1217,0.1,1.3,0.0,5255.6
turboquant,46,1,2,1,1,Meta-Llama-3.1-8B-Instruct-Q4_K_M,turboquant,short,522,2356,31,9,33,stop,False,489.574,54.397111111111116,18.383329180062667,2357.665,76.05370967741935,13.148602536831994,2879,0.1,3.8,0.1,5255.6
turboquant,46,1,3,1,1,Meta-Llama-3.1-8B-Instruct-Q4_K_M,turboquant,short,522,1485,20,9,33,stop,False,488.969,54.32988888888889,18.406074822739274,1486.343,74.31715,13.455844310498989,2008,0.1,3.6,0.0,5255.6
turboquant,46,2,1,1,1,Meta-Llama-3.1-8B-Instruct-Q4_K_M,turboquant,short,520,543,8,9,33,stop,False,488.667,54.29633333333333,18.417449919884096,544.16,68.02,14.701558365186711,1064,0.1,0.4,0.0,5255.6
turboquant,46,2,2,1,1,Meta-Llama-3.1-8B-Instruct-Q4_K_M,turboquant,short,520,2120,28,9,33,stop,False,488.543,54.282555555555554,18.422124562218677,2120.878,75.74564285714287,13.202079516124925,2641,0.1,1.8,0.0,5255.6
turboquant,46,2,3,1,1,Meta-Llama-3.1-8B-Instruct-Q4_K_M,turboquant,short,522,780,11,9,33,stop,False,489.38,54.37555555555556,18.390616698679963,781.179,71.01627272727272,14.081279706699746,1302,0.1,1.7,0.0,5255.6
turboquant,46,3,1,1,1,Meta-Llama-3.1-8B-Instruct-Q4_K_M,turboquant,short,521,545,8,9,33,stop,False,489.666,54.407333333333334,18.379875261913224,545.943,68.242875,14.65354441764067,1066,0.1,0.6,0.0,5255.6
turboquant,46,3,2,1,1,Meta-Llama-3.1-8B-Instruct-Q4_K_M,turboquant,short,521,2518,33,9,33,stop,False,489.391,54.37677777777778,18.3902033343482,2519.261,76.34124242424242,13.099079452267947,3040,0.1,3.7,0.0,5255.6
turboquant,46,3,3,1,1,Meta-Llama-3.1-8B-Instruct-Q4_K_M,turboquant,short,520,932,13,9,33,stop,False,488.046,54.227333333333334,18.44088467070727,933.696,71.82276923076924,13.923161285900335,1453,0.1,1.5,0.0,5255.6
vanilla,46,1,1,1,2,Meta-Llama-3.1-8B-Instruct-Q4_K_M,vanilla,short,1222,887,8,12,30,stop,False,1190.654,99.22116666666666,10.078494676035188,888.193,111.024125,9.007051395361144,2110,0.0,0.6,0.0,N/A
vanilla,46,1,2,1,2,Meta-Llama-3.1-8B-Instruct-Q4_K_M,vanilla,short,940,9610,79,9,33,stop,False,907.127,100.79188888888888,9.921433272298145,9611.732,121.66749367088607,8.219122214393826,10550,24.5,1523.2,34561.9,N/A
vanilla,46,1,3,1,2,Meta-Llama-3.1-8B-Instruct-Q4_K_M,vanilla,short,972,5284,44,9,33,stop,False,906.385,100.70944444444444,9.92955532141419,5285.872,120.13345454545455,8.32407595189592,6257,24.5,715.5,16509.3,N/A
vanilla,46,1,1,1,2,Meta-Llama-3.1-8B-Instruct-Q4_K_M,vanilla,long,15877,78322,594,146,30,stop,False,15843.012,108.5137808219178,9.215419391211721,78323.265,131.85734848484847,7.5839535034705206,94200,0.1,17599.5,306627.9,N/A
vanilla,46,1,2,1,2,Meta-Llama-3.1-8B-Instruct-Q4_K_M,vanilla,long,2372,124125,936,23,30,stop,False,2235.358,97.18947826086958,10.289179630287407,124126.414,132.61369017094017,7.5406995967836465,126498,0.1,25019.7,482808.7,N/A
vanilla,46,1,3,1,2,Meta-Llama-3.1-8B-Instruct-Q4_K_M,vanilla,long,2395,84064,647,23,30,stop,False,2238.87,97.34217391304347,10.273039524402936,84065.079,129.93057032457494,7.696418152417367,86459,0.1,18006.6,333960.2,N/A
vanilla,46,2,1,1,2,Meta-Llama-3.1-8B-Instruct-Q4_K_M,vanilla,long,15982,55527,426,146,30,stop,False,15851.035,108.56873287671233,9.210755007480584,55527.897,130.34717605633801,7.671819445998469,71509,0.2,12287.2,219748.1,N/A
vanilla,46,2,2,1,2,Meta-Llama-3.1-8B-Instruct-Q4_K_M,vanilla,long,2357,121687,918,23,30,stop,False,2243.199,97.53039130434783,10.253214271226048,121687.677,132.55738235294118,7.543902740455797,124044,0.2,25492.4,473729.0,N/A
vanilla,46,2,3,1,2,Meta-Llama-3.1-8B-Instruct-Q4_K_M,vanilla,long,2382,87822,677,23,30,stop,False,2232.262,97.0548695652174,10.303450043050502,87823.091,129.72391580502216,7.708678802935779,90204,0.2,18131.2,348669.3,N/A
vanilla,46,3,1,1,2,Meta-Llama-3.1-8B-Instruct-Q4_K_M,vanilla,long,385,72285,548,1,175,stop,False,151.441,151.441,6.603231621555589,72286.448,131.90957664233576,7.580950719836172,72670,0.2,14096.4,273477.0,N/A
vanilla,46,3,2,1,2,Meta-Llama-3.1-8B-Instruct-Q4_K_M,vanilla,long,2365,135595,1016,23,30,stop,False,2235.059,97.17647826086957,10.290556088228541,135596.058,133.46068700787401,7.492843191650897,137960,0.2,28289.9,523706.0,N/A
vanilla,46,3,3,1,2,Meta-Llama-3.1-8B-Instruct-Q4_K_M,vanilla,long,2397,80776,621,23,30,stop,False,2235.636,97.2015652173913,10.287900176951883,80777.229,130.07605314009663,7.687810137681251,83173,0.2,15962.9,319271.5,N/A
vanilla,46,1,1,1,2,Meta-Llama-3.1-8B-Instruct-Q4_K_M,vanilla,medium,2371,101526,775,24,30,stop,False,2338.727,97.44695833333333,10.261992955997002,101527.661,131.00343354838708,7.633387712930766,103898,0.1,21631.7,399831.9,N/A
vanilla,46,1,2,1,2,Meta-Llama-3.1-8B-Instruct-Q4_K_M,vanilla,medium,1257,87170,673,11,32,stop,False,1112.954,101.17763636363635,9.883607049347951,87171.61,129.52690936106984,7.720403466220253,88428,0.1,16967.7,341416.1,N/A
vanilla,46,1,3,1,2,Meta-Llama-3.1-8B-Instruct-Q4_K_M,vanilla,medium,1325,85109,656,12,30,stop,False,1198.25,99.85416666666667,10.014604631754644,85110.548,129.74168902439024,7.7076227966479545,86435,0.2,16772.9,333305.3,N/A
vanilla,46,2,1,1,2,Meta-Llama-3.1-8B-Instruct-Q4_K_M,vanilla,medium,2459,73105,567,24,30,stop,False,2336.001,97.333375,10.273968204636898,73106.449,128.9355361552028,7.755813717610605,75564,0.2,15688.7,291995.8,N/A
vanilla,46,2,2,1,2,Meta-Llama-3.1-8B-Instruct-Q4_K_M,vanilla,medium,1223,109837,837,11,32,stop,False,1102.725,100.24772727272726,9.97528848987735,109838.608,131.22892234169652,7.620271371246804,111060,0.2,22103.9,426726.1,N/A
vanilla,46,2,3,1,2,Meta-Llama-3.1-8B-Instruct-Q4_K_M,vanilla,medium,1333,87092,671,12,30,stop,False,1188.482,99.04016666666666,10.09691354181216,87093.65,129.79679582712367,7.704350431977533,88425,0.2,17066.7,340971.9,N/A
vanilla,46,3,1,1,2,Meta-Llama-3.1-8B-Instruct-Q4_K_M,vanilla,medium,2456,75413,584,24,30,stop,False,2330.937,97.12237499999999,10.296288574079867,75414.698,129.13475684931507,7.743848553235604,77870,0.2,16218.1,301430.9,N/A
vanilla,46,3,2,1,2,Meta-Llama-3.1-8B-Instruct-Q4_K_M,vanilla,medium,1213,91933,706,11,32,stop,False,1098.356,99.85054545454545,10.014967824639735,91934.276,130.21852124645892,7.679399139446098,93146,0.2,18104.6,358705.4,N/A
vanilla,46,3,3,1,2,Meta-Llama-3.1-8B-Instruct-Q4_K_M,vanilla,medium,1323,96145,736,12,30,stop,False,1194.946,99.57883333333332,10.042294798258666,96146.414,130.63371467391306,7.654991687989528,97469,0.2,19888.1,374704.9,N/A
vanilla,46,1,1,1,2,Meta-Llama-3.1-8B-Instruct-Q4_K_M,vanilla,short,1231,892,8,12,30,stop,False,1197.943,99.82858333333333,10.01717110079528,893.686,111.71075,8.951689967169676,2124,0.0,2.4,0.1,N/A
vanilla,46,1,2,1,2,Meta-Llama-3.1-8B-Instruct-Q4_K_M,vanilla,short,949,4816,40,9,33,stop,False,916.066,101.78511111111112,9.82461962347691,4817.269,120.431725,8.303459906432462,5765,5.3,591.5,13925.2,N/A
vanilla,46,1,3,1,2,Meta-Llama-3.1-8B-Instruct-Q4_K_M,vanilla,short,973,3851,32,9,33,stop,False,918.402,102.04466666666667,9.799630227286091,3852.838,120.4011875,8.305565923093575,4825,5.3,442.9,10316.9,N/A
vanilla,46,2,1,1,2,Meta-Llama-3.1-8B-Instruct-Q4_K_M,vanilla,short,969,889,8,9,33,stop,False,912.891,101.43233333333333,9.858789274951775,890.993,111.374125,8.9787461854358,1858,0.0,2.0,0.0,N/A
vanilla,46,2,2,1,2,Meta-Llama-3.1-8B-Instruct-Q4_K_M,vanilla,short,948,11136,91,9,33,stop,False,915.404,101.71155555555555,9.831724571883015,11137.046,122.38512087912088,8.170927910327388,12084,5.3,1725.0,40728.6,N/A
vanilla,46,2,3,1,2,Meta-Llama-3.1-8B-Instruct-Q4_K_M,vanilla,short,202,1469,13,1,41,stop,False,128.495,128.495,7.7824039845908395,1470.391,113.107,8.84118577983679,1671,0.0,1.3,0.0,N/A
vanilla,46,3,1,1,2,Meta-Llama-3.1-8B-Instruct-Q4_K_M,vanilla,short,944,886,8,9,33,stop,False,911.549,101.28322222222222,9.873303574465004,887.424,110.928,9.014856483484783,1831,0.0,2.5,0.0,N/A
vanilla,46,3,2,1,2,Meta-Llama-3.1-8B-Instruct-Q4_K_M,vanilla,short,943,4328,36,9,33,stop,False,910.504,101.16711111111111,9.884635322854155,4329.079,120.25219444444444,8.3158565597902,5271,5.3,537.9,12383.7,N/A
vanilla,46,3,3,1,2,Meta-Llama-3.1-8B-Instruct-Q4_K_M,vanilla,short,970,1374,12,9,33,stop,False,913.176,101.464,9.855712370890167,1376.024,114.66866666666665,8.72077812596292,2345,0.0,1.1,0.0,N/A
turboquant,46,1,1,1,2,Meta-Llama-3.1-8B-Instruct-Q4_K_M,turboquant,long,15358,67890,383,146,30,stop,False,15324.827,104.96456849315068,9.527024350747974,67891.491,177.26237859007833,5.641354967443564,83249,0.1,11407.1,197576.9,N/A
turboquant,46,1,2,1,2,Meta-Llama-3.1-8B-Instruct-Q4_K_M,turboquant,long,2399,210107,1024,23,30,length,True,2330.592,101.33008695652174,9.868737213549176,210107.95,205.183544921875,4.873685169932884,212506,0.1,29184.3,528606.9,N/A
turboquant,46,1,3,1,2,Meta-Llama-3.1-8B-Instruct-Q4_K_M,turboquant,long,2424,157482,825,23,30,stop,False,2338.376,101.66852173913044,9.835886102149527,157483.536,190.88913454545454,5.2386428508945855,159907,0.1,23297.1,425677.2,N/A
turboquant,46,2,1,1,2,Meta-Llama-3.1-8B-Instruct-Q4_K_M,turboquant,long,269,70315,395,1,175,stop,False,186.768,186.768,5.354236271738199,70316.141,178.01554683544305,5.617486886830151,70584,0.2,10887.8,196002.2,N/A
turboquant,46,2,2,1,2,Meta-Llama-3.1-8B-Instruct-Q4_K_M,turboquant,long,2391,209319,1024,23,30,length,True,2329.428,101.27947826086957,9.87366855725955,209320.307,204.4143623046875,4.892024164669317,211711,0.2,28975.7,528443.4,N/A
turboquant,46,2,3,1,2,Meta-Llama-3.1-8B-Instruct-Q4_K_M,turboquant,long,2434,105659,604,23,30,stop,False,2335.435,101.54065217391305,9.848272377522816,105660.932,174.9353178807947,5.71639856441925,108094,0.2,16804.1,311700.9,N/A
turboquant,46,3,1,1,2,Meta-Llama-3.1-8B-Instruct-Q4_K_M,turboquant,long,261,100069,533,1,175,stop,False,178.783,178.783,5.593372971703126,100070.274,187.74910694183865,5.326257026137451,100330,0.2,14311.1,266766.1,N/A
turboquant,46,3,2,1,2,Meta-Llama-3.1-8B-Instruct-Q4_K_M,turboquant,long,2415,161389,840,23,30,stop,False,2342.968,101.86817391304348,9.816608677540625,161390.674,192.13175476190477,5.204761707606475,163805,0.2,23108.5,432929.0,N/A
turboquant,46,3,3,1,2,Meta-Llama-3.1-8B-Instruct-Q4_K_M,turboquant,long,2418,123588,685,23,30,stop,False,2339.065,101.69847826086956,9.832988822456835,123589.629,180.42281605839418,5.54253625925198,126006,0.3,17758.8,352941.1,N/A
turboquant,46,1,1,1,2,Meta-Llama-3.1-8B-Instruct-Q4_K_M,turboquant,medium,2480,86274,510,24,30,stop,False,2446.577,101.94070833333335,9.809623813188793,86275.297,169.16724901960785,5.9113096996930645,88754,0.1,14414.9,263152.0,N/A
turboquant,46,1,2,1,2,Meta-Llama-3.1-8B-Instruct-Q4_K_M,turboquant,medium,1218,127770,707,11,32,stop,False,1148.162,104.37836363636364,9.580529576836717,127771.229,180.72309618104669,5.533327068490513,128988,0.1,18301.9,359678.6,N/A
turboquant,46,1,3,1,2,Meta-Llama-3.1-8B-Instruct-Q4_K_M,turboquant,medium,1321,115391,650,12,30,stop,False,1246.908,103.90899999999999,9.623805445149122,115392.307,177.52662615384617,5.6329578366086395,116713,0.1,16949.4,331769.8,N/A
turboquant,46,2,1,1,2,Meta-Llama-3.1-8B-Instruct-Q4_K_M,turboquant,medium,2509,99747,575,24,30,stop,False,2441.41,101.72541666666666,9.830384900528793,99748.85,173.47626086956524,5.76447748520409,102256,0.1,16041.1,296750.1,N/A
turboquant,46,2,2,1,2,Meta-Llama-3.1-8B-Instruct-Q4_K_M,turboquant,medium,1209,143782,774,11,32,stop,False,1143.428,103.94800000000001,9.620194712740984,143783.074,185.76624547803615,5.383109280303745,144991,0.2,20813.8,394179.2,N/A
turboquant,46,2,3,1,2,Meta-Llama-3.1-8B-Instruct-Q4_K_M,turboquant,medium,1317,102669,592,12,30,stop,False,1243.476,103.623,9.650367196471825,102670.593,173.43005574324323,5.766013253668459,103986,0.2,15420.7,301315.5,N/A
turboquant,46,3,1,1,2,Meta-Llama-3.1-8B-Instruct-Q4_K_M,turboquant,medium,2507,92320,540,24,30,stop,False,2443.294,101.80391666666667,9.822804787307629,92321.02,170.96485185185185,5.849155479434693,94828,0.2,15267.6,278839.0,N/A
turboquant,46,3,2,1,2,Meta-Llama-3.1-8B-Instruct-Q4_K_M,turboquant,medium,1225,123422,687,11,32,stop,False,1152.848,104.80436363636363,9.541587442576992,123423.703,179.65604512372633,5.566191771121954,124648,0.2,17802.7,349815.9,N/A
turboquant,46,3,3,1,2,Meta-Llama-3.1-8B-Instruct-Q4_K_M,turboquant,medium,1304,105761,607,12,30,stop,False,1237.028,103.08566666666667,9.700669669562854,105762.373,174.2378467874794,5.739281209206605,107065,0.2,15789.5,308008.2,N/A
turboquant,46,1,1,1,2,Meta-Llama-3.1-8B-Instruct-Q4_K_M,turboquant,short,1277,942,8,12,30,stop,False,1244.963,103.74691666666666,9.638840672373396,943.362,117.92025,8.480307665562107,2219,0.0,2.1,0.0,N/A
turboquant,46,1,2,1,2,Meta-Llama-3.1-8B-Instruct-Q4_K_M,turboquant,short,978,4252,33,9,33,stop,False,946.212,105.13466666666666,9.511610505890857,4253.614,128.89739393939394,7.758108751757917,5231,0.1,491.4,11357.3,N/A
turboquant,46,1,3,1,2,Meta-Llama-3.1-8B-Instruct-Q4_K_M,turboquant,short,993,1460,12,9,33,stop,False,945.83,105.09222222222223,9.515452036835372,1461.053,121.75441666666667,8.213254413084261,2453,0.1,3.8,515.2,N/A
turboquant,46,2,1,1,2,Meta-Llama-3.1-8B-Instruct-Q4_K_M,turboquant,short,977,936,8,9,33,stop,False,945.46,105.05111111111111,9.519175850908551,937.437,117.179625,8.533906811871091,1914,0.0,2.2,0.0,N/A
turboquant,46,2,2,1,2,Meta-Llama-3.1-8B-Instruct-Q4_K_M,turboquant,short,977,8195,62,9,33,stop,False,945.355,105.03944444444444,9.520233139931559,8196.383,132.1997258064516,7.564312209422132,9172,0.1,1144.9,25804.4,N/A
turboquant,46,2,3,1,2,Meta-Llama-3.1-8B-Instruct-Q4_K_M,turboquant,short,994,1457,12,9,33,stop,False,946.241,105.13788888888888,9.511318998014248,1458.265,121.52208333333334,8.228957013985799,2451,0.1,3.4,515.2,N/A
turboquant,46,3,1,1,2,Meta-Llama-3.1-8B-Instruct-Q4_K_M,turboquant,short,976,937,8,9,33,stop,False,944.848,104.9831111111111,9.525341642253569,938.009,117.251125,8.528702816284278,1914,0.0,2.0,0.0,N/A
turboquant,46,3,2,1,2,Meta-Llama-3.1-8B-Instruct-Q4_K_M,turboquant,short,981,2915,23,9,33,stop,False,948.771,105.419,9.485956042079701,2916.254,126.79365217391305,7.886830159512855,3896,0.1,233.9,5675.1,N/A
turboquant,46,3,3,1,2,Meta-Llama-3.1-8B-Instruct-Q4_K_M,turboquant,short,984,1481,12,9,33,stop,False,951.457,105.71744444444444,9.459176820392303,1482.946,123.57883333333332,8.09200065275472,2465,0.0,1.3,0.0,N/A
vanilla,46,1,1,1,4,Meta-Llama-3.1-8B-Instruct-Q4_K_M,vanilla,short,1229,889,8,12,30,stop,False,1196.608,99.71733333333333,10.028346793603253,890.198,111.27475,8.986764742225887,2118,"0.0,0.0,0.0","0.0,21.6,1.0","0.0,17.1,515.2",1225.1
vanilla,46,1,2,1,4,Meta-Llama-3.1-8B-Instruct-Q4_K_M,vanilla,short,947,2851,24,9,33,stop,False,914.673,101.63033333333334,9.83958201455602,2852.573,118.85720833333333,8.413456903644533,3798,"0.4,0.4,0.2","304.4,300.4,316.3","240.7,261.3,7223.5",1225.1
vanilla,46,1,3,1,4,Meta-Llama-3.1-8B-Instruct-Q4_K_M,vanilla,short,948,1377,12,9,33,stop,False,915.618,101.73533333333334,9.829426682306377,1378.563,114.88025,8.7047164329813,2325,"0.4,0.4,0.2","0.7,39.9,41.9","0.0,33.6,1030.8",1225.1
vanilla,46,1,1,1,4,Meta-Llama-3.1-8B-Instruct-Q4_K_M,vanilla,long,15898,57086,433,146,30,stop,False,15865.304,108.66646575342466,9.202471002131443,57087.435,131.84165127020785,7.584856457467393,72985,"4.7,4.7,0.1","11320.7,12996.5,13328.1","10987.8,9942.4,223366.5",N/A
vanilla,46,1,2,1,4,Meta-Llama-3.1-8B-Instruct-Q4_K_M,vanilla,long,2360,138190,1024,23,30,length,True,2240.567,97.41595652173913,10.265258749236242,138191.315,134.9524560546875,7.4100170477428335,140551,"4.7,4.7,0.1","26646.8,23830.4,25033.4","20551.1,17537.2,527928.6",N/A
vanilla,46,1,3,1,4,Meta-Llama-3.1-8B-Instruct-Q4_K_M,vanilla,long,2452,87291,663,23,30,stop,False,2246.578,97.67730434782608,10.237792767489044,87291.977,131.66210708898944,7.595199728378245,89743,"4.7,4.7,0.1","16802.1,15203.0,15790.5","12870.5,11418.8,341948.3",N/A
vanilla,46,2,1,1,4,Meta-Llama-3.1-8B-Instruct-Q4_K_M,vanilla,long,369,85986,643,1,175,stop,False,161.405,161.405,6.195594932003345,85987.597,133.728766718507,7.477822644584428,86356,"4.7,4.7,0.1","16128.3,14574.9,15072.8","12430.6,10862.5,323384.4",N/A
vanilla,46,2,2,1,4,Meta-Llama-3.1-8B-Instruct-Q4_K_M,vanilla,long,2378,124218,929,23,30,stop,False,2238.569,97.32908695652173,10.27442084653187,124219.086,133.71268675995694,7.478721909127556,126596,"4.7,4.7,0.1","23712.5,21433.4,22197.9","18412.0,16114.8,479193.7",N/A
vanilla,46,2,3,1,4,Meta-Llama-3.1-8B-Instruct-Q4_K_M,vanilla,long,2406,95240,723,23,30,stop,False,2242.213,97.48752173913044,10.25772306199277,95240.837,131.73006500691562,7.591281458393735,97646,"4.7,4.7,0.1","18396.2,16774.1,17384.0","13957.5,12572.1,372924.9",N/A
vanilla,46,3,1,1,4,Meta-Llama-3.1-8B-Instruct-Q4_K_M,vanilla,long,15996,65311,494,146,30,stop,False,15860.064,108.63057534246576,9.205511402728261,65312.764,132.21207287449394,7.563605790745588,81308,"4.7,4.7,0.1","12646.9,14154.8,14573.1","12196.3,10961.3,254778.4",N/A
vanilla,46,3,2,1,4,Meta-Llama-3.1-8B-Instruct-Q4_K_M,vanilla,long,2369,121230,906,23,30,stop,False,2243.471,97.54221739130435,10.25197116432528,121230.859,133.80889514348786,7.473344719928117,123599,"4.7,4.7,0.1","23121.0,20800.1,21671.6","17914.9,15561.7,467189.5",N/A
vanilla,46,3,3,1,4,Meta-Llama-3.1-8B-Instruct-Q4_K_M,vanilla,long,2394,109241,821,23,30,stop,False,2238.458,97.32426086956522,10.27493033150499,109242.479,133.06026674786847,7.515391517250354,111636,"4.7,4.7,0.1","21029.9,18981.1,19790.6","16055.5,14045.1,423682.8",N/A
vanilla,46,1,1,1,4,Meta-Llama-3.1-8B-Instruct-Q4_K_M,vanilla,medium,2372,57990,451,24,30,stop,False,2338.482,97.43675,10.263068092891029,57991.695,128.58468957871398,7.77697565142733,60363,"0.1,0.1,0.1","11155.8,10161.4,10596.6","8517.6,7679.3,232567.7",N/A
vanilla,46,1,2,1,4,Meta-Llama-3.1-8B-Instruct-Q4_K_M,vanilla,medium,1215,98575,750,11,32,stop,False,1103.989,100.36263636363637,9.963867393606275,98576.656,131.43554133333333,7.608292170105669,99791,"0.1,0.1,0.1","18479.3,16707.5,17492.7","14294.4,12606.0,382086.9",N/A
vanilla,46,1,3,1,4,Meta-Llama-3.1-8B-Instruct-Q4_K_M,vanilla,medium,1341,86588,663,12,30,stop,False,1199.674,99.97283333333333,10.002717404894996,86589.465,130.6025113122172,7.656820607449186,87929,"0.1,0.1,0.1","16234.2,14751.1,15405.4","12615.3,11319.4,337852.2",N/A
vanilla,46,2,1,1,4,Meta-Llama-3.1-8B-Instruct-Q4_K_M,vanilla,medium,2471,66714,515,24,30,stop,False,2339.013,97.45887499999999,10.260738183156743,66715.76,129.54516504854368,7.719315496068696,69186,"0.1,0.1,0.1","12701.7,11914.4,12313.6","9772.1,8987.6,265143.6",N/A
vanilla,46,2,2,1,4,Meta-Llama-3.1-8B-Instruct-Q4_K_M,vanilla,medium,1225,99123,754,11,32,stop,False,1109.418,100.85618181818181,9.915108642549518,99124.31,131.46460212201592,7.6066103259634295,100349,"0.1,0.1,0.1","18805.2,17035.9,17707.2","14499.1,12912.5,383779.7",N/A
vanilla,46,2,3,1,4,Meta-Llama-3.1-8B-Instruct-Q4_K_M,vanilla,medium,1337,85134,652,12,30,stop,False,1198.573,99.88108333333334,10.01190582467651,85135.18,130.57542944785274,7.658408662552896,86471,"0.1,0.1,0.1","16017.4,14478.3,15119.4","12451.1,11117.5,332169.5",N/A
vanilla,46,3,1,1,4,Meta-Llama-3.1-8B-Instruct-Q4_K_M,vanilla,medium,2468,100739,760,24,30,stop,False,2340.566,97.52358333333332,10.253930032308425,100740.889,132.55380131578946,7.544106544463788,103208,"0.1,0.1,0.1","19462.8,17628.5,18348.7","14785.8,13038.9,392043.4",N/A
vanilla,46,3,2,1,4,Meta-Llama-3.1-8B-Instruct-Q4_K_M,vanilla,medium,1243,120891,910,11,32,stop,False,1103.556,100.32327272727274,9.967776895780549,120892.84,132.8492747252747,7.527327507567859,122135,"0.1,0.1,0.1","22689.7,20414.7,21261.8","17843.4,15608.6,464652.2",N/A
vanilla,46,3,3,1,4,Meta-Llama-3.1-8B-Instruct-Q4_K_M,vanilla,medium,1355,79833,614,12,30,stop,False,1199.038,99.91983333333333,10.008023098517311,79834.432,130.02350488599347,7.690917122075848,81188,"0.1,0.1,0.1","14900.6,13493.4,14117.7","11651.5,10364.6,312596.4",N/A
vanilla,46,1,1,1,4,Meta-Llama-3.1-8B-Instruct-Q4_K_M,vanilla,short,1238,897,8,12,30,stop,False,1206.004,100.50033333333333,9.95021575384493,898.274,112.28425,8.905968557478008,2135,"0.0,0.0,0.0","2.1,2.1,2.1","0.0,0.0,0.0",N/A
vanilla,46,1,2,1,4,Meta-Llama-3.1-8B-Instruct-Q4_K_M,vanilla,short,947,4100,34,9,33,stop,False,915.172,101.68577777777779,9.834216955938336,4101.455,120.6310294117647,8.289741079690012,5048,"0.1,0.1,0.1","517.3,471.4,520.2","407.6,380.8,12378.8",N/A
vanilla,46,1,3,1,4,Meta-Llama-3.1-8B-Instruct-Q4_K_M,vanilla,short,971,1383,12,9,33,stop,False,913.072,101.45244444444444,9.856834948393992,1384.896,115.408,8.664910578122834,2355,"0.1,0.1,0.1","25.4,23.5,47.2","18.0,17.6,1031.5",N/A
vanilla,46,2,1,1,4,Meta-Llama-3.1-8B-Instruct-Q4_K_M,vanilla,short,946,890,8,9,33,stop,False,913.581,101.509,9.8513432306495,891.8,111.475,8.970621215519175,1837,"0.0,0.0,0.0","2.5,2.5,2.6","0.0,0.0,0.0",N/A
vanilla,46,2,2,1,4,Meta-Llama-3.1-8B-Instruct-Q4_K_M,vanilla,short,947,4091,34,9,33,stop,False,914.932,101.65911111111112,9.8367966143932,4092.625,120.37132352941177,8.307626523319385,5039,"0.1,0.1,0.1","517.0,475.7,522.8","407.5,384.8,12377.1",N/A
vanilla,46,2,3,1,4,Meta-Llama-3.1-8B-Instruct-Q4_K_M,vanilla,short,948,1385,12,9,33,stop,False,915.313,101.70144444444445,9.832702037445115,1386.564,115.54700000000001,8.654486918743022,2334,"0.1,0.1,0.1","5.1,24.8,48.5","18.1,17.6,1032.2",N/A
vanilla,46,3,1,1,4,Meta-Llama-3.1-8B-Instruct-Q4_K_M,vanilla,short,946,886,8,9,33,stop,False,912.944,101.43822222222222,9.858216933349691,887.011,110.876375,9.01905387870049,1832,"0.0,0.0,0.0","1.9,2.4,2.4","0.0,0.0,0.0",N/A
vanilla,46,3,2,1,4,Meta-Llama-3.1-8B-Instruct-Q4_K_M,vanilla,short,944,7439,61,9,33,stop,False,912.174,101.35266666666666,9.866538620921009,7440.203,121.97054098360657,8.19870103006598,8383,"0.1,0.1,0.1","1116.8,1035.2,1105.2","897.6,864.1,25791.0",N/A
vanilla,46,3,3,1,4,Meta-Llama-3.1-8B-Instruct-Q4_K_M,vanilla,short,971,1511,13,9,33,stop,False,911.35,101.26111111111112,9.875459483184288,1512.403,116.33869230769231,8.59559257684625,2483,"0.1,0.1,0.1","26.8,24.5,48.6","19.1,17.3,1547.3",N/A
turboquant,46,1,1,1,4,Meta-Llama-3.1-8B-Instruct-Q4_K_M,turboquant,long,15347,81840,447,146,30,stop,False,15313.632,104.8878904109589,9.533989062816712,81841.078,183.08965995525725,5.461804889715651,97187,"0.1,0.1,0.1","12256.0,13756.1,14122.0","11871.4,10271.4,230637.3",N/A
turboquant,46,1,2,1,4,Meta-Llama-3.1-8B-Instruct-Q4_K_M,turboquant,long,2403,196440,973,23,30,stop,False,2338.319,101.66604347826087,9.83612586648785,196441.394,201.89249126413156,4.953131212253564,198844,"0.1,0.1,0.1","26609.3,23706.1,24687.1","20826.8,17139.9,501235.3",N/A
turboquant,46,1,3,1,4,Meta-Llama-3.1-8B-Instruct-Q4_K_M,turboquant,long,2409,133385,724,23,30,stop,False,2333.647,101.46291304347825,9.855817953615093,133386.364,184.2353093922652,5.427841184725599,135794,"0.1,0.1,0.1","19624.2,17691.8,18326.5","15142.4,12701.8,373698.4",N/A
turboquant,46,2,1,1,4,Meta-Llama-3.1-8B-Instruct-Q4_K_M,turboquant,long,277,64203,363,1,175,stop,False,189.24,189.24,5.28429507503699,64203.918,176.87029752066115,5.65386056346281,64480,"0.1,0.1,0.1","9455.1,8533.8,8849.9","7191.2,6092.7,180169.2",N/A
turboquant,46,2,2,1,4,Meta-Llama-3.1-8B-Instruct-Q4_K_M,turboquant,long,2401,210050,1024,23,30,length,True,2336.861,101.60265217391304,9.842262761884426,210051.286,205.128208984375,4.874999908355715,212452,"0.1,0.1,0.1","28393.7,25314.8,26287.1","22024.2,18103.4,528692.2",N/A
turboquant,46,2,3,1,4,Meta-Llama-3.1-8B-Instruct-Q4_K_M,turboquant,long,2411,139498,751,23,30,stop,False,2334.371,101.49439130434783,9.852761193486382,139499.282,185.7513741677763,5.383540253633706,141910,"0.1,0.1,0.1","20385.7,18341.3,19020.3","15688.2,13193.9,387671.4",N/A
turboquant,46,3,1,1,4,Meta-Llama-3.1-8B-Instruct-Q4_K_M,turboquant,long,276,59597,341,1,175,stop,False,183.909,183.909,5.437471793115074,59598.4,174.77536656891496,5.721630110875459,59874,"0.1,0.1,0.1","8776.5,7954.5,8241.5","6710.4,5749.2,168215.0",N/A
turboquant,46,3,2,1,4,Meta-Llama-3.1-8B-Instruct-Q4_K_M,turboquant,long,2400,209575,1024,23,30,length,True,2337.294,101.62147826086957,9.840439414125909,209576.229,204.6642861328125,4.886050316326667,211975,"0.1,0.1,0.1","28183.3,25047.9,25975.4","21988.2,18040.4,528086.6",N/A
turboquant,46,3,3,1,4,Meta-Llama-3.1-8B-Instruct-Q4_K_M,turboquant,long,2417,123694,681,23,30,stop,False,2338.251,101.66308695652175,9.836411916428133,123695.367,181.63783700440527,5.505460847211844,126111,"0.1,0.1,0.1","18294.7,16349.3,16804.9","14107.3,11883.0,349911.7",N/A
turboquant,46,1,1,1,4,Meta-Llama-3.1-8B-Instruct-Q4_K_M,turboquant,medium,2475,81620,486,24,30,stop,False,2443.012,101.79216666666667,9.823938646228507,81621.777,167.94604320987654,5.954293300916494,84096,"0.1,0.1,0.1","13067.9,11879.8,12288.3","9900.9,8528.4,250807.0",N/A
turboquant,46,1,2,1,4,Meta-Llama-3.1-8B-Instruct-Q4_K_M,turboquant,medium,1212,142244,766,11,32,stop,False,1147.915,104.3559090909091,9.582591045504241,142245.128,185.6986005221932,5.3850702007874744,143456,"0.1,0.1,0.1","20282.2,18309.0,18987.3","15885.4,13300.9,390667.0",N/A
turboquant,46,1,3,1,4,Meta-Llama-3.1-8B-Instruct-Q4_K_M,turboquant,medium,1326,100869,583,12,30,stop,False,1251.632,104.30266666666667,9.587482582739973,100870.498,173.01972212692968,5.779687932144441,102195,"0.1,0.1,0.1","14998.3,13573.7,14097.5","11844.2,9970.4,297213.5",N/A
turboquant,46,2,1,1,4,Meta-Llama-3.1-8B-Instruct-Q4_K_M,turboquant,medium,2505,84873,502,24,30,stop,False,2439.016,101.62566666666667,9.840033849716443,84874.729,169.07316533864542,5.9145991500014095,87379,"0.1,0.1,0.1","13391.9,12184.6,12572.4","10218.2,8799.2,259097.6",N/A
turboquant,46,2,2,1,4,Meta-Llama-3.1-8B-Instruct-Q4_K_M,turboquant,medium,1212,102162,589,11,32,stop,False,1148.21,104.38272727272728,9.580129070466203,102163.529,173.45251103565363,5.765266781260071,103375,"0.1,0.1,0.1","15387.3,13897.5,14407.1","11999.0,10211.6,299828.4",N/A
turboquant,46,2,3,1,4,Meta-Llama-3.1-8B-Instruct-Q4_K_M,turboquant,medium,1338,118598,664,12,30,stop,False,1245.03,103.7525,9.638321968145346,118599.177,178.61321837349396,5.59868977842907,119936,"0.1,0.1,0.1","17185.4,15512.4,16099.5","13543.4,11500.5,338433.7",N/A
turboquant,46,3,1,1,4,Meta-Llama-3.1-8B-Instruct-Q4_K_M,turboquant,medium,2515,207919,1016,24,30,stop,False,2444.159,101.83995833333334,9.81932844794467,207920.727,204.6463848425197,4.886477719943716,210434,"0.2,0.1,0.1","27959.7,24911.3,25845.8","21796.6,17832.5,524475.0",N/A
turboquant,46,3,2,1,4,Meta-Llama-3.1-8B-Instruct-Q4_K_M,turboquant,medium,1229,102460,590,11,32,stop,False,1149.042,104.45836363636363,9.573192276696588,102461.059,173.66281186440676,5.758285203747505,103690,"0.2,0.1,0.1","15283.2,13812.8,14336.1","12028.9,10258.4,299964.2",N/A
turboquant,46,3,3,1,4,Meta-Llama-3.1-8B-Instruct-Q4_K_M,turboquant,medium,1308,115658,651,12,30,stop,False,1241.825,103.48541666666667,9.663197310410082,115659.196,177.6638955453149,5.62860561472345,116967,"0.2,0.1,0.1","17040.0,15342.9,15902.7","13346.2,11282.8,330934.9",N/A
turboquant,46,1,1,1,4,Meta-Llama-3.1-8B-Instruct-Q4_K_M,turboquant,short,1280,957,8,12,30,stop,False,1247.381,103.94841666666667,9.620156151167926,958.831,119.853875,8.343493274622952,2238,"0.0,0.0,0.0","3.0,3.6,3.6","0.0,0.0,0.0",N/A
turboquant,46,1,2,1,4,Meta-Llama-3.1-8B-Instruct-Q4_K_M,turboquant,short,985,4316,33,9,33,stop,False,952.606,105.84511111111111,9.447767492541512,4317.235,130.82530303030302,7.643781262775828,5301,"0.1,0.1,0.1","549.9,523.4,544.6","456.2,408.0,11873.1",N/A
turboquant,46,1,3,1,4,Meta-Llama-3.1-8B-Instruct-Q4_K_M,turboquant,short,1001,1626,13,9,33,stop,False,951.991,105.77677777777778,9.45387088743486,1626.995,125.15346153846153,7.990190504580531,2627,"0.1,0.1,0.1","55.4,70.3,75.1","59.1,53.1,1549.1",N/A
turboquant,46,2,1,1,4,Meta-Llama-3.1-8B-Instruct-Q4_K_M,turboquant,short,981,950,8,9,33,stop,False,948.602,105.40022222222223,9.487646030685156,951.037,118.879625,8.411870410930383,1931,"0.0,0.0,0.0","2.0,2.4,2.0","0.0,0.0,0.0",N/A
turboquant,46,2,2,1,4,Meta-Llama-3.1-8B-Instruct-Q4_K_M,turboquant,short,982,7069,53,9,33,stop,False,949.343,105.48255555555555,9.480240545303436,7070.28,133.40150943396225,7.49616705420436,8051,"0.1,0.1,0.1","1044.0,953.9,994.2","838.4,761.9,22204.3",N/A
turboquant,46,2,3,1,4,Meta-Llama-3.1-8B-Instruct-Q4_K_M,turboquant,short,999,1624,13,9,33,stop,False,949.718,105.52422222222222,9.476497233915753,1625.661,125.05084615384615,7.996747169305285,2624,"0.1,0.1,0.1","54.8,49.4,51.6","40.5,51.9,1547.6",N/A
turboquant,46,3,1,1,4,Meta-Llama-3.1-8B-Instruct-Q4_K_M,turboquant,short,985,963,8,9,33,stop,False,952.406,105.82288888888888,9.449751471536299,964.644,120.5805,8.293214906224472,1949,"0.0,0.0,0.0","1.9,2.1,2.0","0.0,0.0,0.0",N/A
turboquant,46,3,2,1,4,Meta-Llama-3.1-8B-Instruct-Q4_K_M,turboquant,short,983,4330,33,9,33,stop,False,950.671,105.63011111111112,9.466997520698538,4330.975,131.24166666666667,7.619531398818972,5314,"0.1,0.1,0.1","492.2,429.0,469.1","398.2,335.5,10312.4",N/A
turboquant,46,3,3,1,4,Meta-Llama-3.1-8B-Instruct-Q4_K_M,turboquant,short,983,1357,11,9,33,stop,False,950.165,105.57388888888889,9.472039066898907,1357.861,123.4419090909091,8.100976462244663,2340,"0.0,0.0,0.0","1.5,1.7,1.5","0.0,0.1,0.0",N/A
vanilla,46,1,1,1,8,Meta-Llama-3.1-8B-Instruct-Q4_K_M,vanilla,long,15948,64281,470,146,30,stop,False,15912.884,108.99235616438357,9.174955338076995,64282.064,136.77034893617022,7.3115262758208885,80229,"0.1,0.1,0.1,0.1,0.1,0.1,0.1","12886.9,13042.9,13007.5,12898.7,12987.1,13010.5,13344.1","14277.0,10374.7,10328.6,10242.9,10256.5,10356.7,242370.5",N/A
vanilla,46,1,2,1,8,Meta-Llama-3.1-8B-Instruct-Q4_K_M,vanilla,long,2386,113908,832,23,30,stop,False,2257.096,98.13460869565218,10.190084958725725,113908.979,136.90983052884616,7.304077407277964,116294,"0.1,0.1,0.1,0.1,0.1,0.1,0.1","22709.0,18194.2,18325.4,18147.3,18326.6,18304.4,18983.7","20797.9,14102.7,14095.5,13908.3,14073.7,14042.7,428458.8",N/A
vanilla,46,1,3,1,8,Meta-Llama-3.1-8B-Instruct-Q4_K_M,vanilla,long,2407,111891,817,23,30,stop,False,2249.47,97.80304347826086,10.224630690784942,111891.98,136.95468788249693,7.301685071619969,114298,"0.1,0.1,0.1,0.1,0.1,0.1,0.1","22229.2,17951.8,17911.5,17798.7,17904.7,17908.0,18570.2","20324.1,13859.7,13777.8,13738.1,13805.4,13820.4,421280.7",N/A
vanilla,46,2,1,1,8,Meta-Llama-3.1-8B-Instruct-Q4_K_M,vanilla,long,376,62659,460,1,175,stop,False,160.528,160.528,6.229442838632513,62659.967,136.2173195652174,7.341210377592443,63035,"0.1,0.1,0.1,0.1,0.1,0.1,0.1","11875.3,9606.6,9625.6,9584.9,9655.0,9630.5,9993.4","10773.8,7453.1,7487.9,7520.2,7539.5,7508.8,229374.1",N/A
vanilla,46,2,2,1,8,Meta-Llama-3.1-8B-Instruct-Q4_K_M,vanilla,long,2374,142386,1024,23,30,length,True,2249.869,97.82039130434784,10.222817417369633,142387.613,139.0504033203125,7.191636817452652,144761,"0.1,0.1,0.1,0.1,0.1,0.1,0.1","28328.8,22736.0,22738.3,22620.3,22783.0,22779.1,23569.2","26757.7,17271.2,17263.4,17244.9,17353.3,17373.5,527879.8",N/A
vanilla,46,2,3,1,8,Meta-Llama-3.1-8B-Instruct-Q4_K_M,vanilla,long,2427,113665,831,23,30,stop,False,2249.995,97.82586956521739,10.222244938322087,113666.297,136.78254753309267,7.310874216303536,116092,"0.1,0.1,0.1,0.1,0.1,0.1,0.1","22392.4,18191.2,18058.6,17969.9,18110.6,18175.7,18870.1","20709.1,14058.2,14065.3,14042.6,14013.1,14014.9,428472.2",N/A
vanilla,46,3,1,1,8,Meta-Llama-3.1-8B-Instruct-Q4_K_M,vanilla,long,387,57836,426,1,175,stop,False,166.382,166.382,6.010265533531271,57837.539,135.76887089201878,7.365458616764452,58224,"0.1,0.1,0.1,0.1,0.1,0.1,0.1","10945.6,8862.5,8862.3,8815.7,8889.9,8862.6,9216.8","9836.0,6918.5,6922.3,6890.0,6951.4,6875.6,211395.3",N/A
vanilla,46,3,2,1,8,Meta-Llama-3.1-8B-Instruct-Q4_K_M,vanilla,long,2373,121074,879,23,30,stop,False,2251.103,97.87404347826087,10.217213517106947,121075.615,137.74245164960183,7.259925956188618,123448,"0.1,0.1,0.1,0.1,0.1,0.1,0.1","23942.1,19399.6,19331.2,19262.8,19388.9,19402.3,20102.4","22235.4,14892.8,14813.2,14783.3,14880.4,14907.7,453118.4",N/A
vanilla,46,3,3,1,8,Meta-Llama-3.1-8B-Instruct-Q4_K_M,vanilla,long,2408,99510,730,23,30,stop,False,2249.225,97.79239130434782,10.22574442307906,99511.737,136.31744794520546,7.3358180854586035,101919,"0.1,0.1,0.1,0.1,0.1,0.1,0.1","19504.6,15903.9,15880.4,15729.3,15901.4,15889.2,16485.6","17669.8,12295.7,12258.8,12200.0,12300.3,12227.0,376350.4",N/A
vanilla,46,1,1,1,8,Meta-Llama-3.1-8B-Instruct-Q4_K_M,vanilla,medium,2380,99943,736,24,30,stop,False,2347.494,97.81225,10.223668303305567,99944.11,135.7936277173913,7.364115804323037,102323,"0.1,0.1,0.1,0.1,0.1,0.1,0.1","19962.1,16109.6,16114.5,16001.0,16066.1,16108.4,16730.5","17918.9,12360.6,12449.8,12408.4,12321.2,12450.9,379446.4",N/A
vanilla,46,1,2,1,8,Meta-Llama-3.1-8B-Instruct-Q4_K_M,vanilla,medium,1257,123609,902,11,32,stop,False,1108.586,100.78054545454546,9.922549987100684,123610.533,137.0405022172949,7.297112779215991,124866,"0.1,0.1,0.1,0.1,0.1,0.1,0.1","24300.4,19510.9,19481.7,19463.1,19514.9,19497.7,20317.3","22666.4,15110.9,15066.2,15104.3,15058.2,15115.3,459791.3",N/A
vanilla,46,1,3,1,8,Meta-Llama-3.1-8B-Instruct-Q4_K_M,vanilla,medium,1375,79218,589,12,30,stop,False,1207.463,100.62191666666666,9.938192723089651,79218.97,134.49740237691003,7.435087833128858,80593,"0.1,0.1,0.1,0.1,0.1,0.1,0.1","15434.8,12515.2,12507.6,12459.2,12516.3,12525.0,13082.1","13665.0,9842.0,9748.1,9832.9,9833.5,9840.2,300000.6",N/A
vanilla,46,2,1,1,8,Meta-Llama-3.1-8B-Instruct-Q4_K_M,vanilla,medium,2475,65026,488,24,30,stop,False,2347.569,97.815375,10.223341678135979,65027.278,133.25261885245902,7.504542939656801,67501,"0.1,0.1,0.1,0.1,0.1,0.1,0.1","12948.4,10531.3,10539.0,10481.7,10546.1,10542.4,11378.6","11156.1,8214.5,8162.5,8226.5,8225.2,8582.6,251572.8",N/A
vanilla,46,2,2,1,8,Meta-Llama-3.1-8B-Instruct-Q4_K_M,vanilla,medium,1229,121235,885,11,32,stop,False,1114.235,101.2940909090909,9.872244185472544,121235.741,136.98953785310735,7.2998275318826975,122464,"0.1,0.1,0.1,0.1,0.1,0.1,0.1","23778.0,19123.9,19151.5,19039.1,19144.5,19124.0,19967.1","22135.7,14826.2,14840.9,14764.8,14809.3,14795.9,451614.3",N/A
vanilla,46,2,3,1,8,Meta-Llama-3.1-8B-Instruct-Q4_K_M,vanilla,medium,1369,76278,570,12,30,stop,False,1206.37,100.53083333333332,9.947196962789196,76278.941,133.82270350877195,7.472573590134136,77647,"0.1,0.1,0.1,0.1,0.1,0.1,0.1","14785.6,12002.1,12023.4,11936.2,12018.2,12027.7,12537.0","13096.8,9427.6,9478.9,9445.1,9469.8,9505.3,289717.7",N/A
vanilla,46,3,1,1,8,Meta-Llama-3.1-8B-Instruct-Q4_K_M,vanilla,medium,2471,82152,611,24,30,stop,False,2346.608,97.77533333333334,10.227528415483114,82152.975,134.45658756137482,7.437344782705678,84624,"0.1,0.1,0.1,0.1,0.1,0.1,0.1","16234.7,13112.2,13135.8,13050.8,13111.4,13148.8,13651.1","14454.4,10212.2,10277.8,10280.5,10264.5,10323.5,315005.9",N/A
vanilla,46,3,2,1,8,Meta-Llama-3.1-8B-Instruct-Q4_K_M,vanilla,medium,1239,102460,749,11,32,stop,False,1111.128,101.01163636363636,9.899849522287262,102461.536,136.79777837116154,7.310060235677123,103700,"0.1,0.1,0.1,0.1,0.1,0.1,0.1","19945.1,16136.0,16120.6,16054.8,16123.4,16103.2,16790.5","17976.4,12527.2,12555.4,12551.6,12541.3,12412.7,382065.2",N/A
vanilla,46,3,3,1,8,Meta-Llama-3.1-8B-Instruct-Q4_K_M,vanilla,medium,1344,83719,621,12,30,stop,False,1203.83,100.31916666666666,9.96818487660218,83720.229,134.81518357487923,7.417562128264126,85063,"0.1,0.1,0.1,0.1,0.1,0.1,0.1","16279.3,13191.4,13197.3,13182.2,13231.5,13224.8,13801.8","14504.8,10350.0,10337.9,10359.8,10398.3,10372.0,316036.9",N/A
vanilla,46,1,1,1,8,Meta-Llama-3.1-8B-Instruct-Q4_K_M,vanilla,short,1240,918,8,12,30,stop,False,1206.388,100.53233333333333,9.947048544912583,919.56,114.945,8.699812954021489,2159,"0.0,0.0,0.0,0.0,0.0,0.0,0.0","1.8,1.8,1.8,1.8,1.8,1.8,1.8","0.0,0.0,0.0,0.0,0.0,0.0,0.0",N/A
vanilla,46,1,2,1,8,Meta-Llama-3.1-8B-Instruct-Q4_K_M,vanilla,short,960,5377,43,9,33,stop,False,926.928,102.992,9.709491999378592,5378.542,125.08237209302327,7.994731657761527,6337,"0.1,0.1,0.1,0.1,0.1,0.1,0.3","813.0,665.6,642.9,683.0,682.9,657.5,709.0","669.3,542.1,536.3,557.6,555.0,537.7,17008.6",N/A
vanilla,46,1,3,1,8,Meta-Llama-3.1-8B-Instruct-Q4_K_M,vanilla,short,986,6030,48,9,33,stop,False,921.666,102.40733333333334,9.764925688915506,6031.41,125.654375,7.958338100046257,7017,"0.1,0.1,0.1,0.1,0.1,0.1,0.3","950.1,777.4,796.1,801.1,794.3,799.4,838.2","781.0,630.0,636.2,648.2,636.1,645.6,19584.9",N/A
vanilla,46,2,1,1,8,Meta-Llama-3.1-8B-Instruct-Q4_K_M,vanilla,short,986,922,8,9,33,stop,False,922.409,102.48988888888888,9.757060046031642,923.495,115.436875,8.662743165907774,1909,"0.0,0.0,0.0,0.0,0.0,0.0,0.0","2.0,1.9,1.9,2.0,2.0,2.0,2.0","0.0,0.0,0.0,0.0,0.0,0.0,0.0",N/A
vanilla,46,2,2,1,8,Meta-Llama-3.1-8B-Instruct-Q4_K_M,vanilla,short,955,3853,31,9,33,stop,False,923.288,102.58755555555555,9.747771009695784,3854.403,124.33558064516129,8.042750070503786,4809,"0.1,0.1,0.1,0.1,0.1,0.1,0.3","464.0,398.3,379.7,420.6,399.9,400.1,420.0","380.6,321.3,305.8,340.8,334.6,322.3,10309.4",N/A
vanilla,46,2,3,1,8,Meta-Llama-3.1-8B-Instruct-Q4_K_M,vanilla,short,201,1279,11,1,41,stop,False,130.126,130.126,7.684859290226395,1280.748,116.43163636363637,8.588730960345048,1481,"0.0,0.0,0.0,0.0,0.0,0.0,0.0","1.4,1.4,1.5,1.4,1.7,1.4,1.4","0.0,0.0,0.0,0.0,0.0,0.0,0.0",N/A
vanilla,46,3,1,1,8,Meta-Llama-3.1-8B-Instruct-Q4_K_M,vanilla,short,959,921,8,9,33,stop,False,926.681,102.96455555555556,9.712079993007302,922.521,115.315125,8.671889312004822,1880,"0.0,0.0,0.0,0.0,0.0,0.0,0.0","1.2,1.2,1.2,1.2,1.2,1.3,1.2","0.0,0.0,0.0,0.0,0.0,0.0,0.0",N/A
vanilla,46,3,2,1,8,Meta-Llama-3.1-8B-Instruct-Q4_K_M,vanilla,short,954,4229,34,9,33,stop,False,921.507,102.38966666666666,9.76661056291488,4230.649,124.43085294117648,8.036592021696906,5184,"0.1,0.1,0.1,0.1,0.1,0.1,0.3","538.8,418.4,460.9,462.2,484.1,438.8,460.9","442.6,338.2,372.2,374.3,392.3,354.6,10827.6",N/A
vanilla,46,3,3,1,8,Meta-Llama-3.1-8B-Instruct-Q4_K_M,vanilla,short,978,1440,12,9,33,stop,False,919.554,102.17266666666666,9.787353434382322,1441.313,120.10941666666668,8.325741875637005,2418,"0.0,0.0,0.0,0.0,0.0,0.0,0.0","2.6,1.3,1.3,1.3,22.5,21.4,22.1","1.4,0.0,0.0,0.0,17.1,16.7,515.3",N/A
turboquant,46,1,1,1,8,Meta-Llama-3.1-8B-Instruct-Q4_K_M,turboquant,long,15365,86188,458,146,30,stop,False,15331.393,105.00954109589041,9.522944196916745,86189.307,188.1862598253275,5.313884238563375,101554,"0.1,0.1,0.1,0.1,0.1,0.1,0.1","14551.5,13360.6,13347.2,13257.7,13339.4,13320.8,13601.0","15836.4,10236.8,10209.4,10233.8,10202.8,10196.0,236141.3",N/A
turboquant,46,1,2,1,8,Meta-Llama-3.1-8B-Instruct-Q4_K_M,turboquant,long,2416,155220,799,23,30,stop,False,2345.838,101.99295652173915,9.804598612521408,155221.268,194.26942177722154,5.1474904843581095,157637,"0.1,0.1,0.1,0.1,0.1,0.1,0.1","25019.6,18315.0,18419.3,18287.3,18451.5,18319.5,19035.0","22996.4,13486.2,13595.1,13578.5,13640.0,13411.6,410990.4",N/A
turboquant,46,1,3,1,8,Meta-Llama-3.1-8B-Instruct-Q4_K_M,turboquant,long,2422,145549,760,23,30,stop,False,2346.328,102.01426086956522,9.802551049981076,145550.69,191.51406578947368,5.221548589017338,147972,"0.1,0.1,0.1,0.1,0.1,0.1,0.1","23842.2,17575.8,17594.3,17454.3,17585.0,17576.4,18587.4","21719.1,12961.8,12982.2,12948.8,12971.9,12907.3,391926.9",N/A
turboquant,46,2,1,1,8,Meta-Llama-3.1-8B-Instruct-Q4_K_M,turboquant,long,273,106775,550,1,175,stop,False,185.871,185.871,5.380075428657509,106776.351,194.13881999999998,5.150953322988158,107049,"0.1,0.1,0.1,0.1,0.1,0.1,0.1","16863.2,12396.7,12396.5,12319.8,12391.5,12418.9,12847.5","15466.1,9150.0,9136.8,9141.4,9062.4,9153.1,276894.4",N/A
turboquant,46,2,2,1,8,Meta-Llama-3.1-8B-Instruct-Q4_K_M,turboquant,long,2420,170063,857,23,30,stop,False,2345.859,101.9938695652174,9.804510842297,170064.111,198.44120303383897,5.039276041021965,172483,"0.1,0.1,0.1,0.1,0.1,0.1,0.1","27073.0,19863.4,19796.3,19727.2,19830.2,19920.6,20514.6","25066.0,14568.1,14417.1,14616.2,14569.9,14638.7,441996.8",N/A
turboquant,46,2,3,1,8,Meta-Llama-3.1-8B-Instruct-Q4_K_M,turboquant,long,2424,133483,710,23,30,stop,False,2346.925,102.04021739130435,9.80005752207676,133483.894,188.00548450704224,5.318993765644865,135907,"0.1,0.1,0.1,0.1,0.1,0.1,0.1","22151.2,16333.0,16334.5,16243.9,16325.5,16336.1,16827.6","20033.8,12111.3,12042.5,12071.1,12050.7,12057.4,366087.7",N/A
turboquant,46,3,1,1,8,Meta-Llama-3.1-8B-Instruct-Q4_K_M,turboquant,long,15389,70580,386,146,30,stop,False,15313.29,104.88554794520549,9.534201990558529,70581.112,182.852621761658,5.468885216770175,85970,"0.1,0.1,0.1,0.1,0.1,0.1,0.1","12137.8,11602.8,11601.7,11501.9,11596.3,11584.1,11785.7","13577.7,8997.5,8972.8,8987.0,8979.8,8981.4,199012.4",N/A
turboquant,46,3,2,1,8,Meta-Llama-3.1-8B-Instruct-Q4_K_M,turboquant,long,2415,189205,930,23,30,stop,False,2346.488,102.02121739130435,9.801882643337619,189206.545,203.44789784946238,4.91526336998543,191621,"0.1,0.1,0.1,0.1,0.1,0.1,0.1","29347.0,21694.8,21655.1,21456.4,21632.2,21664.3,22350.8","27545.6,15958.5,15976.6,15766.6,15883.6,15920.5,479173.7",N/A
turboquant,46,3,3,1,8,Meta-Llama-3.1-8B-Instruct-Q4_K_M,turboquant,long,2419,125976,677,23,30,stop,False,2340.808,101.77426086956521,9.825667034630778,125977.556,186.08206203840473,5.373973122640988,128396,"0.1,0.1,0.1,0.1,0.1,0.1,0.1","20934.5,15386.7,15402.8,15285.5,15396.7,15489.8,16065.3","18977.6,11496.9,11559.1,11374.0,11505.9,11476.4,348663.5",N/A
turboquant,46,1,1,1,8,Meta-Llama-3.1-8B-Instruct-Q4_K_M,turboquant,medium,2480,88857,509,24,30,stop,False,2447.861,101.99420833333333,9.804478277157077,88858.555,174.5747642436149,5.728204785684396,91338,"0.1,0.1,0.1,0.1,0.1,0.1,0.1","15770.1,11685.2,11673.0,11602.7,11680.9,11686.7,12058.1","13780.8,8581.6,8631.9,8626.2,8636.9,8632.1,262530.4",N/A
turboquant,46,1,2,1,8,Meta-Llama-3.1-8B-Instruct-Q4_K_M,turboquant,medium,1228,94942,542,11,32,stop,False,1161.831,105.621,9.467814165743556,94943.125,175.17181734317344,5.70868085498555,96170,"0.1,0.1,0.1,0.1,0.1,0.1,0.1","16397.0,12088.8,12111.7,12059.1,12105.0,12110.4,12447.4","14513.7,9018.1,9089.3,9069.4,9036.1,9024.9,274835.5",N/A
turboquant,46,1,3,1,8,Meta-Llama-3.1-8B-Instruct-Q4_K_M,turboquant,medium,1316,115532,637,12,30,stop,False,1250.076,104.173,9.599416355485587,115533.323,181.37099372056517,5.513560793192108,116848,"0.1,0.1,0.1,0.1,0.1,0.1,0.1","19366.1,14234.3,14266.5,14197.5,14273.4,14261.5,14783.8","17502.3,10659.5,10710.9,10682.9,10696.1,10662.7,324376.0",N/A
turboquant,46,2,1,1,8,Meta-Llama-3.1-8B-Instruct-Q4_K_M,turboquant,medium,2520,86568,499,24,30,stop,False,2449.679,102.06995833333333,9.797202000751934,86569.004,173.48497795591183,5.764187837947171,89088,"0.1,0.1,0.1,0.1,0.1,0.1,0.1","15371.6,11383.4,11400.9,11323.9,11391.4,11387.8,12158.0","13479.9,8441.6,8499.5,8485.1,8469.8,8867.3,257281.3",N/A
turboquant,46,2,2,1,8,Meta-Llama-3.1-8B-Instruct-Q4_K_M,turboquant,medium,1219,166859,850,11,32,stop,False,1153.035,104.82136363636364,9.540039981440286,166860.489,196.30645764705883,5.094075925907181,168079,"0.1,0.1,0.1,0.1,0.1,0.1,0.1","26493.9,19425.5,19424.3,19304.4,19442.5,19408.3,20007.0","24537.3,14362.7,14364.9,14378.9,14415.4,14340.9,434231.3",N/A
turboquant,46,2,3,1,8,Meta-Llama-3.1-8B-Instruct-Q4_K_M,turboquant,medium,1323,114166,630,12,30,stop,False,1246.703,103.89191666666666,9.625387923186196,114167.543,181.21832222222224,5.518205817917969,115489,"0.1,0.1,0.1,0.1,0.1,0.1,0.1","19171.7,14110.2,14141.9,14089.8,14122.6,14131.5,14583.9","17266.0,10561.6,10647.7,10608.2,10623.3,10630.1,320769.6",N/A
turboquant,46,3,1,1,8,Meta-Llama-3.1-8B-Instruct-Q4_K_M,turboquant,medium,2512,175532,877,24,30,stop,False,2442.803,101.78345833333333,9.824779157386004,175533.766,200.1525267958951,4.996189735939466,178045,"0.1,0.1,0.1,0.1,0.1,0.1,0.1","27834.3,20405.0,20444.3,20231.3,20443.1,20438.0,21446.0","25752.8,14900.8,15015.2,14894.7,14947.2,14958.9,452287.8",N/A
turboquant,46,3,2,1,8,Meta-Llama-3.1-8B-Instruct-Q4_K_M,turboquant,medium,1233,119118,651,11,32,stop,False,1155.268,105.02436363636365,9.521600182814725,119118.95,182.97841781874038,5.465125406159138,120351,"0.1,0.1,0.1,0.1,0.1,0.1,0.1","19826.0,14556.9,14547.6,14486.4,14571.1,14562.4,15002.9","17920.5,10911.0,10952.0,10909.3,10967.9,10953.2,331024.6",N/A
turboquant,46,3,3,1,8,Meta-Llama-3.1-8B-Instruct-Q4_K_M,turboquant,medium,1326,118296,648,12,30,stop,False,1254.98,104.58166666666666,9.561905369009864,118297.111,182.5572700617284,5.477733095273983,119622,"0.1,0.1,0.1,0.1,0.1,0.1,0.1","19902.9,14657.2,14649.2,14619.5,14652.7,14669.7,15125.7","17863.8,10892.2,10933.4,10934.2,10900.0,10921.4,330031.2",N/A
turboquant,46,1,1,1,8,Meta-Llama-3.1-8B-Instruct-Q4_K_M,turboquant,short,1286,992,8,12,30,stop,False,1252.114,104.34283333333333,9.58379189115368,993.069,124.133625,8.055834992331853,2278,"0.0,0.0,0.0,0.0,0.0,0.0,0.0","1.6,1.4,1.6,1.5,1.6,1.6,1.4","0.0,0.0,0.0,0.0,0.0,0.0,0.0",N/A
turboquant,46,1,2,1,8,Meta-Llama-3.1-8B-Instruct-Q4_K_M,turboquant,short,994,4496,33,9,33,stop,False,959.121,106.569,9.383591851288838,4497.604,136.2910303030303,7.337240006012089,5490,"0.1,0.1,0.1,0.1,0.1,0.1,0.1","668.0,492.3,470.5,514.5,516.1,516.3,541.1","558.9,376.0,359.4,391.0,392.2,391.8,11857.5",N/A
turboquant,46,1,3,1,8,Meta-Llama-3.1-8B-Instruct-Q4_K_M,turboquant,short,1010,1686,13,9,33,stop,False,957.16,106.35111111111111,9.402816665970162,1687.627,129.81746153846154,7.703123972299567,2696,"0.1,0.1,0.1,0.1,0.1,0.1,0.1","100.0,47.6,46.6,69.2,69.1,69.2,72.2","81.1,34.0,33.8,51.2,51.4,50.9,1546.7",N/A
turboquant,46,2,1,1,8,Meta-Llama-3.1-8B-Instruct-Q4_K_M,turboquant,short,992,995,8,9,33,stop,False,958.617,106.51299999999999,9.388525344324167,996.575,124.571875,8.027494167523768,1988,"0.0,0.0,0.0,0.0,0.0,0.0,0.0","1.5,1.4,1.5,1.6,1.6,1.5,1.4","0.0,0.0,0.0,0.0,0.0,0.0,0.0",N/A
turboquant,46,2,2,1,8,Meta-Llama-3.1-8B-Instruct-Q4_K_M,turboquant,short,994,5464,40,9,33,stop,False,961.132,106.79244444444444,9.363958332466302,5465.394,136.63485,7.318777017722784,6459,"0.1,0.1,0.1,0.1,0.1,0.1,0.1","838.1,636.8,636.4,638.8,640.7,640.8,667.0","707.3,492.0,491.6,492.4,496.8,496.6,14949.8",N/A
turboquant,46,2,3,1,8,Meta-Llama-3.1-8B-Instruct-Q4_K_M,turboquant,short,1008,1535,12,9,33,stop,False,955.743,106.19366666666667,9.416757433745264,1536.284,128.02366666666668,7.8110557683345,2543,"0.1,0.1,0.1,0.1,0.1,0.1,0.1","32.8,2.8,2.8,25.1,25.1,25.1,25.3","25.2,16.6,16.6,17.2,16.9,17.3,515.4",N/A
turboquant,46,3,1,1,8,Meta-Llama-3.1-8B-Instruct-Q4_K_M,turboquant,short,991,995,8,9,33,stop,False,957.716,106.41288888888889,9.397357880624318,996.641,124.580125,8.026962567263439,1987,"0.0,0.0,0.0,0.0,0.0,0.0,0.0","2.5,2.4,2.6,2.5,2.5,2.7,2.4","0.0,0.0,0.0,0.0,0.0,0.0,0.0",N/A
turboquant,46,3,2,1,8,Meta-Llama-3.1-8B-Instruct-Q4_K_M,turboquant,short,990,4853,36,9,33,stop,False,955.776,106.19733333333333,9.416432302129369,4854.262,134.84061111111112,7.416163363246566,5843,"0.1,0.1,0.1,0.1,0.1,0.1,0.1","750.2,533.5,513.6,557.1,556.4,556.7,558.1","644.3,420.0,420.2,438.5,440.0,440.2,12887.0",N/A
turboquant,46,3,3,1,8,Meta-Llama-3.1-8B-Instruct-Q4_K_M,turboquant,short,1011,1550,12,9,33,stop,False,958.559,106.50655555555555,9.389093420436302,1551.626,129.30216666666666,7.733822454637909,2562,"0.1,0.1,0.1,0.1,0.1,0.1,0.1","64.1,47.4,47.4,46.5,46.6,46.8,49.2","51.5,34.1,50.7,34.3,33.9,34.2,1031.8",N/A
vanilla,46,1,1,1,1,Qwen3-8B-DeepSeek-v3.2-Speciale-Distill.q4_k_m,vanilla,long,12441,83845,1024,148,3,length,True,12170.985,82.23638513513514,12.160067570537635,84036.919,82.0673037109375,12.185120684874228,96287,1.0,65.2,0.1,7624.6
vanilla,46,1,2,1,1,Qwen3-8B-DeepSeek-v3.2-Speciale-Distill.q4_k_m,vanilla,long,1385,81323,1024,23,3,length,True,1159.758,50.42426086956522,19.831723514733245,81470.923,79.5614482421875,12.568901422658486,82709,1.6,69.7,0.7,7624.6
vanilla,46,1,3,1,1,Qwen3-8B-DeepSeek-v3.2-Speciale-Distill.q4_k_m,vanilla,long,1380,81442,1024,23,3,length,True,1156.624,50.288000000000004,19.885459751829462,81590.193,79.6779228515625,12.550527978282881,82823,2.0,48.8,0.7,7624.6
vanilla,46,2,1,1,1,Qwen3-8B-DeepSeek-v3.2-Speciale-Distill.q4_k_m,vanilla,long,12622,82895,1024,148,3,length,True,12389.977,83.71606081081082,11.94513920405179,83048.757,81.1023017578125,12.330106277207738,95517,2.6,0.2,0.1,7624.6
vanilla,46,2,2,1,1,Qwen3-8B-DeepSeek-v3.2-Speciale-Distill.q4_k_m,vanilla,long,1394,81292,1024,23,3,length,True,1167.9,50.77826086956522,19.693466906413217,81438.905,79.5301806640625,12.573842931704448,82686,3.1,36.3,0.6,7624.6
vanilla,46,2,3,1,1,Qwen3-8B-DeepSeek-v3.2-Speciale-Distill.q4_k_m,vanilla,long,1412,81375,1024,23,3,length,True,1159.168,50.39860869565217,19.841817579505303,81523.995,79.6132763671875,12.560719086448108,82788,3.6,71.4,0.7,7624.6
vanilla,46,3,1,1,1,Qwen3-8B-DeepSeek-v3.2-Speciale-Distill.q4_k_m,vanilla,long,12388,83443,1024,148,3,length,True,12151.525,82.10489864864864,12.179541250995246,83600.507,81.6411201171875,12.248729544188052,95831,4.1,14.0,0.7,7624.6
vanilla,46,3,2,1,1,Qwen3-8B-DeepSeek-v3.2-Speciale-Distill.q4_k_m,vanilla,long,1382,81413,1024,23,3,length,True,1155.894,50.25626086956522,19.89801833040054,81560.539,79.6489638671875,12.555091132980374,82796,4.6,0.0,0.0,7624.6
vanilla,46,3,3,1,1,Qwen3-8B-DeepSeek-v3.2-Speciale-Distill.q4_k_m,vanilla,long,1381,81289,1024,23,3,length,True,1156.356,50.276347826086955,19.890068456426913,81437.816,79.5291171875,12.574011071220278,82671,5.0,40.7,0.7,7624.6
vanilla,46,1,1,1,1,Qwen3-8B-DeepSeek-v3.2-Speciale-Distill.q4_k_m,vanilla,medium,1433,79164,987,24,3,stop,False,1208.287,50.34529166666667,19.86283060233206,79313.32,80.35797365754813,12.444315784536569,80598,9.5,61.7,1.2,7303.4
vanilla,46,1,2,1,1,Qwen3-8B-DeepSeek-v3.2-Speciale-Distill.q4_k_m,vanilla,medium,791,81773,1024,11,5,length,True,567.881,51.62554545454545,19.37025538801263,81921.809,80.0017666015625,12.499723974601197,82565,9.5,64.8,0.2,7303.4
vanilla,46,1,3,1,1,Qwen3-8B-DeepSeek-v3.2-Speciale-Distill.q4_k_m,vanilla,medium,840,81726,1024,12,3,length,True,615.844,51.32033333333334,19.485454108507998,81874.823,79.9558818359375,12.506897266819129,82566,9.5,57.3,0.0,7303.4
vanilla,46,2,1,1,1,Qwen3-8B-DeepSeek-v3.2-Speciale-Distill.q4_k_m,vanilla,medium,1437,81812,1019,24,3,stop,False,1209.975,50.415625,19.835120560342155,81962.666,80.43441216879293,12.432489689879048,83249,9.6,3.9,0.6,7303.4
vanilla,46,2,2,1,1,Qwen3-8B-DeepSeek-v3.2-Speciale-Distill.q4_k_m,vanilla,medium,789,81843,1024,11,5,length,True,565.783,51.43481818181818,19.442082918716185,81991.566,80.069888671875,12.489089426588095,82633,9.6,34.6,0.2,7303.4
vanilla,46,2,3,1,1,Qwen3-8B-DeepSeek-v3.2-Speciale-Distill.q4_k_m,vanilla,medium,839,63123,802,12,3,stop,False,614.161,51.18008333333333,19.53885056198619,63271.701,78.8923952618454,12.67549295063207,63962,9.6,33.1,0.0,7303.4
vanilla,46,3,1,1,1,Qwen3-8B-DeepSeek-v3.2-Speciale-Distill.q4_k_m,vanilla,medium,1451,82373,1024,24,3,length,True,1204.004,50.16683333333333,19.933488593061156,82521.136,80.587046875,12.408942116356712,83824,9.7,55.5,1.2,7303.4
vanilla,46,3,2,1,1,Qwen3-8B-DeepSeek-v3.2-Speciale-Distill.q4_k_m,vanilla,medium,790,81742,1024,11,5,length,True,565.799,51.43627272727272,19.441533123953914,81890.163,79.9708623046875,12.504554423710207,82532,9.7,0.3,0.2,7303.4
vanilla,46,3,3,1,1,Qwen3-8B-DeepSeek-v3.2-Speciale-Distill.q4_k_m,vanilla,medium,842,82208,1024,12,3,length,True,616.936,51.41133333333334,19.450964119454852,82356.862,80.426623046875,12.433693746126462,83051,9.7,0.0,0.0,7303.4
vanilla,46,1,1,1,1,Qwen3-8B-DeepSeek-v3.2-Speciale-Distill.q4_k_m,vanilla,short,819,11829,162,12,3,stop,False,616.257,51.354749999999996,19.472395445406704,11975.873,73.92514197530863,13.527197557956736,12649,0.3,10.2,0.0,6355.5
vanilla,46,1,2,1,1,Qwen3-8B-DeepSeek-v3.2-Speciale-Distill.q4_k_m,vanilla,short,671,33616,443,9,6,stop,False,468.172,52.019111111111116,19.223704108746357,33763.183,76.21486004514672,13.120800843925172,34288,0.3,37.6,0.0,6355.5
vanilla,46,1,3,1,1,Qwen3-8B-DeepSeek-v3.2-Speciale-Distill.q4_k_m,vanilla,short,678,12248,169,9,6,stop,False,469.652,52.18355555555556,19.163125037261633,12394.486,73.34015384615385,13.635095477133945,12926,0.3,14.5,0.0,6355.5
vanilla,46,2,1,1,1,Qwen3-8B-DeepSeek-v3.2-Speciale-Distill.q4_k_m,vanilla,short,672,7775,109,9,6,stop,False,469.146,52.12733333333333,19.183793531224822,7921.485,72.6741743119266,13.760046253953647,8447,0.3,8.2,0.0,6355.5
vanilla,46,2,2,1,1,Qwen3-8B-DeepSeek-v3.2-Speciale-Distill.q4_k_m,vanilla,short,669,43290,569,9,6,stop,False,468.022,52.00244444444444,19.22986526274406,43436.773,76.33879261862917,13.099499817815657,43960,0.3,29.8,0.0,6355.5
vanilla,46,2,3,1,1,Qwen3-8B-DeepSeek-v3.2-Speciale-Distill.q4_k_m,vanilla,short,679,17706,241,9,6,stop,False,467.959,51.995444444444445,19.232454125254563,17852.708,74.0776265560166,13.499352591214734,18385,0.3,14.7,0.0,6355.5
vanilla,46,3,1,1,1,Qwen3-8B-DeepSeek-v3.2-Speciale-Distill.q4_k_m,vanilla,short,671,3998,58,9,6,stop,False,467.332,51.925777777777775,19.258257512860236,4144.344,71.45420689655172,13.994977250923185,4670,0.4,3.5,0.0,6355.5
vanilla,46,3,2,1,1,Qwen3-8B-DeepSeek-v3.2-Speciale-Distill.q4_k_m,vanilla,short,669,24694,330,9,6,stop,False,467.909,51.989888888888885,19.234509274239223,24840.706,75.27486666666667,13.28464657969061,25363,0.4,16.2,0.0,6355.5
vanilla,46,3,3,1,1,Qwen3-8B-DeepSeek-v3.2-Speciale-Distill.q4_k_m,vanilla,short,675,21234,286,9,6,stop,False,468.751,52.08344444444444,19.199959040087382,21380.693,74.75766783216783,13.37655425855467,21910,0.4,18.3,0.0,6355.5
turboquant,46,1,1,1,1,Qwen3-8B-DeepSeek-v3.2-Speciale-Distill.q4_k_m,turboquant,long,12160,135828,1024,148,3,length,True,11899.856,80.40443243243243,12.437125289583335,136027.337,132.8391962890625,7.527898601734738,147988,0.1,113.9,0.8,5662.3
turboquant,46,1,2,1,1,Qwen3-8B-DeepSeek-v3.2-Speciale-Distill.q4_k_m,turboquant,long,1400,124975,1024,23,3,length,True,1183.659,51.4634347826087,19.431272013307886,125132.362,122.199572265625,8.183334699619913,126375,0.2,24.3,1.4,5662.3
turboquant,46,1,3,1,1,Qwen3-8B-DeepSeek-v3.2-Speciale-Distill.q4_k_m,turboquant,long,1404,114492,960,23,3,stop,False,1188.22,51.66173913043478,19.356684789012135,114650.408,119.42750833333334,8.373280276508044,115897,0.2,49.6,0.2,5662.3
turboquant,46,2,1,1,1,Qwen3-8B-DeepSeek-v3.2-Speciale-Distill.q4_k_m,turboquant,long,12315,135752,1024,148,3,length,True,12057.751,81.47129054054054,12.274262422569516,135949.596,132.76327734375,7.532203332182025,148068,0.3,69.1,0.6,5662.3
turboquant,46,2,2,1,1,Qwen3-8B-DeepSeek-v3.2-Speciale-Distill.q4_k_m,turboquant,long,1425,125057,1024,23,3,length,True,1184.031,51.479608695652175,19.42516707755118,125213.615,122.2789208984375,8.178024410524367,126483,0.3,5.5,0.6,5662.3
turboquant,46,2,3,1,1,Qwen3-8B-DeepSeek-v3.2-Speciale-Distill.q4_k_m,turboquant,long,1409,124870,1024,23,3,length,True,1192.4,51.84347826086957,19.28882925192888,125027.276,122.09694921875,8.190212830038783,126279,0.3,86.9,0.6,5662.3
turboquant,46,3,1,1,1,Qwen3-8B-DeepSeek-v3.2-Speciale-Distill.q4_k_m,turboquant,long,12122,129075,984,148,3,stop,False,11803.778,79.75525675675676,12.538358481496347,129331.929,131.43488719512195,7.608330035810414,141197,0.4,0.3,0.2,5662.3
turboquant,46,3,2,1,1,Qwen3-8B-DeepSeek-v3.2-Speciale-Distill.q4_k_m,turboquant,long,1401,65295,621,23,3,stop,False,1184.05,51.4804347826087,19.424855369283392,65453.407,105.40001127214171,9.487665019484776,66696,0.4,33.4,0.6,5662.3
turboquant,46,3,3,1,1,Qwen3-8B-DeepSeek-v3.2-Speciale-Distill.q4_k_m,turboquant,long,1399,125109,1024,23,3,length,True,1185.153,51.52839130434783,19.40677701528832,125266.753,122.3308134765625,8.17455530279451,126508,0.4,62.1,0.9,5662.3
turboquant,46,1,1,1,1,Qwen3-8B-DeepSeek-v3.2-Speciale-Distill.q4_k_m,turboquant,medium,1451,98394,851,24,3,stop,False,1239.09,51.62875,19.3690530954168,98552.76,115.808178613396,8.634968721322467,99846,0.1,88.7,0.4,5381.1
turboquant,46,1,2,1,1,Qwen3-8B-DeepSeek-v3.2-Speciale-Distill.q4_k_m,turboquant,medium,798,84958,754,11,5,stop,False,581.954,52.904909090909086,18.90183760228472,85115.175,112.8848474801061,8.858584852818549,85757,0.1,64.4,0.6,5381.1
turboquant,46,1,3,1,1,Qwen3-8B-DeepSeek-v3.2-Speciale-Distill.q4_k_m,turboquant,medium,843,124371,1024,12,3,length,True,629.308,52.44233333333333,19.06856420067757,124527.314,121.608705078125,8.223095537096384,125215,0.2,83.9,0.8,5381.1
turboquant,46,2,1,1,1,Qwen3-8B-DeepSeek-v3.2-Speciale-Distill.q4_k_m,turboquant,medium,1455,125385,1024,24,3,length,True,1235.73,51.48875,19.421718336529825,125545.389,122.6029189453125,8.15641265805469,126841,0.2,24.4,1.3,5381.1
turboquant,46,2,2,1,1,Qwen3-8B-DeepSeek-v3.2-Speciale-Distill.q4_k_m,turboquant,medium,817,124533,1024,11,5,length,True,601.501,54.68190909090909,18.287583894291114,124690.046,121.767623046875,8.212363639676578,125351,0.2,75.7,0.2,5381.1
turboquant,46,2,3,1,1,Qwen3-8B-DeepSeek-v3.2-Speciale-Distill.q4_k_m,turboquant,medium,846,53131,530,12,3,stop,False,628.592,52.382666666666665,19.09028431796778,53290.188,100.54752452830189,9.945545697830902,53978,0.3,20.5,0.0,5381.1
turboquant,46,3,1,1,1,Qwen3-8B-DeepSeek-v3.2-Speciale-Distill.q4_k_m,turboquant,medium,1493,125520,1024,24,3,length,True,1252.354,52.18141666666667,19.163910523701766,125678.866,122.733267578125,8.147750155543257,127014,0.3,3.0,1.1,5381.1
turboquant,46,3,2,1,1,Qwen3-8B-DeepSeek-v3.2-Speciale-Distill.q4_k_m,turboquant,medium,796,124663,1024,11,5,length,True,580.258,52.750727272727275,18.957084607191973,124819.67,121.894208984375,8.203835180785209,125459,0.3,66.9,0.3,5381.1
turboquant,46,3,3,1,1,Qwen3-8B-DeepSeek-v3.2-Speciale-Distill.q4_k_m,turboquant,medium,844,124481,1024,12,3,length,True,628.38,52.365,19.096724911677647,124637.3,121.71611328125,8.21583907867067,125326,0.4,23.1,1.2,5381.1
turboquant,46,1,1,1,1,Qwen3-8B-DeepSeek-v3.2-Speciale-Distill.q4_k_m,turboquant,short,918,11920,147,12,3,stop,False,627.22,52.26833333333334,19.132042983323235,12154.426,82.68317006802721,12.094359700737822,12839,0.1,8.3,0.0,5267.8
turboquant,46,1,2,1,1,Qwen3-8B-DeepSeek-v3.2-Speciale-Distill.q4_k_m,turboquant,short,687,48148,486,9,6,stop,False,477.894,53.099333333333334,18.832628156034602,48304.588,99.39215637860083,10.061156095565911,48836,0.1,37.9,0.0,5267.8
turboquant,46,1,3,1,1,Qwen3-8B-DeepSeek-v3.2-Speciale-Distill.q4_k_m,turboquant,short,690,32140,348,9,6,stop,False,479.293,53.254777777777775,18.77765792531917,32296.691,92.80658333333334,10.775097671770771,32831,0.1,27.6,0.6,5267.8
turboquant,46,2,1,1,1,Qwen3-8B-DeepSeek-v3.2-Speciale-Distill.q4_k_m,turboquant,short,690,17385,204,9,6,stop,False,479.458,53.27311111111111,18.771195808600545,17542.506,85.99267647058824,11.628897262454977,18076,0.2,18.7,0.6,5267.8
turboquant,46,2,2,1,1,Qwen3-8B-DeepSeek-v3.2-Speciale-Distill.q4_k_m,turboquant,short,689,44029,450,9,6,stop,False,478.769,53.196555555555555,18.798209574972482,44186.518,98.19226222222221,10.184101856588926,44719,0.2,32.1,0.0,5267.8
turboquant,46,2,3,1,1,Qwen3-8B-DeepSeek-v3.2-Speciale-Distill.q4_k_m,turboquant,short,692,20724,238,9,6,stop,False,479.644,53.29377777777778,18.763916571457163,20881.7,87.73823529411764,11.397539472360966,21416,0.2,9.6,0.0,5267.8
turboquant,46,3,1,1,1,Qwen3-8B-DeepSeek-v3.2-Speciale-Distill.q4_k_m,turboquant,short,689,18784,218,9,6,stop,False,478.746,53.193999999999996,18.799112681881418,18940.58,86.88339449541286,11.50967921784866,19473,0.2,0.6,0.0,5267.8
turboquant,46,3,2,1,1,Qwen3-8B-DeepSeek-v3.2-Speciale-Distill.q4_k_m,turboquant,short,704,93188,825,9,6,stop,False,492.425,54.71388888888889,18.27689495862314,93345.786,113.14640727272726,8.838106521487752,93892,0.2,6.2,0.2,5267.8
turboquant,46,3,3,1,1,Qwen3-8B-DeepSeek-v3.2-Speciale-Distill.q4_k_m,turboquant,short,692,31690,342,9,6,stop,False,478.946,53.21622222222223,18.79126248053016,31846.273,93.11775730994152,10.739090253983566,32382,0.2,20.2,0.0,5267.8
vanilla,46,1,1,1,2,Qwen3-8B-DeepSeek-v3.2-Speciale-Distill.q4_k_m,vanilla,long,16586,137728,1024,148,3,length,True,16174.321,109.2859527027027,9.150306835137005,138008.5,134.77392578125,7.419832836383266,154315,0.1,30117.7,625628.2,N/A
vanilla,46,1,2,1,2,Qwen3-8B-DeepSeek-v3.2-Speciale-Distill.q4_k_m,vanilla,long,2775,134569,1024,23,3,length,True,2249.088,97.78643478260871,10.226367309771781,134837.187,131.6769404296875,7.594344132972753,137345,0.1,30101.7,626017.8,N/A
vanilla,46,1,3,1,2,Qwen3-8B-DeepSeek-v3.2-Speciale-Distill.q4_k_m,vanilla,long,2721,134277,1024,23,3,length,True,2250.318,97.83991304347828,10.22077768564265,134550.222,131.396701171875,7.610541140541558,136998,0.2,30124.8,625470.4,N/A
vanilla,46,2,1,1,2,Qwen3-8B-DeepSeek-v3.2-Speciale-Distill.q4_k_m,vanilla,long,16670,138237,1024,148,3,length,True,16187.015,109.37172297297298,9.143131083773012,138518.243,135.2717216796875,7.392528072999021,154907,0.2,30159.7,625514.6,N/A
vanilla,46,2,2,1,2,Qwen3-8B-DeepSeek-v3.2-Speciale-Distill.q4_k_m,vanilla,long,2728,134184,1024,23,3,length,True,2241.555,97.45891304347825,10.260734177836369,134459.401,131.3080087890625,7.6156817030592,136913,0.2,29861.8,625920.2,N/A
vanilla,46,2,3,1,2,Qwen3-8B-DeepSeek-v3.2-Speciale-Distill.q4_k_m,vanilla,long,2721,134333,1024,23,3,length,True,2247.903,97.73491304347826,10.231758220884087,134606.674,131.451830078125,7.6073493948747295,137054,0.2,28679.5,625210.0,N/A
vanilla,46,3,1,1,2,Qwen3-8B-DeepSeek-v3.2-Speciale-Distill.q4_k_m,vanilla,long,16663,138212,1024,148,3,length,True,16180.458,109.32741891891892,9.146836263843706,138496.575,135.2505615234375,7.393684645270108,154875,0.2,30637.8,625787.8,N/A
vanilla,46,3,2,1,2,Qwen3-8B-DeepSeek-v3.2-Speciale-Distill.q4_k_m,vanilla,long,2737,134409,1024,23,3,length,True,2244.186,97.5733043478261,10.248704875620826,134683.784,131.5271328125,7.602993987754308,137147,0.3,29200.5,625149.7,N/A
vanilla,46,3,3,1,2,Qwen3-8B-DeepSeek-v3.2-Speciale-Distill.q4_k_m,vanilla,long,2734,134603,1024,23,3,length,True,2237.574,97.28582608695652,10.278989655761105,134869.738,131.708728515625,7.592511227388904,137337,0.3,28638.2,625310.9,N/A
vanilla,46,1,1,1,2,Qwen3-8B-DeepSeek-v3.2-Speciale-Distill.q4_k_m,vanilla,medium,2762,68640,543,24,3,stop,False,2340.514,97.52141666666667,10.254157847378822,68909.306,126.90479926335175,7.879922633381332,71402,0.1,15336.3,331190.9,N/A
vanilla,46,1,2,1,2,Qwen3-8B-DeepSeek-v3.2-Speciale-Distill.q4_k_m,vanilla,medium,1514,134778,1024,11,5,length,True,1103.102,100.28200000000001,9.971879300372947,135049.444,131.88422265625,7.582408114171874,136293,0.1,28713.2,619690.9,N/A
vanilla,46,1,3,1,2,Qwen3-8B-DeepSeek-v3.2-Speciale-Distill.q4_k_m,vanilla,medium,1670,133671,1024,12,3,length,True,1196.437,99.70308333333332,10.029780088713405,133943.732,130.80442578125,7.645001260678627,135341,0.1,28553.6,620873.9,N/A
vanilla,46,2,1,1,2,Qwen3-8B-DeepSeek-v3.2-Speciale-Distill.q4_k_m,vanilla,medium,2811,114475,881,24,3,stop,False,2344.163,97.67345833333333,10.238195893374309,114744.138,130.2430624290579,7.677952140788229,117286,0.1,25143.5,538333.1,N/A
vanilla,46,2,2,1,2,Qwen3-8B-DeepSeek-v3.2-Speciale-Distill.q4_k_m,vanilla,medium,1551,97243,755,11,5,stop,False,1102.512,100.22836363636362,9.97721566749387,97513.892,129.15747284768213,7.7424865782200545,98795,0.2,20885.9,456171.7,N/A
vanilla,46,2,3,1,2,Qwen3-8B-DeepSeek-v3.2-Speciale-Distill.q4_k_m,vanilla,medium,1658,134375,1024,12,3,length,True,1206.354,100.5295,9.94732889350887,134651.056,131.495171875,7.604841955342704,136034,0.2,28410.5,620140.4,N/A
vanilla,46,3,1,1,2,Qwen3-8B-DeepSeek-v3.2-Speciale-Distill.q4_k_m,vanilla,medium,2808,126319,965,24,3,stop,False,2336.437,97.35154166666666,10.272050990461118,126593.197,131.18466010362695,7.622842481812036,129127,0.2,27483.0,589661.1,N/A
vanilla,46,3,2,1,2,Qwen3-8B-DeepSeek-v3.2-Speciale-Distill.q4_k_m,vanilla,medium,1561,71456,564,11,5,stop,False,1097.467,99.76972727272728,10.023080420641348,71728.739,127.17861524822695,7.862957133541689,73018,0.2,14989.5,337839.8,N/A
vanilla,46,3,3,1,2,Qwen3-8B-DeepSeek-v3.2-Speciale-Distill.q4_k_m,vanilla,medium,1603,134232,1024,12,3,length,True,1191.698,99.30816666666668,10.069665301108166,134504.736,131.35228125,7.613114827421392,135836,0.2,28489.8,619588.8,N/A
vanilla,46,1,1,1,2,Qwen3-8B-DeepSeek-v3.2-Speciale-Distill.q4_k_m,vanilla,short,1566,23053,191,12,3,stop,False,1198.707,99.89225,10.010786622585835,23325.976,122.1255287958115,8.188296172473127,24620,0.1,4164.3,110609.4,N/A
vanilla,46,1,2,1,2,Qwen3-8B-DeepSeek-v3.2-Speciale-Distill.q4_k_m,vanilla,short,1290,60894,485,9,6,stop,False,916.252,101.80577777777778,9.822625216643457,61170.788,126.12533608247423,7.9286210928000465,62185,0.1,12032.5,289123.2,N/A
vanilla,46,1,3,1,2,Qwen3-8B-DeepSeek-v3.2-Speciale-Distill.q4_k_m,vanilla,short,1330,53610,429,9,6,stop,False,918.079,102.00877777777777,9.803077948629694,53886.857,125.61038927738929,7.961124917714166,54941,0.1,10640.1,253670.7,N/A
vanilla,46,2,1,1,2,Qwen3-8B-DeepSeek-v3.2-Speciale-Distill.q4_k_m,vanilla,short,1311,28959,240,9,6,stop,False,907.89,100.87666666666667,9.91309519875756,29229.506,121.78960833333333,8.210881155500884,30270,0.1,5306.3,138707.0,N/A
vanilla,46,2,2,1,2,Qwen3-8B-DeepSeek-v3.2-Speciale-Distill.q4_k_m,vanilla,short,1287,59043,472,9,6,stop,False,910.197,101.133,9.887969307743267,59310.655,125.65816737288135,7.958097916807697,60330,0.1,11774.2,280510.7,N/A
vanilla,46,2,3,1,2,Qwen3-8B-DeepSeek-v3.2-Speciale-Distill.q4_k_m,vanilla,short,1312,36303,297,9,6,stop,False,912.967,101.44077777777778,9.85796857936815,36572.206,123.13874074074073,8.120921116981568,37616,0.1,7354.9,173486.9,N/A
vanilla,46,3,1,1,2,Qwen3-8B-DeepSeek-v3.2-Speciale-Distill.q4_k_m,vanilla,short,1280,20986,176,9,6,stop,False,907.005,100.77833333333334,9.922767790695751,21251.212,120.74552272727273,8.281880581681648,22266,0.1,3545.3,99538.3,N/A
vanilla,46,3,2,1,2,Qwen3-8B-DeepSeek-v3.2-Speciale-Distill.q4_k_m,vanilla,short,1287,58412,469,9,6,stop,False,918.779,102.08655555555555,9.79560917260843,58686.474,125.13107462686568,7.99162001111193,59700,0.1,11790.4,278822.4,N/A
vanilla,46,3,3,1,2,Qwen3-8B-DeepSeek-v3.2-Speciale-Distill.q4_k_m,vanilla,short,1307,37630,306,9,6,stop,False,908.003,100.88922222222223,9.911861524686591,37898.13,123.85009803921568,8.074277015778879,38937,0.1,7545.0,179027.8,N/A
turboquant,46,1,1,1,2,Qwen3-8B-DeepSeek-v3.2-Speciale-Distill.q4_k_m,turboquant,long,15656,231475,1024,148,3,length,True,15224.185,102.86611486486485,9.721374247619824,231805.696,226.37275,4.4174928298569505,247131,0.1,30641.8,626037.4,N/A
turboquant,46,1,2,1,2,Qwen3-8B-DeepSeek-v3.2-Speciale-Distill.q4_k_m,turboquant,long,2686,212171,1024,23,3,length,True,2294.551,99.76308695652173,10.023747565427833,212458.254,207.478763671875,4.819770381808748,214858,0.2,30269.0,626092.2,N/A
turboquant,46,1,3,1,2,Qwen3-8B-DeepSeek-v3.2-Speciale-Distill.q4_k_m,turboquant,long,2689,211778,1024,23,3,length,True,2289.568,99.5464347826087,10.045563180477714,212070.488,207.1000859375,4.828583220877013,214467,0.2,28977.7,625364.8,N/A
turboquant,46,2,1,1,2,Qwen3-8B-DeepSeek-v3.2-Speciale-Distill.q4_k_m,turboquant,long,15632,231474,1024,148,3,length,True,15198.09,102.6897972972973,9.738065770106639,231798.455,226.3656787109375,4.417630825019951,247106,0.2,30422.4,625913.2,N/A
turboquant,46,2,2,1,2,Qwen3-8B-DeepSeek-v3.2-Speciale-Distill.q4_k_m,turboquant,long,2680,211831,1024,23,3,length,True,2287.129,99.44039130434783,10.056275793800875,212119.133,207.1475908203125,4.82747588827831,214512,0.3,29148.7,625265.8,N/A
turboquant,46,2,3,1,2,Qwen3-8B-DeepSeek-v3.2-Speciale-Distill.q4_k_m,turboquant,long,2692,211994,1024,23,3,length,True,2289.415,99.53978260869565,10.046234518425013,212283.405,207.3080126953125,4.823740225949362,214686,0.3,28781.0,624676.5,N/A
turboquant,46,3,1,1,2,Qwen3-8B-DeepSeek-v3.2-Speciale-Distill.q4_k_m,turboquant,long,15636,231526,1024,148,3,length,True,15210.977,102.77687162162162,9.72981551415139,231848.572,226.41462109375,4.4166758982669085,247162,0.4,30700.7,626153.4,N/A
turboquant,46,3,2,1,2,Qwen3-8B-DeepSeek-v3.2-Speciale-Distill.q4_k_m,turboquant,long,2695,212027,1024,23,3,length,True,2292.768,99.6855652173913,10.031542659353237,212324.57,207.348212890625,4.822805010272716,214722,0.4,29083.1,622205.4,N/A
turboquant,46,3,3,1,2,Qwen3-8B-DeepSeek-v3.2-Speciale-Distill.q4_k_m,turboquant,long,2686,211811,1024,23,3,length,True,2286.245,99.40195652173912,10.060164155635114,212102.92,207.1317578125,4.82784489718482,214498,0.4,29111.0,621864.8,N/A
turboquant,46,1,1,1,2,Qwen3-8B-DeepSeek-v3.2-Speciale-Distill.q4_k_m,turboquant,medium,2773,201893,987,24,3,stop,False,2388.216,99.509,10.049342270548394,202178.547,204.84148632218844,4.881823589324736,204667,0.1,28246.5,603405.1,N/A
turboquant,46,1,2,1,2,Qwen3-8B-DeepSeek-v3.2-Speciale-Distill.q4_k_m,turboquant,medium,1520,210525,1024,11,5,length,True,1127.57,102.50636363636363,9.75549189850741,210819.737,205.8786494140625,4.857230231721616,212046,0.2,29145.8,620666.1,N/A
turboquant,46,1,3,1,2,Qwen3-8B-DeepSeek-v3.2-Speciale-Distill.q4_k_m,turboquant,medium,1614,210127,1024,12,3,length,True,1217.478,101.4565,9.856440937741791,210420.463,205.4887333984375,4.866446853127588,211741,0.2,29052.4,620098.4,N/A
turboquant,46,2,1,1,2,Qwen3-8B-DeepSeek-v3.2-Speciale-Distill.q4_k_m,turboquant,medium,2786,100040,578,24,3,stop,False,2387.465,99.47770833333334,10.052503387484213,100332.738,173.5860519031142,5.7608315244023345,102827,0.2,16785.6,353373.4,N/A
turboquant,46,2,2,1,2,Qwen3-8B-DeepSeek-v3.2-Speciale-Distill.q4_k_m,turboquant,medium,1504,210442,1024,11,5,length,True,1124.864,102.26036363636364,9.778959945380063,210735.62,205.79650390625,4.85916903843783,211947,0.2,28824.1,619886.5,N/A
turboquant,46,2,3,1,2,Qwen3-8B-DeepSeek-v3.2-Speciale-Distill.q4_k_m,turboquant,medium,1613,131959,724,12,3,stop,False,1218.069,101.50574999999999,9.85165864987944,132254.543,182.67202071823206,5.4742921004989595,133573,0.3,19132.6,436318.1,N/A
turboquant,46,3,1,1,2,Qwen3-8B-DeepSeek-v3.2-Speciale-Distill.q4_k_m,turboquant,medium,2788,153394,806,24,3,stop,False,2393.101,99.71254166666667,10.028828703844928,153691.379,190.68409305210918,5.244275933004674,156182,0.3,22681.5,492197.7,N/A
turboquant,46,3,2,1,2,Qwen3-8B-DeepSeek-v3.2-Speciale-Distill.q4_k_m,turboquant,medium,1505,113593,645,11,5,stop,False,1119.418,101.76527272727272,9.826534860079079,113882.308,176.56171782945736,5.663741904493189,115098,0.3,17092.4,386208.6,N/A
turboquant,46,3,3,1,2,Qwen3-8B-DeepSeek-v3.2-Speciale-Distill.q4_k_m,turboquant,medium,1606,157387,826,12,3,stop,False,1221.077,101.75641666666667,9.827390082689298,157683.135,190.89967917675546,5.238353486566588,158994,0.3,22801.8,496347.4,N/A
turboquant,46,1,1,1,2,Qwen3-8B-DeepSeek-v3.2-Speciale-Distill.q4_k_m,turboquant,short,1614,106236,611,12,3,stop,False,1218.602,101.55016666666667,9.847349667898133,106533.587,174.35938952536824,5.735280461362856,107851,0.1,16203.3,367839.1,N/A
turboquant,46,1,2,1,2,Qwen3-8B-DeepSeek-v3.2-Speciale-Distill.q4_k_m,turboquant,short,1304,54707,355,9,6,stop,False,929.571,103.28566666666667,9.68188551493108,54994.684,154.9146028169014,6.455169376007324,56012,0.1,9015.4,210201.5,N/A
turboquant,46,1,3,1,2,Qwen3-8B-DeepSeek-v3.2-Speciale-Distill.q4_k_m,turboquant,short,1286,16425,124,9,6,stop,False,921.12,102.34666666666666,9.770713913496612,16707.225,134.73568548387095,7.421938712143998,17712,0.1,2577.0,68471.8,N/A
turboquant,46,2,1,1,2,Qwen3-8B-DeepSeek-v3.2-Speciale-Distill.q4_k_m,turboquant,short,1293,41832,284,9,6,stop,False,932.25,103.58333333333333,9.654062751407883,42112.878,148.28478169014085,6.743780370460552,43126,0.1,7267.1,166302.1,N/A
turboquant,46,2,2,1,2,Qwen3-8B-DeepSeek-v3.2-Speciale-Distill.q4_k_m,turboquant,short,1309,94470,557,9,6,stop,False,930.41,103.37888888888888,9.67315484571318,94758.921,170.12373608617594,5.8780745297849055,95780,0.1,14968.3,333827.7,N/A
turboquant,46,2,3,1,2,Qwen3-8B-DeepSeek-v3.2-Speciale-Distill.q4_k_m,turboquant,short,1302,53120,348,9,6,stop,False,929.353,103.26144444444444,9.684156612180733,53407.329,153.46933620689654,6.515959635427565,54422,0.2,8681.7,205895.5,N/A
turboquant,46,3,1,1,2,Qwen3-8B-DeepSeek-v3.2-Speciale-Distill.q4_k_m,turboquant,short,1307,21152,155,9,6,stop,False,932.112,103.568,9.655492043874556,21445.859,138.36038064516129,7.227502521582371,22459,0.2,3290.7,87959.3,N/A
turboquant,46,3,2,1,2,Qwen3-8B-DeepSeek-v3.2-Speciale-Distill.q4_k_m,turboquant,short,1292,62399,397,9,6,stop,False,930.329,103.36988888888888,9.673997048356012,62685.668,157.8984080604534,6.33318608011005,63692,0.2,9969.3,235263.8,N/A
turboquant,46,3,3,1,2,Qwen3-8B-DeepSeek-v3.2-Speciale-Distill.q4_k_m,turboquant,short,1293,22169,163,9,6,stop,False,923.64,102.62666666666667,9.744056125763285,22453.679,137.7526319018405,7.2593894301241235,23463,0.2,3455.5,92279.8,N/A
vanilla,46,1,1,1,4,Qwen3-8B-DeepSeek-v3.2-Speciale-Distill.q4_k_m,vanilla,long,16699,140435,1024,148,3,length,True,16197.989,109.44587162162162,9.136936690103939,140721.708,137.42354296875,7.2767735309182,157135,"0.1,0.1,0.1","27374.1,27118.9,28200.4","23410.9,20062.1,625649.0",N/A
vanilla,46,1,2,1,4,Qwen3-8B-DeepSeek-v3.2-Speciale-Distill.q4_k_m,vanilla,long,2754,137041,1024,23,3,length,True,2251.693,97.89969565217392,10.214536351092267,137325.054,134.106498046875,7.456760220898948,139795,"0.1,0.1,0.1","26969.9,24092.2,25250.4","20411.1,17575.9,625707.3",N/A
vanilla,46,1,3,1,4,Qwen3-8B-DeepSeek-v3.2-Speciale-Distill.q4_k_m,vanilla,long,2737,136264,1024,23,3,length,True,2247.368,97.71165217391304,10.234193954884114,136540.496,133.340328125,7.499606563608791,139002,"0.1,0.1,0.1","26820.8,24010.2,25048.5","20452.4,17628.0,625594.1",N/A
vanilla,46,2,1,1,4,Qwen3-8B-DeepSeek-v3.2-Speciale-Distill.q4_k_m,vanilla,long,16676,120880,892,148,3,stop,False,16180.217,109.32579054054054,9.146972503520812,121167.571,135.8380840807175,7.3617057157975045,137557,"0.1,0.1,0.1","23612.3,23910.3,24845.6","20429.8,17802.3,545059.3",N/A
vanilla,46,2,2,1,4,Qwen3-8B-DeepSeek-v3.2-Speciale-Distill.q4_k_m,vanilla,long,2724,136840,1024,23,3,length,True,2243.417,97.53986956521739,10.252217933625358,137120.868,133.90709765625,7.467864045318033,139564,"0.1,0.1,0.1","26584.9,23814.1,24832.3","20344.8,17555.1,625483.9",N/A
vanilla,46,2,3,1,4,Qwen3-8B-DeepSeek-v3.2-Speciale-Distill.q4_k_m,vanilla,long,2772,136420,1024,23,3,length,True,2251.07,97.87260869565218,10.217363298342566,136700.816,133.496890625,7.490811174089846,139192,"0.1,0.1,0.1","26744.0,23909.2,24968.0","20401.1,17709.9,625646.7",N/A
vanilla,46,3,1,1,4,Qwen3-8B-DeepSeek-v3.2-Speciale-Distill.q4_k_m,vanilla,long,16716,140500,1024,148,3,length,True,16184.124,109.35218918918919,9.144764338187226,140789.441,137.4896884765625,7.273272716524246,157216,"0.1,0.1,0.1","27525.3,27194.3,28303.5","23448.2,20070.1,625825.2",N/A
vanilla,46,3,2,1,4,Qwen3-8B-DeepSeek-v3.2-Speciale-Distill.q4_k_m,vanilla,long,2734,136503,1024,23,3,length,True,2241.996,97.47808695652175,10.258715894229963,136777.742,133.572013671875,7.4865982215147255,139238,"0.1,0.1,0.1","26587.0,23331.6,24726.4","20453.0,17569.8,624920.2",N/A
vanilla,46,3,3,1,4,Qwen3-8B-DeepSeek-v3.2-Speciale-Distill.q4_k_m,vanilla,long,2729,136620,1024,23,3,length,True,2243.642,97.54965217391303,10.25118980657342,136897.61,133.689072265625,7.480042931355778,139349,"0.1,0.1,0.2","26783.1,23627.9,24864.6","20447.0,17628.0,624976.2",N/A
vanilla,46,1,1,1,4,Qwen3-8B-DeepSeek-v3.2-Speciale-Distill.q4_k_m,vanilla,medium,2752,137205,1024,24,3,length,True,2352.575,98.02395833333333,10.201587622073687,137485.025,134.2627197265625,7.448083891318346,139958,"0.1,0.1,0.1","26737.1,23820.4,24948.9","20414.2,17465.9,625595.5",N/A
vanilla,46,1,2,1,4,Qwen3-8B-DeepSeek-v3.2-Speciale-Distill.q4_k_m,vanilla,medium,1582,126684,952,11,5,stop,False,1103.541,100.32190909090909,9.967912383862494,126961.613,133.36303886554623,7.498329436000471,128267,"0.1,0.1,0.1","24224.0,21670.7,22674.7","18673.8,16265.0,575672.3",N/A
vanilla,46,1,3,1,4,Qwen3-8B-DeepSeek-v3.2-Speciale-Distill.q4_k_m,vanilla,medium,1678,136753,1024,12,3,length,True,1204.736,100.39466666666668,9.96068848278793,137035.055,133.8232958984375,7.4725405116231025,138432,"0.1,0.1,0.1","26065.5,23363.8,24339.4","20219.5,17550.6,620727.6",N/A
vanilla,46,2,1,1,4,Qwen3-8B-DeepSeek-v3.2-Speciale-Distill.q4_k_m,vanilla,medium,2829,133951,1000,24,3,stop,False,2343.526,97.64691666666666,10.240978764477118,134233.864,134.233864,7.449684976661329,136780,"0.1,0.1,0.1","26427.4,23459.7,24532.4","20021.4,17064.4,611022.3",N/A
vanilla,46,2,2,1,4,Qwen3-8B-DeepSeek-v3.2-Speciale-Distill.q4_k_m,vanilla,medium,1578,88521,679,11,5,stop,False,1104.047,100.3679090909091,9.96334395184263,88795.894,130.77451251840944,7.646749972470574,90099,"0.1,0.1,0.1","16640.9,14999.8,15755.2","12775.1,11409.7,409404.1",N/A
vanilla,46,2,3,1,4,Qwen3-8B-DeepSeek-v3.2-Speciale-Distill.q4_k_m,vanilla,medium,1643,136652,1024,12,3,length,True,1203.151,100.26258333333334,9.97381043609655,136932.469,133.7231142578125,7.4781387312895085,138296,"0.1,0.1,0.1","26233.6,23431.2,24645.6","20090.2,17394.8,620334.3",N/A
vanilla,46,3,1,1,4,Qwen3-8B-DeepSeek-v3.2-Speciale-Distill.q4_k_m,vanilla,medium,2819,137166,1024,24,3,length,True,2345.16,97.71499999999999,10.233843319858774,137441.988,134.22069140625,7.450416098463301,139985,"0.1,0.1,0.1","26891.4,23950.5,25037.2","20487.3,17644.9,625745.1",N/A
vanilla,46,3,2,1,4,Qwen3-8B-DeepSeek-v3.2-Speciale-Distill.q4_k_m,vanilla,medium,1585,136967,1024,11,5,length,True,1104.994,100.454,9.954805184462542,137245.773,134.0290751953125,7.461067671643338,138553,"0.1,0.1,0.1","26226.6,23537.5,24518.6","20090.7,17533.2,619419.7",N/A
vanilla,46,3,3,1,4,Qwen3-8B-DeepSeek-v3.2-Speciale-Distill.q4_k_m,vanilla,medium,1679,136816,1024,12,3,length,True,1198.286,99.85716666666667,10.014303763876068,137098.132,133.88489453125,7.469102496597109,138496,"0.1,0.2,0.1","26050.2,23242.9,24245.1","20140.1,17333.1,618829.2",N/A
vanilla,46,1,1,1,4,Qwen3-8B-DeepSeek-v3.2-Speciale-Distill.q4_k_m,vanilla,short,1686,18934,156,12,3,stop,False,1199.464,99.95533333333333,10.004468662669327,19215.74,123.17782051282052,8.11834464870986,20621,"0.1,0.1,0.1","3342.3,3036.2,3236.7","2699.6,2471.7,90390.3",N/A
vanilla,46,1,2,1,4,Qwen3-8B-DeepSeek-v3.2-Speciale-Distill.q4_k_m,vanilla,short,1302,37153,295,9,6,stop,False,921.093,102.34366666666666,9.771000322443012,37439.082,126.91214237288136,7.879466702735926,38455,"0.1,0.1,0.1","6945.2,6383.1,6704.9","5260.6,4936.1,174116.9",N/A
vanilla,46,1,3,1,4,Qwen3-8B-DeepSeek-v3.2-Speciale-Distill.q4_k_m,vanilla,short,1304,22517,184,9,6,stop,False,911.997,101.333,9.868453514649719,22798.086,123.90264130434782,8.070852965463855,23822,"0.1,0.1,0.1","3961.1,3659.5,3827.3","3143.0,2972.7,105029.8",N/A
vanilla,46,2,1,1,4,Qwen3-8B-DeepSeek-v3.2-Speciale-Distill.q4_k_m,vanilla,short,1295,22514,184,9,6,stop,False,914.621,101.62455555555556,9.840141435632901,22792.513,123.87235326086956,8.072826370659524,23809,"0.1,0.1,0.1","3994.0,3681.8,3909.7","3169.5,3011.8,106356.6",N/A
vanilla,46,2,2,1,4,Qwen3-8B-DeepSeek-v3.2-Speciale-Distill.q4_k_m,vanilla,short,1284,56385,442,9,6,stop,False,910.638,101.182,9.883180802909607,56661.403,128.19321945701358,7.800724595541696,57670,"0.1,0.1,0.1","10484.7,9558.5,10025.7","8107.6,7358.0,263950.9",N/A
vanilla,46,2,3,1,4,Qwen3-8B-DeepSeek-v3.2-Speciale-Distill.q4_k_m,vanilla,short,1326,22314,182,9,6,stop,False,917.307,101.923,9.81132815949295,22593.764,124.14156043956044,8.055320043176515,23641,"0.1,0.1,0.1","3926.8,3634.0,3808.4","3131.1,2970.6,104441.0",N/A
vanilla,46,3,1,1,4,Qwen3-8B-DeepSeek-v3.2-Speciale-Distill.q4_k_m,vanilla,short,1292,16895,139,9,6,stop,False,917.27,101.91888888888889,9.811723919892724,17174.163,123.55512949640288,8.09355308902099,18188,"0.1,0.1,0.1","2943.5,2725.4,2878.4","2356.1,2227.7,78801.5",N/A
vanilla,46,3,2,1,4,Qwen3-8B-DeepSeek-v3.2-Speciale-Distill.q4_k_m,vanilla,short,1299,45186,357,9,6,stop,False,922.856,102.53955555555555,9.75233405861803,45470.054,127.36709803921568,7.851321223414427,46485,"0.1,0.1,0.1","8411.9,7700.9,8091.4","6492.3,6003.4,211986.0",N/A
vanilla,46,3,3,1,4,Qwen3-8B-DeepSeek-v3.2-Speciale-Distill.q4_k_m,vanilla,short,1307,32821,264,9,6,stop,False,913.554,101.506,9.851634386144662,33096.329,125.36488257575756,7.976715484064714,34129,"0.1,0.1,0.1","6239.7,5723.6,5993.7","4696.4,4407.9,155174.4",N/A
turboquant,46,1,1,1,4,Qwen3-8B-DeepSeek-v3.2-Speciale-Distill.q4_k_m,turboquant,long,15725,235594,1024,148,3,stop,False,15273.036,103.19618918918918,9.690280308381386,235929.894,230.400287109375,4.340272369214899,251320,"0.1,0.1,0.1","28941.1,28321.3,29369.5","24992.9,20517.8,626020.6",N/A
turboquant,46,1,2,1,4,Qwen3-8B-DeepSeek-v3.2-Speciale-Distill.q4_k_m,turboquant,long,2699,215838,1024,23,3,length,True,2296.712,99.85704347826086,10.014316117998252,216133.186,211.067564453125,4.737819392529568,218538,"0.1,0.1,0.1","28445.9,25310.7,26370.3","21854.5,18046.7,626099.6",N/A
turboquant,46,1,3,1,4,Qwen3-8B-DeepSeek-v3.2-Speciale-Distill.q4_k_m,turboquant,long,2698,186302,920,23,3,stop,False,2292.303,99.66534782608696,10.033577585511166,186598.214,202.8241456521739,4.930379451541803,189001,"0.1,0.1,0.1","25249.9,22526.7,23483.7","19510.8,16187.0,562481.8",N/A
turboquant,46,2,1,1,4,Qwen3-8B-DeepSeek-v3.2-Speciale-Distill.q4_k_m,turboquant,long,15679,113718,582,148,3,stop,False,15248.754,103.03212162162163,9.705711037111621,114048.234,195.9591649484536,5.103104007730624,129398,"0.2,0.1,0.1","15898.5,16977.8,17572.8","14767.2,12647.8,355719.4",N/A
turboquant,46,2,2,1,4,Qwen3-8B-DeepSeek-v3.2-Speciale-Distill.q4_k_m,turboquant,long,2681,215827,1024,23,3,length,True,2292.059,99.65473913043479,10.034645705018935,216122.163,211.0567998046875,4.738061038191627,218509,"0.2,0.2,0.1","28249.6,25454.6,26384.2","21917.1,18112.0,625489.8",N/A
turboquant,46,2,3,1,4,Qwen3-8B-DeepSeek-v3.2-Speciale-Distill.q4_k_m,turboquant,long,2707,215606,1024,23,3,length,True,2290.659,99.59386956521739,10.040778658019374,215906.528,210.84621875,4.742793140557566,218313,"0.2,0.2,0.1","28112.1,25032.5,26132.2","21794.9,17907.6,623012.8",N/A
turboquant,46,3,1,1,4,Qwen3-8B-DeepSeek-v3.2-Speciale-Distill.q4_k_m,turboquant,long,15687,235370,1024,148,3,length,True,15247.298,103.02228378378379,9.706637858065083,235702.511,230.1782333984375,4.344459444473207,251058,"0.2,0.2,0.2","29017.4,28366.8,29366.6","25052.1,20461.7,626090.4",N/A
turboquant,46,3,2,1,4,Qwen3-8B-DeepSeek-v3.2-Speciale-Distill.q4_k_m,turboquant,long,2700,155773,804,23,3,stop,False,2297.003,99.86969565217392,10.013047436159203,156068.419,194.11494900497513,5.151586753755736,158474,"0.2,0.2,0.2","21721.8,19415.3,20295.5","16755.1,14092.4,488466.8",N/A
turboquant,46,3,3,1,4,Qwen3-8B-DeepSeek-v3.2-Speciale-Distill.q4_k_m,turboquant,long,2693,215402,1024,23,3,length,True,2297.121,99.87482608695653,10.01253307945032,215701.646,210.646138671875,4.747298034063217,218095,"0.2,0.2,0.2","28286.1,25077.0,26218.5","21851.2,18009.7,623675.6",N/A
turboquant,46,1,1,1,4,Qwen3-8B-DeepSeek-v3.2-Speciale-Distill.q4_k_m,turboquant,medium,2765,157528,813,24,3,stop,False,2390.638,99.60991666666666,10.039161094235096,157820.06,194.12061500615005,5.1514363890116375,160293,"0.1,0.1,0.1","22358.3,20039.2,20922.6","17000.2,14283.2,496963.0",N/A
turboquant,46,1,2,1,4,Qwen3-8B-DeepSeek-v3.2-Speciale-Distill.q4_k_m,turboquant,medium,1512,213840,1024,11,5,length,True,1123.039,102.09445454545454,9.794851291896364,214130.258,209.111580078125,4.782135927749174,215352,"0.1,0.1,0.1","27723.8,24729.4,25851.9","21706.2,17877.9,621643.9",N/A
turboquant,46,1,3,1,4,Qwen3-8B-DeepSeek-v3.2-Speciale-Distill.q4_k_m,turboquant,medium,1613,213532,1024,12,3,length,True,1218.74,101.56166666666667,9.84623463577137,213823.417,208.8119306640625,4.788998391135055,215145,"0.1,0.1,0.1","28045.8,24962.4,26113.0","21736.5,17990.8,621128.6",N/A
turboquant,46,2,1,1,4,Qwen3-8B-DeepSeek-v3.2-Speciale-Distill.q4_k_m,turboquant,medium,2785,160578,824,24,3,stop,False,2390.916,99.62150000000001,10.037993806557822,160870.904,195.2316796116505,5.122119535052778,163364,"0.1,0.1,0.1","22678.3,20300.5,21184.6","17306.1,14492.2,503742.8",N/A
turboquant,46,2,2,1,4,Qwen3-8B-DeepSeek-v3.2-Speciale-Distill.q4_k_m,turboquant,medium,1502,213809,1024,11,5,length,True,1120.687,101.88063636363636,9.815407870350954,214095.664,209.077796875,4.782908634712005,215312,"0.1,0.1,0.1","27882.5,24814.1,25963.0","21678.0,17883.8,620558.1",N/A
turboquant,46,2,3,1,4,Qwen3-8B-DeepSeek-v3.2-Speciale-Distill.q4_k_m,turboquant,medium,1622,212885,1024,12,3,length,True,1218.031,101.50258333333333,9.851966000865332,213177.976,208.1816171875,4.803498087438451,214507,"0.1,0.1,0.1","27918.2,24925.4,26064.8","21722.4,17979.1,620468.8",N/A
turboquant,46,3,1,1,4,Qwen3-8B-DeepSeek-v3.2-Speciale-Distill.q4_k_m,turboquant,medium,2792,214954,1024,24,3,length,True,2391.466,99.64441666666666,10.035685224042492,215250.92,210.2059765625,4.757238668248201,217746,"0.2,0.1,0.1","28080.9,25046.0,26444.0","21868.1,18069.8,625367.5",N/A
turboquant,46,3,2,1,4,Qwen3-8B-DeepSeek-v3.2-Speciale-Distill.q4_k_m,turboquant,medium,1522,175202,887,11,5,stop,False,1125.009,102.27354545454546,9.777699556181327,175497.954,197.85564148816235,5.054189976482575,176724,"0.2,0.1,0.2","23624.4,21162.7,22021.5","18447.8,15466.2,533086.8",N/A
turboquant,46,3,3,1,4,Qwen3-8B-DeepSeek-v3.2-Speciale-Distill.q4_k_m,turboquant,medium,1595,212981,1024,12,3,length,True,1211.429,100.95241666666668,9.905656872998748,213266.649,208.2682119140625,4.801500866645117,214576,"0.2,0.2,0.2","27648.4,24762.3,25732.0","21530.2,17835.5,616224.8",N/A
turboquant,46,1,1,1,4,Qwen3-8B-DeepSeek-v3.2-Speciale-Distill.q4_k_m,turboquant,short,1611,27934,197,12,3,stop,False,1224.632,102.05266666666667,9.798862025490106,28226.25,143.28045685279187,6.979318896417342,29546,"0.1,0.1,0.1","4603.5,4227.0,4450.7","3666.0,3288.8,114944.0",N/A
turboquant,46,1,2,1,4,Qwen3-8B-DeepSeek-v3.2-Speciale-Distill.q4_k_m,turboquant,short,1298,136726,736,9,6,stop,False,929.967,103.32966666666667,9.677762759323716,137015.516,186.1623858695652,5.371654404454456,138024,"0.1,0.1,0.1","19165.7,17256.5,18004.0","15018.7,12765.2,443111.8",N/A
turboquant,46,1,3,1,4,Qwen3-8B-DeepSeek-v3.2-Speciale-Distill.q4_k_m,turboquant,short,1310,90899,535,9,6,stop,False,927.057,103.00633333333333,9.708140923373644,91186.874,170.4427551401869,5.867072491157006,92209,"0.1,0.1,0.1","13868.1,12555.6,13091.6","10687.6,9255.2,320935.9",N/A
turboquant,46,2,1,1,4,Qwen3-8B-DeepSeek-v3.2-Speciale-Distill.q4_k_m,turboquant,short,1318,27848,197,9,6,stop,False,931.89,103.54333333333334,9.65779222869652,28141.43,142.84989847715735,7.000354992621199,29166,"0.1,0.1,0.1","4566.8,4222.2,4395.3","3681.8,3264.8,113692.7",N/A
turboquant,46,2,2,1,4,Qwen3-8B-DeepSeek-v3.2-Speciale-Distill.q4_k_m,turboquant,short,1308,84225,503,9,6,stop,False,933.311,103.70122222222223,9.643087888174467,84519.837,168.03148508946322,5.951265618271366,85533,"0.1,0.1,0.1","13157.1,11936.0,12396.7","9955.5,8724.4,300759.5",N/A
turboquant,46,2,3,1,4,Qwen3-8B-DeepSeek-v3.2-Speciale-Distill.q4_k_m,turboquant,short,1306,16514,123,9,6,stop,False,930.792,103.42133333333334,9.669184952169765,16802.896,136.6089105691057,7.3201667141188045,17821,"0.1,0.1,0.1","2734.1,2540.9,2642.0","2201.7,1960.0,69073.7",N/A
turboquant,46,3,1,1,4,Qwen3-8B-DeepSeek-v3.2-Speciale-Distill.q4_k_m,turboquant,short,1424,55032,356,9,6,stop,False,931.631,103.51455555555555,9.66047716316868,55449.022,155.7556797752809,6.4203116152346205,56457,"0.1,0.1,0.1","8808.4,8042.2,8362.8","6914.8,5985.6,211426.7",N/A
turboquant,46,3,2,1,4,Qwen3-8B-DeepSeek-v3.2-Speciale-Distill.q4_k_m,turboquant,short,1295,96716,563,9,6,stop,False,925.672,102.85244444444444,9.722666344018183,97004.408,172.29912611012432,5.803859964796651,98011,"0.1,0.1,0.1","14431.6,13040.3,13543.7","11261.7,9601.8,337337.5",N/A
turboquant,46,3,3,1,4,Qwen3-8B-DeepSeek-v3.2-Speciale-Distill.q4_k_m,turboquant,short,1331,39306,266,9,6,stop,False,935.283,103.92033333333333,9.622755893136087,39603.539,148.885484962406,6.716571465999541,40637,"0.1,0.1,0.1","6559.2,6006.6,6241.5","5000.6,4426.4,155189.8",N/A
vanilla,46,1,1,1,8,Qwen3-8B-DeepSeek-v3.2-Speciale-Distill.q4_k_m,vanilla,long,16671,143734,1024,148,3,length,True,16258.354,109.85374324324324,9.103012518979474,144027.769,140.6521181640625,7.10974006686169,160405,"0.1,0.1,0.1,0.1,0.1,0.1,0.1","28845.2,25593.6,25590.0,25686.8,25630.3,25593.3,26526.1","30816.4,19772.5,19791.8,19584.5,19793.4,19758.0,625307.3",N/A
vanilla,46,1,2,1,8,Qwen3-8B-DeepSeek-v3.2-Speciale-Distill.q4_k_m,vanilla,long,2753,140516,1024,23,3,length,True,2251.755,97.90239130434783,10.214255103241692,140797.421,137.4974814453125,7.272860487977262,143269,"0.1,0.1,0.1,0.1,0.1,0.1,0.1","28226.7,22597.7,22589.6,22700.2,22635.2,22630.7,24076.5","26404.2,17322.3,17339.5,17160.2,17336.8,17291.6,625401.1",N/A
vanilla,46,1,3,1,8,Qwen3-8B-DeepSeek-v3.2-Speciale-Distill.q4_k_m,vanilla,long,2756,140216,1024,23,3,length,True,2256.56,98.11130434782608,10.19250540645939,140503.267,137.2102216796875,7.288086760288642,142972,"0.1,0.1,0.1,0.1,0.1,0.1,0.1","28305.0,22645.5,22637.8,22793.6,22702.7,22694.2,23626.0","26422.0,17272.0,17253.1,17335.1,17369.2,17328.1,625352.2",N/A
vanilla,46,2,1,1,8,Qwen3-8B-DeepSeek-v3.2-Speciale-Distill.q4_k_m,vanilla,long,16720,143865,1024,148,3,length,True,16209.464,109.5234054054054,9.130468471998828,144165.78,140.78689453125,7.102933858506505,160585,"0.1,0.1,0.1,0.1,0.1,0.1,0.1","28805.1,25545.3,25540.8,25650.5,25523.4,25556.9,26488.3","30839.6,19731.3,19780.8,19585.8,19586.7,19683.2,625233.9",N/A
vanilla,46,2,2,1,8,Qwen3-8B-DeepSeek-v3.2-Speciale-Distill.q4_k_m,vanilla,long,2772,95170,711,23,3,stop,False,2255.628,98.07078260869567,10.196716834513492,95462.268,134.26479324894515,7.447968866610209,97942,"0.1,0.1,0.1,0.1,0.1,0.1,0.1","19095.6,15377.4,15391.9,15441.1,15372.3,15394.3,16067.5","16985.9,11935.2,12027.1,11884.3,11913.5,12030.6,434195.1",N/A
vanilla,46,2,3,1,8,Qwen3-8B-DeepSeek-v3.2-Speciale-Distill.q4_k_m,vanilla,long,2733,140473,1024,23,3,length,True,2259.653,98.24578260869565,10.178553963816569,140763.823,137.4646708984375,7.274596399672947,143207,"0.1,0.1,0.1,0.1,0.1,0.1,0.1","28278.7,22653.8,22602.7,22752.7,22655.6,22607.5,23615.9","26325.5,17310.7,17205.4,17257.3,17280.2,17145.0,625335.9",N/A
vanilla,46,3,1,1,8,Qwen3-8B-DeepSeek-v3.2-Speciale-Distill.q4_k_m,vanilla,long,16704,143620,1024,148,3,length,True,16203.459,109.48283108108109,9.133852222540877,143912.127,140.5391865234375,7.1154531681683775,160324,"0.1,0.1,0.1,0.1,0.1,0.1,0.1","28695.0,25458.2,25427.6,25589.0,25463.6,25478.9,26444.9","30835.6,19771.8,19686.9,19691.4,19714.8,19749.6,625352.1",N/A
vanilla,46,3,2,1,8,Qwen3-8B-DeepSeek-v3.2-Speciale-Distill.q4_k_m,vanilla,long,2799,140261,1024,23,3,length,True,2254.4,98.01739130434783,10.202271114265436,140547.577,137.2534931640625,7.285789067711925,143061,"0.1,0.1,0.1,0.1,0.1,0.1,0.1","28320.1,22641.3,22601.3,22556.7,22687.2,22662.2,23630.4","26418.0,17329.9,17169.2,17196.1,17332.9,17263.4,625310.7",N/A
vanilla,46,3,3,1,8,Qwen3-8B-DeepSeek-v3.2-Speciale-Distill.q4_k_m,vanilla,long,2766,140017,1024,23,3,length,True,2252.002,97.9131304347826,10.213134801834101,140304.057,137.0156806640625,7.298434713117383,142783,"0.1,0.1,0.1,0.1,0.1,0.1,0.1","27977.2,22354.0,22529.6,22483.8,22506.4,22402.6,23494.6","26391.9,17247.5,17284.4,17299.7,17174.6,17283.1,625251.0",N/A
vanilla,46,1,1,1,8,Qwen3-8B-DeepSeek-v3.2-Speciale-Distill.q4_k_m,vanilla,medium,2771,141334,1024,24,3,length,True,2357.243,98.21845833333333,10.181385627192446,141626.93,138.307548828125,7.230263340453684,144106,"0.1,0.1,0.1,0.1,0.1,0.1,0.1","28215.2,22556.3,22672.4,22773.1,22700.8,22695.0,23644.2","26401.1,17246.8,17298.7,17311.7,17207.1,17263.7,624748.2",N/A
vanilla,46,1,2,1,8,Qwen3-8B-DeepSeek-v3.2-Speciale-Distill.q4_k_m,vanilla,medium,1608,141304,1024,11,5,length,True,1111.378,101.03436363636364,9.89762259105363,141592.543,138.2739677734375,7.232019273783366,142912,"0.1,0.1,0.1,0.1,0.1,0.1,0.1","27848.9,22316.6,22289.8,22399.0,22247.8,22319.7,23283.1","26073.0,17190.1,17170.6,17193.2,17048.6,17235.4,619818.8",N/A
vanilla,46,1,3,1,8,Qwen3-8B-DeepSeek-v3.2-Speciale-Distill.q4_k_m,vanilla,medium,1696,140675,1024,12,3,length,True,1206.749,100.56241666666666,9.944072876795422,140960.938,137.657166015625,7.26442385052801,142371,"0.1,0.1,0.1,0.1,0.1,0.1,0.1","27845.3,22285.9,22305.6,22383.6,22292.5,22319.4,23284.9","26060.7,17171.7,17192.9,17201.6,17174.9,17199.8,620394.6",N/A
vanilla,46,2,1,1,8,Qwen3-8B-DeepSeek-v3.2-Speciale-Distill.q4_k_m,vanilla,medium,2843,140602,1024,24,3,stop,False,2350.333,97.93054166666667,10.211318991819457,140890.649,137.5885244140625,7.268048002248893,143445,"0.1,0.1,0.1,0.1,0.1,0.1,0.1","28202.0,22522.5,22571.9,22666.8,22528.4,22565.2,24008.6","26404.0,17153.3,17346.2,17262.5,17217.3,17719.9,625345.5",N/A
vanilla,46,2,2,1,8,Qwen3-8B-DeepSeek-v3.2-Speciale-Distill.q4_k_m,vanilla,medium,1613,140419,1024,11,5,length,True,1113.212,101.20109090909091,9.881316406937762,140704.664,137.4068984375,7.277654989460762,142033,"0.1,0.1,0.1,0.1,0.1,0.1,0.1","27649.9,22099.5,22127.0,22169.3,22147.6,22155.2,23105.9","26066.2,17108.6,17180.8,17100.4,17195.1,17190.8,620383.1",N/A
vanilla,46,2,3,1,8,Qwen3-8B-DeepSeek-v3.2-Speciale-Distill.q4_k_m,vanilla,medium,1704,140424,1024,12,3,length,True,1203.853,100.32108333333333,9.967994431213777,140710.118,137.412224609375,7.277372903631565,142128,"0.1,0.1,0.1,0.1,0.1,0.1,0.1","27977.7,22394.3,22367.8,22452.2,22368.2,22369.7,23386.0","26081.6,17218.6,17176.0,17148.8,17212.1,17140.5,620461.0",N/A
vanilla,46,3,1,1,8,Qwen3-8B-DeepSeek-v3.2-Speciale-Distill.q4_k_m,vanilla,medium,2848,140572,1024,24,3,length,True,2356.257,98.177375,10.185646132828463,140858.439,137.5570693359375,7.269709981664641,143421,"0.1,0.1,0.1,0.1,0.1,0.1,0.1","28216.5,22564.2,22537.1,22684.0,22525.1,22525.8,24002.6","26402.3,17334.0,17275.5,17294.3,17214.1,17648.0,625333.6",N/A
vanilla,46,3,2,1,8,Qwen3-8B-DeepSeek-v3.2-Speciale-Distill.q4_k_m,vanilla,medium,1611,140450,1024,11,5,length,True,1110.999,100.9999090909091,9.90099901080019,140737.25,137.438720703125,7.275969936885935,142062,"0.1,0.1,0.1,0.1,0.1,0.1,0.1","27837.7,22196.6,22260.5,22307.4,22242.3,22244.0,23250.2","26095.8,17007.6,17029.5,17055.5,17001.3,16999.0,619856.0",N/A
vanilla,46,3,3,1,8,Qwen3-8B-DeepSeek-v3.2-Speciale-Distill.q4_k_m,vanilla,medium,1702,140013,1024,12,3,length,True,1213.7,101.14166666666667,9.887122023564308,140299.404,137.01113671875,7.298676764157886,141716,"0.1,0.1,0.1,0.1,0.1,0.1,0.1","27724.3,22179.3,22202.6,22277.3,22247.8,22203.7,23180.9","26039.6,17095.3,17096.9,17120.9,17223.7,17170.8,619785.4",N/A
vanilla,46,1,1,1,8,Qwen3-8B-DeepSeek-v3.2-Speciale-Distill.q4_k_m,vanilla,short,1592,13964,113,12,3,stop,False,1211.303,100.94191666666667,9.906687261568738,14249.988,126.10608849557522,7.929831239156132,15557,"0.1,0.1,0.1,0.1,0.1,0.1,0.1","2577.0,2128.5,2125.2,2124.8,2147.8,2124.7,2256.2","2155.5,1753.4,1752.3,1742.8,1768.0,1754.1,64121.5",N/A
vanilla,46,1,2,1,8,Qwen3-8B-DeepSeek-v3.2-Speciale-Distill.q4_k_m,vanilla,short,1307,38228,296,9,6,stop,False,923.445,102.605,9.746113737147311,38519.629,130.13388175675675,7.6843938450186,39536,"0.1,0.1,0.1,0.1,0.1,0.1,0.1","7382.1,5957.5,5986.3,6011.9,6026.2,6016.0,6263.9","6105.4,4748.3,4762.3,4770.9,4815.5,4803.8,172839.2",N/A
vanilla,46,1,3,1,8,Qwen3-8B-DeepSeek-v3.2-Speciale-Distill.q4_k_m,vanilla,short,1326,29163,229,9,6,stop,False,920.263,102.25144444444445,9.779812944777742,29451.487,128.6091135371179,7.775498737975436,30489,"0.1,0.1,0.1,0.1,0.1,0.1,0.1","5458.2,4465.1,4475.5,4486.9,4488.2,4480.7,4733.4","4530.4,3645.4,3642.8,3680.1,3674.8,3670.6,133749.2",N/A
vanilla,46,2,1,1,8,Qwen3-8B-DeepSeek-v3.2-Speciale-Distill.q4_k_m,vanilla,short,1322,22811,181,9,6,stop,False,921.455,102.38388888888889,9.76716171706703,23103.459,127.64341988950275,7.834324721679122,24134,"0.1,0.1,0.1,0.1,0.1,0.1,0.1","3552.2,2868.5,2906.1,2891.0,2975.1,2898.4,2988.9","2917.7,2293.8,2323.0,2344.1,2417.0,2350.1,83072.8",N/A
vanilla,46,2,2,1,8,Qwen3-8B-DeepSeek-v3.2-Speciale-Distill.q4_k_m,vanilla,short,1324,54403,418,9,6,stop,False,931.667,103.51855555555557,9.660103878317038,54691.791,130.8416052631579,7.642828884502977,55727,"0.1,0.1,0.1,0.1,0.1,0.1,0.1","10539.2,8595.6,8578.2,8616.7,8612.4,8624.5,9023.2","9003.9,6877.0,6824.7,6850.3,6896.4,6904.4,249141.3",N/A
vanilla,46,2,3,1,8,Qwen3-8B-DeepSeek-v3.2-Speciale-Distill.q4_k_m,vanilla,short,1333,13597,110,9,6,stop,False,919.722,102.19133333333333,9.785565638312448,13880.691,126.1881,7.924677525059811,14930,"0.1,0.1,0.1,0.1,0.1,0.1,0.1","2507.4,2054.3,2049.0,2068.7,2072.8,2070.3,2174.1","2073.8,1681.7,1670.2,1673.2,1688.3,1688.5,61044.4",N/A
vanilla,46,3,1,1,8,Qwen3-8B-DeepSeek-v3.2-Speciale-Distill.q4_k_m,vanilla,short,1307,11046,91,9,6,stop,False,928.685,103.18722222222222,9.691122393491874,11333.056,124.53907692307693,8.029608253943156,12353,"0.1,0.1,0.1,0.1,0.1,0.1,0.1","1983.4,1619.9,1617.9,1637.4,1620.8,1641.0,1722.3","1663.9,1342.7,1337.7,1353.6,1341.5,1358.0,50069.5",N/A
vanilla,46,3,2,1,8,Qwen3-8B-DeepSeek-v3.2-Speciale-Distill.q4_k_m,vanilla,short,1299,50423,385,9,6,stop,False,922.631,102.51455555555555,9.75471233895241,50710.784,131.7163220779221,7.592073512411088,51722,"0.1,0.1,0.1,0.1,0.1,0.1,0.1","9722.1,7899.7,7913.5,7943.3,7889.3,7896.2,8267.8","8250.8,6324.1,6300.7,6346.8,6287.6,6301.9,228985.3",N/A
vanilla,46,3,3,1,8,Qwen3-8B-DeepSeek-v3.2-Speciale-Distill.q4_k_m,vanilla,short,1338,24218,192,9,6,stop,False,922.396,102.48844444444444,9.75719755939965,24509.073,127.651421875,7.833833617452607,25556,"0.1,0.1,0.1,0.1,0.1,0.1,0.1","4537.2,3717.2,3705.9,3716.1,3734.9,3736.0,3899.9","3766.9,3064.1,3033.4,3065.1,3063.8,3052.2,111139.1",N/A
turboquant,46,1,1,1,8,Qwen3-8B-DeepSeek-v3.2-Speciale-Distill.q4_k_m,turboquant,long,15736,177052,812,148,3,stop,False,15311.227,103.4542364864865,9.666109711520834,177402.157,218.47556280788177,4.577170952887568,192788,"0.1,0.1,0.1,0.1,0.1,0.1,0.1","26290.9,21741.5,21816.2,22020.6,21758.0,21771.1,22588.1","27363.2,16217.9,16376.1,16458.1,16323.8,16299.5,496052.1",N/A
turboquant,46,1,2,1,8,Qwen3-8B-DeepSeek-v3.2-Speciale-Distill.q4_k_m,turboquant,long,2710,219814,1024,23,3,length,True,2297.935,99.91021739130434,10.008986329030195,220118.527,214.9594990234375,4.652039126174963,222524,"0.1,0.1,0.1,0.1,0.1,0.1,0.1","32815.8,23847.2,23897.6,24167.7,23891.0,23877.4,25318.9","30667.1,17452.6,17488.8,17635.9,17571.2,17514.5,625537.1",N/A
turboquant,46,1,3,1,8,Qwen3-8B-DeepSeek-v3.2-Speciale-Distill.q4_k_m,turboquant,long,2713,219461,1024,23,3,length,True,2300.128,100.00556521739131,9.99944350923079,219766.195,214.6154248046875,4.659497335338585,222175,"0.1,0.1,0.1,0.1,0.1,0.1,0.1","32808.7,23814.5,23938.1,24179.3,23869.7,23787.1,24928.8","30665.4,17367.7,17514.9,17696.8,17481.1,17418.8,625544.8",N/A
turboquant,46,2,1,1,8,Qwen3-8B-DeepSeek-v3.2-Speciale-Distill.q4_k_m,turboquant,long,15718,239264,1024,148,3,length,True,15259.367,103.10383108108108,9.69896064495991,239611.395,233.9955029296875,4.2735864043527645,254983,"0.1,0.1,0.1,0.1,0.1,0.1,0.1","33402.8,26784.5,26801.6,27152.9,26795.7,26874.1,27889.3","35083.5,19929.6,19984.0,20188.7,19981.8,20029.4,625716.0",N/A
turboquant,46,2,2,1,8,Qwen3-8B-DeepSeek-v3.2-Speciale-Distill.q4_k_m,turboquant,long,2710,219334,1024,23,3,length,True,2297.556,99.89373913043478,10.010637390339996,219634.698,214.487009765625,4.662287012592154,222044,"0.1,0.1,0.1,0.1,0.1,0.1,0.1","32659.2,23813.2,23794.8,24165.6,23860.5,23803.5,24885.6","30622.3,17443.6,17392.8,17725.8,17510.1,17494.7,625574.9",N/A
turboquant,46,2,3,1,8,Qwen3-8B-DeepSeek-v3.2-Speciale-Distill.q4_k_m,turboquant,long,2737,219610,1024,23,3,length,True,2302.942,100.12791304347826,9.987225036496794,219919.581,214.7652158203125,4.656247503490833,222347,"0.1,0.1,0.1,0.1,0.1,0.1,0.1","32704.7,23898.8,24002.2,24044.8,23861.3,23810.2,24985.0","30652.5,17443.9,17566.5,17702.4,17523.6,17478.5,624983.5",N/A
turboquant,46,3,1,1,8,Qwen3-8B-DeepSeek-v3.2-Speciale-Distill.q4_k_m,turboquant,long,15707,239660,1024,148,3,length,True,15253.285,103.06273648648649,9.702827948209189,240005.286,234.380162109375,4.266572695403051,255368,"0.1,0.1,0.1,0.1,0.1,0.1,0.1","33432.3,24153.5,26887.9,27146.6,26871.8,26851.9,27858.0","32594.5,19908.1,20037.7,20172.3,20010.9,19990.5,625725.2",N/A
turboquant,46,3,2,1,8,Qwen3-8B-DeepSeek-v3.2-Speciale-Distill.q4_k_m,turboquant,long,2734,219485,1024,23,3,length,True,2302.449,100.10647826086957,9.989363499473821,219796.72,214.645234375,4.6588502321599705,222220,"0.1,0.1,0.1,0.1,0.1,0.1,0.1","32623.4,23693.5,23679.7,23972.7,23658.8,23774.2,24726.1","30607.1,17375.4,17401.2,17591.7,17382.2,17514.9,623136.1",N/A
turboquant,46,3,3,1,8,Qwen3-8B-DeepSeek-v3.2-Speciale-Distill.q4_k_m,turboquant,long,2725,219499,1024,23,3,length,True,2304.015,100.1745652173913,9.982573898173406,219809.519,214.6577333984375,4.658578958084158,222225,"0.1,0.1,0.1,0.1,0.1,0.1,0.1","32492.0,23652.4,23654.3,23838.3,23585.9,23675.4,24612.8","30528.1,17437.5,17449.8,17496.0,17380.6,17443.8,623613.4",N/A
turboquant,46,1,1,1,8,Qwen3-8B-DeepSeek-v3.2-Speciale-Distill.q4_k_m,turboquant,medium,2828,219738,1024,24,3,length,True,2406.923,100.28845833333332,9.97123713554609,220048.328,214.8909453125,4.653523202412154,222567,"0.1,0.1,0.1,0.1,0.1,0.1,0.1","32791.3,23838.5,23757.8,24154.7,23846.8,23841.3,24927.0","30634.8,17417.3,17384.8,17646.5,17524.0,17474.9,625643.9",N/A
turboquant,46,1,2,1,8,Qwen3-8B-DeepSeek-v3.2-Speciale-Distill.q4_k_m,turboquant,medium,1546,133842,710,11,5,stop,False,1133.168,103.01527272727272,9.70729847648363,134151.487,188.94575633802816,5.292524264006109,135389,"0.1,0.1,0.1,0.1,0.1,0.1,0.1","21762.2,15892.4,15935.2,15994.3,15915.4,15914.2,16687.3","19604.4,11890.9,11926.6,11914.6,11910.5,11911.6,428790.9",N/A
turboquant,46,1,3,1,8,Qwen3-8B-DeepSeek-v3.2-Speciale-Distill.q4_k_m,turboquant,medium,1633,218234,1024,12,3,length,True,1231.203,102.60025,9.746564945017191,218541.338,213.419275390625,4.685612385149761,219868,"0.1,0.1,0.1,0.1,0.1,0.1,0.1","32401.3,23484.1,23554.9,23816.6,23570.7,23554.7,24691.4","30327.3,17297.7,17401.5,17424.1,17381.7,17331.1,621266.0",N/A
turboquant,46,2,1,1,8,Qwen3-8B-DeepSeek-v3.2-Speciale-Distill.q4_k_m,turboquant,medium,2816,133099,702,24,3,stop,False,2399.837,99.99320833333333,10.000679212796536,133409.465,190.04197293447294,5.26199546636365,135915,"0.1,0.1,0.1,0.1,0.1,0.1,0.1","21903.3,16063.0,16018.2,16187.5,16031.5,16050.1,16735.9","19606.4,11994.3,11928.0,12010.9,11925.9,11908.6,428810.5",N/A
turboquant,46,2,2,1,8,Qwen3-8B-DeepSeek-v3.2-Speciale-Distill.q4_k_m,turboquant,medium,1520,187430,916,11,5,stop,False,1126.602,102.41836363636365,9.76387402117163,187729.463,204.94482860262008,4.879361957158531,188951,"0.1,0.1,0.1,0.1,0.1,0.1,0.1","28754.8,20936.1,20920.5,21112.2,20932.0,20856.1,21902.1","26545.8,15476.7,15472.0,15593.3,15537.5,15413.0,554107.8",N/A
turboquant,46,2,3,1,8,Qwen3-8B-DeepSeek-v3.2-Speciale-Distill.q4_k_m,turboquant,medium,1637,218458,1024,12,3,length,True,1225.292,102.10766666666666,9.793583896736452,218766.155,213.6388232421875,4.680797173584735,220096,"0.1,0.1,0.1,0.1,0.1,0.1,0.1","32515.2,23578.4,23662.9,23849.5,23674.5,23635.5,24784.8","30333.7,17318.0,17423.5,17401.2,17453.5,17342.2,620752.3",N/A
turboquant,46,3,1,1,8,Qwen3-8B-DeepSeek-v3.2-Speciale-Distill.q4_k_m,turboquant,medium,2822,219979,1024,24,3,length,True,2405.799,100.241625,9.975895741913602,220290.08,215.12703125,4.648416306353877,222801,"0.1,0.1,0.1,0.1,0.1,0.1,0.1","32733.6,23723.7,23806.1,24017.2,23833.8,23762.4,24969.8","30663.9,17419.8,17465.8,17555.9,17515.6,17459.4,625565.2",N/A
turboquant,46,3,2,1,8,Qwen3-8B-DeepSeek-v3.2-Speciale-Distill.q4_k_m,turboquant,medium,1532,217804,1024,11,5,length,True,1124.99,102.27181818181818,9.777864692130597,218105.74,212.99388671875,4.694970430397659,219336,"0.1,0.1,0.1,0.1,0.1,0.1,0.1","32281.1,23430.1,23414.9,23701.5,23458.8,23401.7,24540.7","30248.8,17255.2,17217.2,17384.7,17272.2,17177.0,618791.9",N/A
turboquant,46,3,3,1,8,Qwen3-8B-DeepSeek-v3.2-Speciale-Distill.q4_k_m,turboquant,medium,1633,205315,979,12,3,stop,False,1224.395,102.03291666666667,9.800758742072617,205618.734,210.02935035750767,4.761239313923603,206948,"0.1,0.1,0.1,0.1,0.1,0.1,0.1","30725.6,22328.3,22319.2,22614.9,22170.6,22333.3,23445.7","28650.2,16529.7,16532.5,16658.0,16321.4,16485.0,591365.7",N/A
turboquant,46,1,1,1,8,Qwen3-8B-DeepSeek-v3.2-Speciale-Distill.q4_k_m,turboquant,short,1637,38535,253,12,3,stop,False,1226.394,102.1995,9.78478368289473,38836.77,153.50501976284585,6.514444944829346,40172,"0.1,0.1,0.1,0.1,0.1,0.1,0.1","7360.8,5438.8,5477.8,5496.9,5468.3,5478.2,5698.9","6159.0,4142.2,4188.4,4185.6,4169.6,4188.9,149622.4",N/A
turboquant,46,1,2,1,8,Qwen3-8B-DeepSeek-v3.2-Speciale-Distill.q4_k_m,turboquant,short,1316,47097,302,9,6,stop,False,935.739,103.971,9.618066576256842,47397.742,156.9461655629139,6.37161154217009,48414,"0.1,0.1,0.1,0.1,0.1,0.1,0.1","8726.2,6457.0,6458.6,6484.5,6484.5,6477.5,6747.9","7449.7,4953.4,4940.6,4955.1,4967.7,4940.7,177748.7",N/A
turboquant,46,1,3,1,8,Qwen3-8B-DeepSeek-v3.2-Speciale-Distill.q4_k_m,turboquant,short,1327,24810,172,9,6,stop,False,940.146,104.46066666666667,9.57298121781085,25115.584,146.02083720930233,6.8483376695521,26138,"0.1,0.1,0.1,0.1,0.1,0.1,0.1","4737.2,3483.8,3507.8,3510.8,3508.6,3498.6,3670.1","4040.3,2737.0,2745.0,2755.6,2743.7,2753.8,98950.4",N/A
turboquant,46,2,1,1,8,Qwen3-8B-DeepSeek-v3.2-Speciale-Distill.q4_k_m,turboquant,short,1327,22011,155,9,6,stop,False,942.34,104.70444444444445,9.55069295583335,22317.425,143.98338709677418,6.945245699268621,23338,"0.1,0.1,0.1,0.1,0.1,0.1,0.1","4253.8,3132.6,3162.9,3156.1,3156.8,3150.5,3298.8","3620.6,2448.7,2474.7,2466.1,2457.4,2446.8,88554.2",N/A
turboquant,46,2,2,1,8,Qwen3-8B-DeepSeek-v3.2-Speciale-Distill.q4_k_m,turboquant,short,1363,65767,399,9,6,stop,False,939.252,104.36133333333333,9.582092984630323,66114.325,165.7000626566416,6.035000735468448,67131,"0.1,0.1,0.1,0.1,0.1,0.1,0.1","11864.0,8769.7,8773.4,8800.5,8783.3,8786.3,9122.3","10229.9,6644.3,6667.1,6597.6,6680.8,6664.1,237562.9",N/A
turboquant,46,2,3,1,8,Qwen3-8B-DeepSeek-v3.2-Speciale-Distill.q4_k_m,turboquant,short,1330,38132,251,9,6,stop,False,940.523,104.50255555555556,9.56914397627703,38433.467,153.1213824701195,6.530766532199658,39462,"0.1,0.1,0.1,0.1,0.1,0.1,0.1","7263.3,5408.8,5410.7,5451.9,5421.5,5426.6,5659.2","6057.8,4059.9,4069.5,4113.8,4105.6,4098.3,147215.5",N/A
turboquant,46,3,1,1,8,Qwen3-8B-DeepSeek-v3.2-Speciale-Distill.q4_k_m,turboquant,short,1346,19245,136,9,6,stop,False,943.99,104.88777777777779,9.533999300840051,19563.838,143.85175,6.951601214444732,20592,"0.1,0.1,0.1,0.1,0.1,0.1,0.1","3708.5,2744.5,2769.1,2769.6,2772.9,2773.4,2900.0","3136.2,2133.9,2143.1,2139.7,2156.9,2157.4,76944.0",N/A
turboquant,46,3,2,1,8,Qwen3-8B-DeepSeek-v3.2-Speciale-Distill.q4_k_m,turboquant,short,1327,68373,413,9,6,stop,False,937.986,104.22066666666666,9.595025938553455,68684.716,166.30681840193705,6.01298256805779,69700,"0.1,0.1,0.1,0.1,0.1,0.1,0.1","12157.9,8955.2,8970.8,9008.4,8999.3,9009.8,9412.9","10598.2,6804.2,6838.6,6865.5,6860.6,6891.7,246169.4",N/A
turboquant,46,3,3,1,8,Qwen3-8B-DeepSeek-v3.2-Speciale-Distill.q4_k_m,turboquant,short,1324,111497,615,9,6,stop,False,938.69,104.2988888888889,9.58782984797963,111795.649,181.7815430894309,5.501108544930938,112821,"0.1,0.1,0.1,0.1,0.1,0.1,0.1","18613.2,13672.5,13649.8,13761.7,13683.2,13729.8,14304.9","16594.3,10306.8,10246.6,10274.0,10267.7,10341.0,369561.9",N/A
vanilla,46,1,1,1,1,granite-4.1-8b-q4_k_m,vanilla,long,13506,86854,963,160,9,stop,False,13482.339,84.26461875,11.867377018186534,86858.84,90.19609553478712,11.086954419377465,100360,0.1,93.5,0.2,7946.8
vanilla,46,1,2,1,1,granite-4.1-8b-q4_k_m,vanilla,long,8923,90032,1004,34,9,stop,False,8876.316,261.06811764705884,3.8304179346476617,90034.469,89.67576593625498,11.151284737404294,98955,0.1,75.2,1.3,7946.8
vanilla,46,1,3,1,1,granite-4.1-8b-q4_k_m,vanilla,long,9181,87622,993,34,9,stop,False,9130.403,268.5412647058824,3.7238224862582734,87623.075,88.24076032225578,11.332631273211994,96804,0.1,75.1,0.2,7946.8
vanilla,46,2,1,1,1,granite-4.1-8b-q4_k_m,vanilla,long,13594,76952,863,160,9,stop,False,13550.328,84.68955,11.807832253211878,76953.648,89.16992815758981,11.21454307143438,90547,0.2,15.6,0.8,7946.8
vanilla,46,2,2,1,1,granite-4.1-8b-q4_k_m,vanilla,long,8900,85086,966,34,9,stop,False,8858.75,260.5514705882353,3.838013263722308,85087.304,88.08209523809523,11.353045102945087,93987,0.2,35.3,0.8,7946.8
vanilla,46,2,3,1,1,granite-4.1-8b-q4_k_m,vanilla,long,9320,71966,829,34,9,stop,False,9279.855,272.9369117647059,3.6638503511100122,71967.26,86.81213510253316,11.51912689186722,81287,0.2,45.6,0.2,7946.8
vanilla,46,3,1,1,1,granite-4.1-8b-q4_k_m,vanilla,long,13692,75298,852,160,9,stop,False,13651.514,85.3219625,11.720311754432513,75299.978,88.38025586854461,11.314744341625174,88990,0.3,39.8,0.6,7946.8
vanilla,46,3,2,1,1,granite-4.1-8b-q4_k_m,vanilla,long,9422,78996,901,34,9,stop,False,9355.568,275.16376470588233,3.634199441444924,78997.156,87.6771986681465,11.405473888199216,88419,0.3,1.9,0.8,7946.8
vanilla,46,3,3,1,1,granite-4.1-8b-q4_k_m,vanilla,long,9307,81679,932,34,9,stop,False,9268.331,272.5979705882353,3.668405886669347,81679.854,87.63932832618026,11.410402374127651,90987,0.3,19.0,0.2,7946.8
vanilla,46,1,1,1,1,granite-4.1-8b-q4_k_m,vanilla,medium,9267,59131,686,35,9,stop,False,9247.923,264.22637142857144,3.7846335874552586,59132.017,86.19827551020408,11.60116016336801,68398,0.1,72.8,0.6,7708.6
vanilla,46,1,2,1,1,granite-4.1-8b-q4_k_m,vanilla,medium,1306,67559,774,22,11,stop,False,1270.898,57.76809090909091,17.31059455597538,67560.401,87.28733979328165,11.456415126961724,68865,0.1,53.6,0.7,7708.6
vanilla,46,1,3,1,1,granite-4.1-8b-q4_k_m,vanilla,medium,1362,83252,940,23,9,stop,False,1325.979,57.65126086956522,17.34567440359161,83253.356,88.5674,11.290836131578889,84615,0.1,62.6,0.2,7708.6
vanilla,46,2,1,1,1,granite-4.1-8b-q4_k_m,vanilla,medium,9459,64288,739,35,9,stop,False,9417.745,269.0784285714286,3.7163885834666366,64288.974,86.99455209742896,11.494972683807335,73747,0.2,58.8,0.6,7708.6
vanilla,46,2,2,1,1,granite-4.1-8b-q4_k_m,vanilla,medium,1304,71537,818,22,11,stop,False,1267.995,57.63613636363636,17.350226144424862,71538.606,87.45550855745721,11.434385512068827,72842,0.2,14.2,0.0,7708.6
vanilla,46,2,3,1,1,granite-4.1-8b-q4_k_m,vanilla,medium,1361,78488,896,23,9,stop,False,1323.691,57.55178260869565,17.375656403193798,78488.963,87.5992890625,11.415617760168395,79849,0.2,14.0,0.2,7708.6
vanilla,46,3,1,1,1,granite-4.1-8b-q4_k_m,vanilla,medium,9250,60986,697,35,9,stop,False,9210.601,263.1600285714286,3.7999691876784154,60987.454,87.49993400286944,11.42858004861131,70237,0.2,28.7,0.7,7708.6
vanilla,46,3,2,1,1,granite-4.1-8b-q4_k_m,vanilla,medium,1305,80110,907,22,11,stop,False,1269.559,57.70722727272727,17.328851987186102,80111.122,88.32538257993384,11.3217737731847,81415,0.3,70.9,0.5,7708.6
vanilla,46,3,3,1,1,granite-4.1-8b-q4_k_m,vanilla,medium,1392,75897,871,23,9,stop,False,1327.558,57.71991304347826,17.325043425597975,75898.077,87.13900918484501,11.475916576911427,77290,0.3,10.1,0.2,7708.6
vanilla,46,1,1,1,1,granite-4.1-8b-q4_k_m,vanilla,short,1345,1048,14,23,9,stop,False,1327.564,57.72017391304348,17.324965124091946,1049.26,74.94714285714285,13.342736785925318,2394,5.4,2.9,0.0,6552.9
vanilla,46,1,2,1,1,granite-4.1-8b-q4_k_m,vanilla,short,1173,8228,102,20,12,stop,False,1155.266,57.7633,17.312030302977842,8229.265,80.67906862745097,12.394788598981807,9401,5.4,6.7,0.0,6552.9
vanilla,46,1,3,1,1,granite-4.1-8b-q4_k_m,vanilla,short,1177,1208,16,20,12,stop,False,1157.05,57.8525,17.285337712285553,1209.2,75.575,13.231888852133642,2385,5.4,3.2,0.0,6552.9
vanilla,46,2,1,1,1,granite-4.1-8b-q4_k_m,vanilla,short,100,1048,14,1,31,stop,False,80.749,80.749,12.384054291694016,1048.915,74.9225,13.347125362874971,1149,5.4,2.3,0.0,6552.9
vanilla,46,2,2,1,1,granite-4.1-8b-q4_k_m,vanilla,short,1181,17449,213,20,12,stop,False,1163.66,58.18300000000001,17.187150885997625,17450.699,81.92816431924882,12.205814792863025,18631,5.4,18.1,0.1,6552.9
vanilla,46,2,3,1,1,granite-4.1-8b-q4_k_m,vanilla,short,105,1860,24,1,31,stop,False,80.605,80.605,12.406178276781837,1861.185,77.549375,12.89501043689907,1966,5.4,2.6,0.0,6552.9
vanilla,46,3,1,1,1,granite-4.1-8b-q4_k_m,vanilla,short,101,567,8,1,31,stop,False,81.881,81.881,12.212845470866258,568.065,71.008125,14.082895443303142,668,5.4,0.6,0.0,6552.9
vanilla,46,3,2,1,1,granite-4.1-8b-q4_k_m,vanilla,short,1195,15144,184,20,12,stop,False,1177.066,58.853300000000004,16.991400652129958,15145.458,82.31227173913044,12.148856772769765,16339,5.4,18.1,0.0,6552.9
vanilla,46,3,3,1,1,granite-4.1-8b-q4_k_m,vanilla,short,105,1853,24,1,31,stop,False,80.823,80.823,12.37271568736622,1854.165,77.256875,12.943831859624144,1958,5.4,2.4,0.0,6552.9
turboquant,46,1,1,1,1,granite-4.1-8b-q4_k_m,turboquant,long,13519,107098,772,160,9,stop,False,13499.637,84.37273125,11.852170543548688,107098.745,138.72894430051812,7.208301087001534,120617,0.1,99.9,0.2,5955.1
turboquant,46,1,2,1,1,granite-4.1-8b-q4_k_m,turboquant,long,10405,104981,815,34,9,stop,False,10382.346,305.3631176470588,3.2747897247885978,104982.598,128.81300368098158,7.7631913814897215,115387,0.1,91.4,0.6,5955.1
turboquant,46,1,3,1,1,granite-4.1-8b-q4_k_m,turboquant,long,10219,111832,858,34,9,stop,False,10196.774,299.90511764705883,3.334387915236721,111833.097,130.3416048951049,7.672147360812158,122051,0.2,36.4,0.2,5955.1
turboquant,46,2,1,1,1,granite-4.1-8b-q4_k_m,turboquant,long,13334,100788,725,160,9,stop,False,13309.763,83.18601875,12.02125086675097,100788.938,139.01922482758619,7.193249719527752,114122,0.2,40.9,1.2,5955.1
turboquant,46,2,2,1,1,granite-4.1-8b-q4_k_m,turboquant,long,9753,141603,1024,34,9,length,True,9730.734,286.19805882352944,3.4940837967618883,141604.284,138.28543359375,7.231419636993468,151357,0.2,82.3,0.2,5955.1
turboquant,46,2,3,1,1,granite-4.1-8b-q4_k_m,turboquant,long,10570,121455,913,34,9,stop,False,10520.628,309.43023529411767,3.231746241764275,121455.848,133.02940635268345,7.517134950965884,132025,0.3,1.5,0.6,5955.1
turboquant,46,3,1,1,1,granite-4.1-8b-q4_k_m,turboquant,long,13096,102849,739,160,9,stop,False,13071.974,81.6998375,12.239926425802254,102849.788,139.17427334235452,7.185236006514666,115945,0.3,78.6,0.9,5955.1
turboquant,46,3,2,1,1,granite-4.1-8b-q4_k_m,turboquant,long,10378,114214,872,34,9,stop,False,10355.768,304.5814117647059,3.2831944477705566,114215.484,130.9810596330275,7.634691632528564,124593,0.3,14.4,0.7,5955.1
turboquant,46,3,3,1,1,granite-4.1-8b-q4_k_m,turboquant,long,10286,98354,773,34,9,stop,False,10263.422,301.86535294117647,3.3127352650996906,98355.298,127.23841914618369,7.859261429923175,108641,0.4,24.1,0.1,5955.1
turboquant,46,1,1,1,1,granite-4.1-8b-q4_k_m,turboquant,medium,10810,84507,683,35,9,stop,False,10792.401,308.3543142857143,3.2430225674527846,84508.175,123.73085651537336,8.082058333409757,95317,0.1,84.5,0.6,5894.3
turboquant,46,1,2,1,1,granite-4.1-8b-q4_k_m,turboquant,medium,1348,116954,886,22,11,stop,False,1326.794,60.30881818181819,16.58132309913973,116954.979,132.00336230248308,7.575564611062861,118302,0.1,91.7,0.7,5894.3
turboquant,46,1,3,1,1,granite-4.1-8b-q4_k_m,turboquant,medium,1388,119231,899,23,9,stop,False,1365.139,59.35386956521739,16.848101182370442,119232.111,132.62748720800892,7.539915149200034,120619,0.2,54.0,0.6,5894.3
turboquant,46,2,1,1,1,granite-4.1-8b-q4_k_m,turboquant,medium,10473,82149,668,35,9,stop,False,10450.05,298.5728571428571,3.349266271453247,82150.294,122.97948203592813,8.131437728025661,92623,0.2,19.9,0.6,5894.3
turboquant,46,2,2,1,1,granite-4.1-8b-q4_k_m,turboquant,medium,1336,100232,786,22,11,stop,False,1314.065,59.73022727272728,16.741941989171007,100233.491,127.52352544529262,7.841690358764418,101569,0.2,56.8,0.2,5894.3
turboquant,46,2,3,1,1,granite-4.1-8b-q4_k_m,turboquant,medium,1386,127477,943,23,9,stop,False,1363.93,59.30130434782609,16.863035493023837,127478.121,135.18358536585365,7.397347816257819,128863,0.3,45.0,1.1,5894.3
turboquant,46,3,1,1,1,granite-4.1-8b-q4_k_m,turboquant,medium,10331,78666,642,35,9,stop,False,10282.412,293.7832,3.403870609347301,78666.933,122.53416355140187,8.16098931936243,88997,0.3,0.4,0.2,5894.3
turboquant,46,3,2,1,1,granite-4.1-8b-q4_k_m,turboquant,medium,1332,73576,611,22,11,stop,False,1311.56,59.61636363636364,16.773918082283693,73577.484,120.4214140752864,8.304170879232567,74909,0.3,36.5,0.6,5894.3
turboquant,46,3,3,1,1,granite-4.1-8b-q4_k_m,turboquant,medium,1386,108725,838,23,9,stop,False,1364.454,59.32408695652174,16.856559473606293,108726.32,129.74501193317423,7.707425396169024,110111,0.3,52.7,0.5,5894.3
turboquant,46,1,1,1,1,granite-4.1-8b-q4_k_m,turboquant,short,1376,1140,14,23,9,stop,False,1358.804,59.0784347826087,16.926650201206353,1141.656,81.54685714285714,12.262888295598675,2517,36.7,2.1,0.0,5481.8
turboquant,46,1,2,1,1,granite-4.1-8b-q4_k_m,turboquant,short,1224,15213,159,20,12,stop,False,1206.681,60.334050000000005,16.574388757260618,15214.511,95.68874842767296,10.450549478718047,16437,36.8,18.8,0.0,5481.8
turboquant,46,1,3,1,1,granite-4.1-8b-q4_k_m,turboquant,short,1208,1317,16,20,12,stop,False,1190.292,59.514599999999994,16.80259969822531,1318.599,82.4124375,12.134090803951771,2526,36.8,1.6,0.0,5481.8
turboquant,46,2,1,1,1,granite-4.1-8b-q4_k_m,turboquant,short,105,1138,14,1,31,stop,False,87.028,87.028,11.490554763984004,1139.26,81.37571428571428,12.288678615943683,1243,36.8,1.5,0.0,5481.8
turboquant,46,2,2,1,1,granite-4.1-8b-q4_k_m,turboquant,short,1205,11522,125,20,12,stop,False,1187.87,59.393499999999996,16.836859252275083,11523.78,92.19024,10.84713522819769,12728,36.8,15.9,0.0,5481.8
turboquant,46,2,3,1,1,granite-4.1-8b-q4_k_m,turboquant,short,106,1936,23,1,31,stop,False,87.159,87.159,11.473284457141546,1937.241,84.22786956521739,11.872554834426898,2042,36.8,1.5,0.0,5481.8
turboquant,46,3,1,1,1,granite-4.1-8b-q4_k_m,turboquant,short,105,1140,14,1,31,stop,False,87.425,87.425,11.43837575064341,1141.134,81.50957142857143,12.268497827599564,1245,36.8,1.5,0.0,5481.8
turboquant,46,3,2,1,1,granite-4.1-8b-q4_k_m,turboquant,short,1205,12876,138,20,12,stop,False,1187.642,59.3821,16.840091542737625,12877.236,93.31330434782609,10.716585453586468,14081,36.8,10.5,0.0,5481.8
turboquant,46,3,3,1,1,granite-4.1-8b-q4_k_m,turboquant,short,107,1756,21,1,31,stop,False,87.153,87.153,11.474074329053503,1757.724,83.70114285714286,11.94726817179489,1863,36.8,1.2,0.0,5481.8
vanilla,46,1,1,1,2,granite-4.1-8b-q4_k_m,vanilla,long,19808,111205,738,160,9,stop,False,19766.042,123.53776250000001,8.094690884497766,111206.743,150.6866436314363,6.636288232989612,131014,9.5,22121.8,298274.6,N/A
vanilla,46,1,2,1,2,granite-4.1-8b-q4_k_m,vanilla,long,3885,132180,890,34,9,stop,False,3721.188,109.44670588235294,9.136867043535558,132181.271,148.5182820224719,6.733177803987071,136066,9.5,25374.0,359505.8,N/A
vanilla,46,1,3,1,2,granite-4.1-8b-q4_k_m,vanilla,long,3899,144029,964,34,9,stop,False,3734.607,109.84138235294118,9.104036917405232,144029.93,149.40864107883817,6.69305331190538,147928,9.5,27305.1,389329.0,N/A
vanilla,46,2,1,1,2,granite-4.1-8b-q4_k_m,vanilla,long,19927,129755,856,160,9,stop,False,19749.883,123.43676875000001,8.101313815378045,129756.598,151.58481074766354,6.59696703823878,149683,9.5,25076.7,345769.9,N/A
vanilla,46,2,2,1,2,granite-4.1-8b-q4_k_m,vanilla,long,3894,153484,1024,34,9,length,True,3712.604,109.19423529411765,9.157992611116079,153485.391,149.8880771484375,6.671644730018637,157379,9.5,30009.5,413455.2,N/A
vanilla,46,2,3,1,2,granite-4.1-8b-q4_k_m,vanilla,long,3893,124710,843,34,9,stop,False,3707.879,109.05526470588235,9.169662764076175,124710.964,147.9370865954923,6.759630211823236,128603,9.5,24461.2,340668.5,N/A
vanilla,46,3,1,1,2,granite-4.1-8b-q4_k_m,vanilla,long,19914,137139,902,160,9,stop,False,19750.084,123.438025,8.101231366914693,137140.183,152.04011419068735,6.577211582107923,157053,9.6,26958.2,364293.1,N/A
vanilla,46,3,2,1,2,granite-4.1-8b-q4_k_m,vanilla,long,3929,151584,1012,34,9,stop,False,3739.101,109.97355882352942,9.093094837502383,151585.353,149.78789822134388,6.676106760789744,155514,9.6,29307.2,408633.2,N/A
vanilla,46,3,3,1,2,granite-4.1-8b-q4_k_m,vanilla,long,3906,111217,757,34,9,stop,False,3721.471,109.45502941176471,9.13617222866979,111217.989,146.91940422721268,6.8064528661815675,115123,9.6,21968.7,305721.7,N/A
vanilla,46,1,1,1,2,granite-4.1-8b-q4_k_m,vanilla,medium,3855,96675,664,35,9,stop,False,3812.222,108.92062857142858,9.18099732911672,96676.708,145.5974518072289,6.868252071636531,100531,28.2,18742.2,268272.8,N/A
vanilla,46,1,2,1,2,granite-4.1-8b-q4_k_m,vanilla,medium,2607,107384,734,22,11,stop,False,2472.197,112.37259090909092,8.89896719395744,107385.32,146.3015258855586,6.835198703137449,109992,28.2,20486.4,296376.8,N/A
vanilla,46,1,3,1,2,granite-4.1-8b-q4_k_m,vanilla,medium,2709,142727,958,23,9,stop,False,2566.958,111.6068695652174,8.960021940366769,142728.172,148.98556576200417,6.712059620577219,145436,28.2,27376.9,387012.1,N/A
vanilla,46,2,1,1,2,granite-4.1-8b-q4_k_m,vanilla,medium,4005,105098,718,35,9,stop,False,3828.889,109.39682857142857,9.141032816568984,105099.407,146.378004178273,6.831627508611918,109103,28.3,19822.7,289876.9,N/A
vanilla,46,2,2,1,2,granite-4.1-8b-q4_k_m,vanilla,medium,2612,106997,732,22,11,stop,False,2466.021,112.09186363636364,8.921254117462908,106998.031,146.17217349726775,6.841247387066402,109609,28.3,20086.8,295705.3,N/A
vanilla,46,2,3,1,2,granite-4.1-8b-q4_k_m,vanilla,medium,2709,109132,742,23,9,stop,False,2567.218,111.61817391304348,8.959114496704215,109133.3,147.0799191374663,6.799024678993488,111842,28.3,21302.5,299695.0,N/A
vanilla,46,3,1,1,2,granite-4.1-8b-q4_k_m,vanilla,medium,3993,117594,794,35,9,stop,False,3848.878,109.96794285714286,9.093559213879994,117594.912,148.10442317380353,6.751992807307853,121587,28.3,22962.8,320643.4,N/A
vanilla,46,3,2,1,2,granite-4.1-8b-q4_k_m,vanilla,medium,2623,99913,682,22,11,stop,False,2466.55,112.1159090909091,8.919340779631469,99914.729,146.50253519061584,6.8258204453519555,102537,28.3,18944.7,275453.9,N/A
vanilla,46,3,3,1,2,granite-4.1-8b-q4_k_m,vanilla,medium,2706,139227,933,23,9,stop,False,2568.511,111.67439130434782,8.954604438135558,139227.99,149.22614147909968,6.701238737986522,141933,28.3,26321.8,376774.0,N/A
vanilla,46,1,1,1,2,granite-4.1-8b-q4_k_m,vanilla,short,2604,1809,14,23,9,stop,False,2563.432,111.4535652173913,8.972346448043092,1810.795,129.3425,7.731410789183756,4414,28.4,1293.6,5684.4,N/A
vanilla,46,1,2,1,2,granite-4.1-8b-q4_k_m,vanilla,short,2289,17652,128,20,12,stop,False,2247.327,112.36635000000001,8.899461449090408,17653.232,137.915875,7.250796907897659,19941,28.4,3903.9,51747.6,N/A
vanilla,46,1,3,1,2,granite-4.1-8b-q4_k_m,vanilla,short,2310,3192,24,20,12,stop,False,2246.498,112.3249,8.9027455176902,3193.733,133.07220833333335,7.51471710377793,5503,28.4,1059.5,9276.9,N/A
vanilla,46,2,1,1,2,granite-4.1-8b-q4_k_m,vanilla,short,195,1770,14,1,31,stop,False,137.989,137.989,7.246954467385081,1771.752,126.55371428571428,7.901783093796424,1965,0.0,1.7,0.0,N/A
vanilla,46,2,2,1,2,granite-4.1-8b-q4_k_m,vanilla,short,2289,18917,137,20,12,stop,False,2247.66,112.383,8.898142957564756,18918.669,138.09247445255477,7.241524231963675,21207,28.4,3076.7,54944.8,N/A
vanilla,46,2,3,1,2,granite-4.1-8b-q4_k_m,vanilla,short,208,3148,24,1,31,stop,False,136.46,136.46,7.328154770628755,3149.142,131.21425,7.621123467916023,3356,28.4,89.0,2016.6,N/A
vanilla,46,3,1,1,2,granite-4.1-8b-q4_k_m,vanilla,short,196,1780,14,1,31,stop,False,138.149,138.149,7.238561263563254,1781.483,127.24878571428572,7.858621160011069,1977,0.0,1.9,0.0,N/A
vanilla,46,3,2,1,2,granite-4.1-8b-q4_k_m,vanilla,short,2292,30062,215,20,12,stop,False,2247.493,112.37465,8.898804134206426,30063.247,139.8290558139535,7.151589447407328,32354,28.4,4739.3,86002.6,N/A
vanilla,46,3,3,1,2,granite-4.1-8b-q4_k_m,vanilla,short,232,3168,24,1,31,stop,False,143.673,143.673,6.960250012180437,3169.105,132.04604166666667,7.573116069047886,3400,28.4,95.5,2016.5,N/A
turboquant,46,1,1,1,2,granite-4.1-8b-q4_k_m,turboquant,long,19174,177886,751,160,9,stop,False,19135.51,119.5969375,8.36141811741626,177887.484,236.86748868175766,4.221769756437727,197061,0.1,22590.2,303596.2,N/A
turboquant,46,1,2,1,2,granite-4.1-8b-q4_k_m,turboquant,long,3902,171528,786,34,9,stop,False,3836.274,112.83158823529412,8.862766319611165,171529.105,218.2304134860051,4.582312721797271,175430,0.1,23063.7,317664.2,N/A
turboquant,46,1,3,1,2,granite-4.1-8b-q4_k_m,turboquant,long,3894,179952,816,34,9,stop,False,3830.8,112.67058823529412,8.875430719431973,179952.846,220.53044852941176,4.534521226744033,183846,0.2,23939.9,329861.1,N/A
turboquant,46,2,1,1,2,granite-4.1-8b-q4_k_m,turboquant,long,19185,211416,859,160,9,stop,False,19118.699,119.49186875000001,8.368770280864823,211417.233,246.12017811408614,4.0630557301826,230601,0.2,26441.3,347358.2,N/A
turboquant,46,2,2,1,2,granite-4.1-8b-q4_k_m,turboquant,long,3922,244246,1024,34,9,length,True,3855.395,113.39397058823529,8.818811042707686,244246.878,238.522341796875,4.192479381456004,248169,0.2,30259.9,413987.6,N/A
turboquant,46,2,3,1,2,granite-4.1-8b-q4_k_m,turboquant,long,3927,244987,1024,34,9,length,True,3855.513,113.39744117647058,8.818541138364727,244987.763,239.2458623046875,4.179800604979604,248915,0.3,30200.9,413873.4,N/A
turboquant,46,3,1,1,2,granite-4.1-8b-q4_k_m,turboquant,long,19205,183908,772,160,9,stop,False,19132.8,119.58,8.362602441879915,183909.066,238.22417875647668,4.197726717833476,203113,0.3,22969.1,311962.7,N/A
turboquant,46,3,2,1,2,granite-4.1-8b-q4_k_m,turboquant,long,3912,244529,1024,34,9,length,True,3844.62,113.07705882352941,8.843526798487236,244530.116,238.79894140625,4.187623253734522,248442,0.4,29874.2,413862.2,N/A
turboquant,46,3,3,1,2,granite-4.1-8b-q4_k_m,turboquant,long,3911,164732,762,34,9,stop,False,3838.792,112.90564705882353,8.856952916438297,164733.527,216.1857309711286,4.625652190400804,168644,0.4,22319.9,307902.4,N/A
turboquant,46,1,1,1,2,granite-4.1-8b-q4_k_m,turboquant,medium,3984,123442,610,35,9,stop,False,3949.388,112.83965714285713,8.862132563323735,123443.582,202.36652786885244,4.941528673398346,127427,0.1,17576.6,246484.9,N/A
turboquant,46,1,2,1,2,granite-4.1-8b-q4_k_m,turboquant,medium,2594,194543,871,22,11,stop,False,2538.479,115.38540909090908,8.666607050915136,194544.032,223.3570975889782,4.477135541222873,197137,0.1,25181.2,352043.6,N/A
turboquant,46,1,3,1,2,granite-4.1-8b-q4_k_m,turboquant,medium,2711,203372,900,23,9,stop,False,2630.595,114.37369565217391,8.743269108319602,203373.56,225.97062222222223,4.425354013569906,206084,0.2,25838.8,363897.0,N/A
turboquant,46,2,1,1,2,granite-4.1-8b-q4_k_m,turboquant,medium,4062,111815,564,35,9,stop,False,3982.553,113.78722857142857,8.788332509322538,111816.769,198.25668262411347,5.043966169331901,115878,0.2,16464.4,228000.2,N/A
turboquant,46,2,2,1,2,granite-4.1-8b-q4_k_m,turboquant,medium,2592,180172,823,22,11,stop,False,2537.835,115.35613636363637,8.66880628567263,180173.027,218.92226852976913,4.567831343589515,182764,0.2,23445.2,332499.1,N/A
turboquant,46,2,3,1,2,granite-4.1-8b-q4_k_m,turboquant,medium,2702,198387,884,23,9,stop,False,2633.433,114.49708695652174,8.73384665567721,198388.992,224.4219366515837,4.455892391448816,201090,0.2,25286.0,357238.4,N/A
turboquant,46,3,1,1,2,granite-4.1-8b-q4_k_m,turboquant,medium,4025,161121,748,35,9,stop,False,3946.125,112.74642857142857,8.869460546738889,161122.157,215.40395320855615,4.642440331778825,165146,0.3,21767.7,302256.1,N/A
turboquant,46,3,2,1,2,granite-4.1-8b-q4_k_m,turboquant,medium,2605,214236,935,22,11,stop,False,2532.246,115.10209090909092,8.687939481393197,214237.344,229.13084919786098,4.364318482215687,216842,0.3,25661.7,376025.8,N/A
turboquant,46,3,3,1,2,granite-4.1-8b-q4_k_m,turboquant,medium,2695,181280,825,23,9,stop,False,2628.459,114.28082608695651,8.750374268725515,181281.714,219.73541090909092,4.550927844823885,183976,0.3,22901.9,333022.0,N/A
turboquant,46,1,1,1,2,granite-4.1-8b-q4_k_m,turboquant,short,2679,1958,14,23,9,stop,False,2639.929,114.77952173913044,8.712355521682591,1959.232,139.94514285714286,7.14565707379218,4637,0.1,1317.0,5683.2,N/A
turboquant,46,1,2,1,2,granite-4.1-8b-q4_k_m,turboquant,short,2343,21310,136,20,12,stop,False,2306.499,115.32494999999999,8.671150518599834,21311.562,156.7026617647059,6.381512532962154,23654,0.1,3096.5,54550.7,N/A
turboquant,46,1,3,1,2,granite-4.1-8b-q4_k_m,turboquant,short,2342,3287,23,20,12,stop,False,2298.518,114.9259,8.701258811112204,3288.762,142.98965217391304,6.993513060537673,5630,0.1,462.9,8488.8,N/A
turboquant,46,2,1,1,2,granite-4.1-8b-q4_k_m,turboquant,short,187,1919,14,1,31,stop,False,146.112,146.112,6.844064826982041,1920.195,137.15678571428572,7.29092618197631,2106,0.0,1.5,0.0,N/A
turboquant,46,2,2,1,2,granite-4.1-8b-q4_k_m,turboquant,short,2339,53160,307,20,12,stop,False,2299.405,114.97025000000001,8.697902283416797,53161.284,173.16379153094462,5.7748793275948715,55499,0.1,8140.7,123601.4,N/A
turboquant,46,2,3,1,2,granite-4.1-8b-q4_k_m,turboquant,short,238,3238,23,1,31,stop,False,179.744,179.744,5.563468043439559,3239.13,140.83173913043478,7.100672094049945,3476,0.1,119.6,2421.2,N/A
turboquant,46,3,1,1,2,granite-4.1-8b-q4_k_m,turboquant,short,186,1906,14,1,31,stop,False,146.779,146.779,6.812963707342331,1907.345,136.23892857142857,7.340045980145176,2093,0.0,2.1,0.0,N/A
turboquant,46,3,2,1,2,granite-4.1-8b-q4_k_m,turboquant,short,2346,37911,229,20,12,stop,False,2311.138,115.5569,8.653745470845966,37912.289,165.55584716157205,6.040257817194842,40258,0.1,7110.3,92498.3,N/A
turboquant,46,3,3,1,2,granite-4.1-8b-q4_k_m,turboquant,short,242,2941,21,1,31,stop,False,191.576,191.576,5.219860525326763,2942.176,140.10361904761905,7.137574366727211,3183,0.1,48.2,1210.2,N/A
vanilla,46,1,1,1,4,granite-4.1-8b-q4_k_m,vanilla,long,19821,116467,768,160,9,stop,False,19771.618,123.57261249999999,8.092408016379844,116468.769,151.65204296875,6.594042390883345,136289,"0.1,0.1,0.1","20437.3,21317.2,21821.4","18180.3,15706.9,310079.8",N/A
vanilla,46,1,2,1,4,granite-4.1-8b-q4_k_m,vanilla,long,3892,154166,1021,34,9,stop,False,3722.046,109.47194117647058,9.13476082778128,154166.834,150.99591968658177,6.622695514393193,158058,"0.1,0.1,0.1","26819.2,24159.1,25607.3","20460.1,18226.1,412071.4",N/A
vanilla,46,1,3,1,4,granite-4.1-8b-q4_k_m,vanilla,long,3957,152700,1015,34,9,stop,False,3729.071,109.67855882352941,9.11755233407999,152701.73,150.44505418719214,6.646944995318651,156658,"0.1,0.1,0.1","26762.4,24091.5,25562.1","20368.3,18226.4,409782.1",N/A
vanilla,46,2,1,1,4,granite-4.1-8b-q4_k_m,vanilla,long,19949,138375,903,160,9,stop,False,19756.436,123.477725,8.098626695624656,138376.05,153.24036544850497,6.525695739978126,158324,"0.1,0.1,0.1","24147.1,24602.1,25191.6","21095.9,18174.8,364632.0",N/A
vanilla,46,2,2,1,4,granite-4.1-8b-q4_k_m,vanilla,long,3920,142800,952,34,9,stop,False,3728.925,109.67426470588236,9.117909317028365,142801.214,150.00127521008403,6.666609991144753,146720,"0.1,0.1,0.1","24235.8,21981.2,23382.4","18790.1,16995.7,384400.4",N/A
vanilla,46,2,3,1,4,granite-4.1-8b-q4_k_m,vanilla,long,3893,112841,764,34,9,stop,False,3717.016,109.324,9.147122315319601,112842.165,147.69916884816752,6.770518803853152,116734,"0.1,0.1,0.1","19918.5,17991.6,19302.6","14995.1,13605.3,308408.3",N/A
vanilla,46,3,1,1,4,granite-4.1-8b-q4_k_m,vanilla,long,19930,144875,943,160,9,stop,False,19766.035,123.53771875,8.09469375117468,144876.668,153.6337942735949,6.508984593709734,164806,"0.1,0.1,0.1","25303.0,25573.8,26311.2","22034.4,18805.6,380843.8",N/A
vanilla,46,3,2,1,4,granite-4.1-8b-q4_k_m,vanilla,long,3916,145153,966,34,9,stop,False,3723.45,109.51323529411764,9.131316386684393,145153.942,150.26287991718428,6.655003554777727,149069,"0.1,0.1,0.1","25047.9,22570.4,24053.6","19205.4,17218.2,389976.6",N/A
vanilla,46,3,3,1,4,granite-4.1-8b-q4_k_m,vanilla,long,3899,126221,848,34,9,stop,False,3719.592,109.39976470588236,9.140787484218698,126222.345,148.8471049528302,6.7183033241855865,130120,"0.2,0.1,0.1","21960.2,19964.4,21337.4","16615.9,15213.8,342447.6",N/A
vanilla,46,1,1,1,4,granite-4.1-8b-q4_k_m,vanilla,medium,3887,110159,747,35,9,stop,False,3839.437,109.6982,9.115919860125327,110160.494,147.47054082998662,6.781015342941362,114047,"0.1,0.1,0.1","19440.6,17682.6,18916.1","14584.5,13480.1,301732.1",N/A
vanilla,46,1,2,1,4,granite-4.1-8b-q4_k_m,vanilla,medium,2612,105682,719,22,11,stop,False,2462.485,111.93113636363637,8.93406457298217,105683.876,146.98731015299026,6.803308387364597,108295,"0.1,0.1,0.1","17805.4,16191.5,16993.0","13784.3,12308.7,289924.5",N/A
vanilla,46,1,3,1,4,granite-4.1-8b-q4_k_m,vanilla,medium,2714,141835,948,23,9,stop,False,2570.629,111.76647826086956,8.947226534828635,141836.689,149.61676054852322,6.6837431604174,144550,"0.1,0.1,0.1","24649.9,22157.2,22819.5","18922.7,16434.5,382760.9",N/A
vanilla,46,2,1,1,4,granite-4.1-8b-q4_k_m,vanilla,medium,4000,90810,621,35,9,stop,False,3822.33,109.20942857142857,9.156718546017744,90811.504,146.23430595813204,6.8383406578091686,94810,"0.1,0.1,0.1","15919.7,14527.1,15707.1","11978.2,11385.7,250724.8",N/A
vanilla,46,2,2,1,4,granite-4.1-8b-q4_k_m,vanilla,medium,2598,98585,672,22,11,stop,False,2465.44,112.06545454545454,8.923356479979233,98586.29,146.70578869047617,6.816363614048161,101183,"0.1,0.1,0.1","16954.9,15538.6,16004.6","12833.2,11543.6,271308.6",N/A
vanilla,46,2,3,1,4,granite-4.1-8b-q4_k_m,vanilla,medium,2717,119755,807,23,9,stop,False,2573.058,111.87208695652174,8.938780237367366,119756.768,148.39748203221808,6.738658812168345,122472,"0.1,0.1,0.1","21008.1,19063.2,19637.1","15718.9,14058.4,325823.4",N/A
vanilla,46,3,1,1,4,granite-4.1-8b-q4_k_m,vanilla,medium,3982,90781,619,35,9,stop,False,3824.388,109.26822857142857,9.151791083959056,90782.363,146.6597140549273,6.8185050437605375,94763,"0.1,0.1,0.1","15891.2,14550.7,15760.4","11825.7,11355.3,249896.5",N/A
vanilla,46,3,2,1,4,granite-4.1-8b-q4_k_m,vanilla,medium,2600,107028,725,22,11,stop,False,2465.376,112.06254545454546,8.923588126111392,107029.41,147.6267724137931,6.773839078436478,109628,"0.1,0.1,0.1","18601.9,16814.0,17403.2","14124.0,12496.6,292710.0",N/A
vanilla,46,3,3,1,4,granite-4.1-8b-q4_k_m,vanilla,medium,2712,131022,879,23,9,stop,False,2568.27,111.66391304347826,8.955444715703566,131023.213,149.0594004550626,6.708734886542585,133735,"0.1,0.1,0.1","22722.9,20567.8,21188.7","17325.6,15258.7,354939.0",N/A
vanilla,46,1,1,1,4,granite-4.1-8b-q4_k_m,vanilla,short,2615,1837,14,23,9,stop,False,2570.255,111.75021739130435,8.948528453402483,1838.687,131.33478571428572,7.6141289953102405,4453,"9.5,0.1,0.1","655.6,630.3,595.6","251.5,237.5,5657.0",N/A
vanilla,46,1,2,1,4,granite-4.1-8b-q4_k_m,vanilla,short,2288,19463,140,20,12,stop,False,2243.134,112.1567,8.916096853776903,19464.133,139.02952142857143,7.192716983592334,21751,"9.5,0.1,0.1","3492.9,3346.4,3432.2","2561.3,2390.3,56587.9",N/A
vanilla,46,1,3,1,4,granite-4.1-8b-q4_k_m,vanilla,short,2317,3214,24,20,12,stop,False,2249.745,112.48724999999999,8.889896410482077,3215.483,133.97845833333335,7.463886451895407,5531,"9.5,0.1,0.1","509.1,839.5,819.4","398.6,400.3,9698.0",N/A
vanilla,46,2,1,1,4,granite-4.1-8b-q4_k_m,vanilla,short,197,1792,14,1,31,stop,False,138.296,138.296,7.230867125585701,1793.77,128.12642857142856,7.804791026720259,1990,"0.0,0.0,0.0","1.4,1.4,1.5","0.0,0.0,0.0",N/A
vanilla,46,2,2,1,4,granite-4.1-8b-q4_k_m,vanilla,short,2300,28815,205,20,12,stop,False,2251.061,112.55305000000001,8.884699259593587,28816.135,140.56651219512193,7.114069947270861,31115,"9.5,0.1,0.1","4694.0,4329.1,4700.3","3748.9,3531.1,82388.4",N/A
vanilla,46,2,3,1,4,granite-4.1-8b-q4_k_m,vanilla,short,217,3073,23,1,31,stop,False,140.909,140.909,7.0967787721153375,3074.364,133.668,7.481222132447557,3291,"9.5,0.1,0.1","143.6,149.3,168.8","111.4,116.8,3228.7",N/A
vanilla,46,3,1,1,4,granite-4.1-8b-q4_k_m,vanilla,short,191,964,8,1,31,stop,False,137.894,137.894,7.251947147809187,965.567,120.695875,8.285287297515346,1155,"0.0,0.0,0.0","1.1,1.1,1.2","0.0,0.0,0.0",N/A
vanilla,46,3,2,1,4,granite-4.1-8b-q4_k_m,vanilla,short,2287,16209,117,20,12,stop,False,2241.723,112.08615,8.921708881962669,16210.167,138.5484358974359,7.217692451903797,18496,"9.5,0.1,0.1","2579.7,2429.8,2534.7","2054.5,2004.2,46828.4",N/A
vanilla,46,3,3,1,4,granite-4.1-8b-q4_k_m,vanilla,short,211,3166,24,1,31,stop,False,138.256,138.256,7.232959148246731,3167.795,131.99145833333333,7.576247831693655,3377,"9.5,0.1,0.1","164.7,132.1,157.2","126.0,120.3,2825.4",N/A
turboquant,46,1,1,1,4,granite-4.1-8b-q4_k_m,turboquant,long,19169,206235,841,160,9,stop,False,19129.619,119.56011874999999,8.363993030911907,206236.735,245.22798454221163,4.077838024346148,225404,"0.1,0.1,0.1","23867.8,24234.6,24878.6","20945.1,17534.3,340089.5",N/A
turboquant,46,1,2,1,4,granite-4.1-8b-q4_k_m,turboquant,long,3926,203754,895,34,9,stop,False,3848.715,113.1975,8.834117361249145,203755.893,227.66021564245813,4.392510993534798,207681,"0.1,0.1,0.1","24713.4,22114.0,23602.2","19019.8,16366.8,361747.2",N/A
turboquant,46,1,3,1,4,granite-4.1-8b-q4_k_m,turboquant,long,3932,183904,829,34,9,stop,False,3849.907,113.23255882352942,8.831382160659983,183905.494,221.84016164053077,4.507750051230117,187836,"0.1,0.1,0.1","22975.3,20633.2,22047.0","17456.1,15189.6,335093.7",N/A
turboquant,46,2,1,1,4,granite-4.1-8b-q4_k_m,turboquant,long,19228,197273,815,160,9,stop,False,19152.208,119.70129999999999,8.354128150655006,197273.983,242.05396687116564,4.131310107932479,216501,"0.1,0.1,0.1","23072.7,23535.4,24139.8","20406.0,17045.7,329421.4",N/A
turboquant,46,2,2,1,4,granite-4.1-8b-q4_k_m,turboquant,long,3916,243997,1024,34,9,length,True,3841.157,112.97520588235295,8.851499691369032,243998.394,238.279681640625,4.196748934339297,247913,"0.1,0.1,0.1","28646.1,25597.2,27125.4","22025.8,18656.8,413940.9",N/A
turboquant,46,2,3,1,4,granite-4.1-8b-q4_k_m,turboquant,long,3924,190878,853,34,9,stop,False,3840.848,112.96611764705882,8.852211803226787,190879.218,223.77399531066823,4.468794502290972,194802,"0.1,0.1,0.1","23500.7,21052.4,22479.5","18105.5,15605.8,344803.7",N/A
turboquant,46,3,1,1,4,granite-4.1-8b-q4_k_m,turboquant,long,19225,161443,697,160,9,stop,False,19150.295,119.68934374999999,8.354962678120625,161444.664,231.62792539454804,4.31726873301926,180669,"0.1,0.2,0.2","19617.0,20572.0,21019.3","17639.9,14921.1,281704.6",N/A
turboquant,46,3,2,1,4,granite-4.1-8b-q4_k_m,turboquant,long,3904,215792,936,34,9,stop,False,3834.768,112.78729411764706,8.86624692810621,215793.17,230.54825854700857,4.337486677636739,219696,"0.2,0.2,0.2","25768.6,23008.3,23792.5","19920.8,16496.5,378372.6",N/A
turboquant,46,3,3,1,4,granite-4.1-8b-q4_k_m,turboquant,long,3913,200013,885,34,9,stop,False,3838.462,112.89594117647059,8.857714365805888,200014.689,226.00529830508475,4.42467502974244,203927,"0.2,0.2,0.2","24493.7,21956.0,23400.7","18789.2,15635.2,357672.0",N/A
turboquant,46,1,1,1,4,granite-4.1-8b-q4_k_m,turboquant,medium,4005,161332,749,35,9,stop,False,3965.374,113.29639999999999,8.826405781648843,161332.993,215.39785447263014,4.642571776995422,165337,"0.1,0.1,0.1","20811.4,18751.9,20105.1","15634.3,13828.0,302685.7",N/A
turboquant,46,1,2,1,4,granite-4.1-8b-q4_k_m,turboquant,medium,2600,216331,941,22,11,stop,False,2529.817,114.99168181818182,8.696281193461818,216332.489,229.89637513283742,4.349785852091777,218931,"0.1,0.1,0.1","25843.9,23137.0,23831.3","20026.7,16587.3,380293.0",N/A
turboquant,46,1,3,1,4,granite-4.1-8b-q4_k_m,turboquant,medium,2718,201999,894,23,9,stop,False,2642.569,114.89430434782608,8.703651635964851,202000.507,225.95135011185684,4.425731466109637,204718,"0.1,0.1,0.1","24734.4,22193.0,22903.1","18952.7,15671.4,361399.6",N/A
turboquant,46,2,1,1,4,granite-4.1-8b-q4_k_m,turboquant,medium,4026,157077,734,35,9,stop,False,3955.504,113.0144,8.848429934592406,157078.46,214.00335149863758,4.672824014190106,161104,"0.1,0.1,0.1","20204.1,18232.1,19531.8","15365.6,13468.4,296673.4",N/A
turboquant,46,2,2,1,4,granite-4.1-8b-q4_k_m,turboquant,medium,2604,185790,841,22,11,stop,False,2540.271,115.46686363636364,8.660493309572088,185791.187,220.91698810939357,4.526587151843752,188395,"0.1,0.1,0.1","22854.4,20569.9,21189.3","17668.8,14763.0,339815.2",N/A
turboquant,46,2,3,1,4,granite-4.1-8b-q4_k_m,turboquant,medium,2704,228039,979,23,9,stop,False,2635.533,114.58839130434782,8.726887502452065,228039.909,232.93146986721146,4.293108185725508,230743,"0.1,0.1,0.1","27122.5,24231.2,24930.1","20890.3,17235.7,395752.1",N/A
turboquant,46,3,1,1,4,granite-4.1-8b-q4_k_m,turboquant,medium,4034,196543,870,35,9,stop,False,3957.77,113.07914285714286,8.843363813460611,196544.669,225.91341264367816,4.426474675840737,200578,"0.1,0.2,0.1","24206.3,21695.5,23100.3","18433.9,16000.8,351709.0",N/A
turboquant,46,3,2,1,4,granite-4.1-8b-q4_k_m,turboquant,medium,2611,172751,794,22,11,stop,False,2538.966,115.40754545454546,8.664944705836945,172752.641,217.57259571788413,4.596167071043504,175363,"0.2,0.2,0.1","21861.0,19372.2,20307.1","16645.0,13958.2,320979.1",N/A
turboquant,46,3,3,1,4,granite-4.1-8b-q4_k_m,turboquant,medium,2705,196994,880,23,9,stop,False,2636.776,114.64243478260869,8.722773568934183,196995.344,223.85834545454546,4.467110654148252,199699,"0.2,0.2,0.2","24070.1,21499.9,22539.0","18666.9,15525.9,355768.9",N/A
turboquant,46,1,1,1,4,granite-4.1-8b-q4_k_m,turboquant,short,2671,1963,14,23,9,stop,False,2635.771,114.5987391304348,8.726099498021641,1964.337,140.3097857142857,7.127086645519582,4634,"0.1,0.1,0.1","678.8,651.1,617.0","267.8,238.7,5662.0",N/A
turboquant,46,1,2,1,4,granite-4.1-8b-q4_k_m,turboquant,short,2350,24285,152,20,12,stop,False,2312.997,115.64984999999999,8.646790289827441,24286.625,159.78042763157896,6.2585888323305525,26636,"0.1,0.1,0.1","3692.8,3598.4,3829.1","2966.6,2658.4,61007.3",N/A
turboquant,46,1,3,1,4,granite-4.1-8b-q4_k_m,turboquant,short,2355,3333,23,20,12,stop,False,2311.809,115.59045,8.651233730814265,3334.137,144.96247826086957,6.898336810994868,5689,"0.1,0.1,0.1","799.0,753.9,829.7","436.7,388.9,9297.9",N/A
turboquant,46,2,1,1,4,granite-4.1-8b-q4_k_m,turboquant,short,198,1935,14,1,31,stop,False,149.789,149.789,6.6760576544339045,1936.762,138.34014285714287,7.22855983337137,2134,"0.0,0.0,0.0","2.4,2.4,2.4","0.0,0.0,0.0",N/A
turboquant,46,2,2,1,4,granite-4.1-8b-q4_k_m,turboquant,short,2353,31188,190,20,12,stop,False,2313.325,115.66624999999999,8.64556428517394,31189.195,164.15365789473685,6.091853284446745,33541,"0.1,0.1,0.1","4946.9,4643.6,4771.9","3712.5,3339.8,76813.9",N/A
turboquant,46,2,3,1,4,granite-4.1-8b-q4_k_m,turboquant,short,203,14810,96,1,31,stop,False,148.581,148.581,6.730335641838459,14811.115,154.28244791666665,6.481618703250903,15013,"0.1,0.1,0.1","1992.2,1823.1,1917.4","1587.1,1420.4,32729.2",N/A
turboquant,46,3,1,1,4,granite-4.1-8b-q4_k_m,turboquant,short,198,1936,14,1,31,stop,False,148.418,148.418,6.737727229850827,1937.581,138.39864285714285,7.225504378913707,2135,"0.0,0.0,0.0","3.7,3.2,3.6","0.1,0.0,0.0",N/A
turboquant,46,3,2,1,4,granite-4.1-8b-q4_k_m,turboquant,short,2350,20082,128,20,12,stop,False,2311.752,115.5876,8.651447041032084,20083.147,156.8995859375,6.373503116817299,22432,"0.1,0.1,0.1","3347.8,2927.4,3147.8","2496.4,2166.3,51674.5",N/A
turboquant,46,3,3,1,4,granite-4.1-8b-q4_k_m,turboquant,short,201,3297,23,1,31,stop,False,147.715,147.715,6.7697931828182645,3298.711,143.42221739130434,6.972420439377684,3499,"0.1,0.1,0.1","129.6,117.9,146.0","100.9,103.1,2422.4",N/A
vanilla,46,1,1,1,8,granite-4.1-8b-q4_k_m,vanilla,long,19870,143104,906,160,9,stop,False,19824.586,123.9036625,8.070786446687967,143105.443,157.95302759381897,6.330996089366077,162975,"0.1,0.1,0.1,0.1,0.1,0.1,0.1","25518.7,23339.5,23296.6,23308.7,23266.4,23386.2,23859.7","27377.3,17966.7,17960.9,17853.6,17850.6,18013.1,365586.1",N/A
vanilla,46,1,2,1,8,granite-4.1-8b-q4_k_m,vanilla,long,3938,159499,1024,34,9,length,True,3741.59,110.04676470588235,9.08704588156372,159499.871,155.7615927734375,6.4200678883307685,163437,"0.1,0.1,0.1,0.1,0.1,0.1,0.1","28397.7,22789.0,22794.6,22871.9,23473.4,23517.0,24185.4","26657.7,17201.8,17345.7,17957.6,17757.6,17901.1,413166.6",N/A
vanilla,46,1,3,1,8,granite-4.1-8b-q4_k_m,vanilla,long,3973,146115,945,34,9,stop,False,3740.851,110.0250294117647,9.088841015052456,146115.928,154.62002962962964,6.4674673934247595,150088,"0.1,0.1,0.1,0.1,0.1,0.1,0.1","26017.0,20930.6,20896.6,20950.1,21623.4,21634.5,22311.7","24131.1,15901.6,15821.0,16554.5,16475.2,16452.7,381344.3",N/A
vanilla,46,2,1,1,8,granite-4.1-8b-q4_k_m,vanilla,long,19963,135510,859,160,9,stop,False,19779.425,123.62140624999999,8.089213917998123,135511.327,157.75474621653083,6.33895349574726,155473,"0.1,0.1,0.1,0.1,0.1,0.1,0.1","24124.9,22233.2,22222.5,22255.2,22245.1,22268.6,22755.1","25727.3,17103.4,17152.1,17213.0,17208.3,17174.7,346567.3",N/A
vanilla,46,2,2,1,8,granite-4.1-8b-q4_k_m,vanilla,long,3915,150710,972,34,9,stop,False,3732.96,109.79294117647059,9.108053662509107,150711.277,155.05275411522635,6.449417849468556,154625,"0.1,0.1,0.1,0.1,0.1,0.1,0.1","26769.1,21543.6,21534.4,21558.1,22229.8,22181.0,22918.2","24968.9,16458.1,16471.6,17041.4,17049.6,16834.6,392252.7",N/A
vanilla,46,2,3,1,8,granite-4.1-8b-q4_k_m,vanilla,long,3915,143346,928,34,9,stop,False,3730.684,109.726,9.113610265570601,143347.197,154.46896228448276,6.473792438369061,147261,"0.1,0.1,0.1,0.1,0.1,0.1,0.1","25446.7,20538.4,20496.9,20523.9,21193.8,21208.4,21855.5","23554.9,15738.8,15698.4,16270.4,16271.6,16222.6,374498.7",N/A
vanilla,46,3,1,1,8,granite-4.1-8b-q4_k_m,vanilla,long,19964,147285,929,160,9,stop,False,19788.203,123.67626875,8.085625561856222,147286.195,158.54272874058128,6.307447890822354,167249,"0.1,0.1,0.1,0.1,0.1,0.1,0.1","26253.9,23896.9,23927.3,23872.7,23922.7,23895.2,24485.9","28114.8,18356.8,18433.8,18290.9,18428.4,18367.9,374918.7",N/A
vanilla,46,3,2,1,8,granite-4.1-8b-q4_k_m,vanilla,long,3916,147863,956,34,9,stop,False,3723.705,109.52073529411764,9.130691072466805,147864.654,154.67014016736402,6.465372042192044,151780,"0.1,0.1,0.1,0.1,0.1,0.1,0.1","26266.4,21107.6,21083.8,21117.1,21132.4,21827.8,22507.0","24460.3,16127.4,16106.2,16130.9,16736.1,16740.4,385818.0",N/A
vanilla,46,3,3,1,8,granite-4.1-8b-q4_k_m,vanilla,long,3907,151070,976,34,9,stop,False,3727.011,109.6179705882353,9.122591803458588,151071.075,154.78593750000002,6.460535214964214,154978,"0.1,0.1,0.1,0.1,0.1,0.1,0.1","26917.8,21664.0,21609.5,21624.2,21669.8,22387.2,23002.3","25027.2,16445.2,16381.5,16418.8,17085.5,17146.3,393773.0",N/A
vanilla,46,1,1,1,8,granite-4.1-8b-q4_k_m,vanilla,medium,3903,98896,653,35,9,stop,False,3857.767,110.22191428571428,9.072605992015589,98896.91,151.4500918836141,6.602835214972844,102799,"0.1,0.1,0.1,0.1,0.1,0.1,0.1","17724.7,14353.3,14369.3,14386.2,15084.6,15126.0,15531.5","15582.2,10905.1,11017.0,11620.6,11622.6,11693.7,263469.7",N/A
vanilla,46,1,2,1,8,granite-4.1-8b-q4_k_m,vanilla,medium,2628,89201,593,22,11,stop,False,2471.601,112.3455,8.901113084191177,89202.325,150.42550590219224,6.647808787495169,91830,"0.1,0.1,0.1,0.1,0.1,0.1,0.1","15949.8,12988.9,12983.9,12968.7,12966.6,12983.3,13815.8","13857.9,9966.0,10041.7,10006.1,9966.3,10377.0,239173.6",N/A
vanilla,46,1,3,1,8,granite-4.1-8b-q4_k_m,vanilla,medium,2713,136765,886,23,9,stop,False,2579.767,112.16378260869564,8.915533844723187,136766.089,154.3635316027088,6.478214054947494,139478,"0.1,0.1,0.1,0.1,0.1,0.1,0.1","24273.5,19581.7,19547.0,19575.7,19511.0,19572.8,20647.7","22240.1,15036.8,15008.5,15026.5,14831.7,15382.8,357347.8",N/A
vanilla,46,2,1,1,8,granite-4.1-8b-q4_k_m,vanilla,medium,4019,98063,648,35,9,stop,False,3841.065,109.74471428571428,9.11205616150729,98063.941,151.33324228395063,6.607933491067833,102082,"0.1,0.1,0.1,0.1,0.1,0.1,0.1","17443.2,14167.2,14180.0,14156.8,14833.2,14859.1,15317.6","15402.6,10955.9,10982.8,11524.6,11424.7,11468.9,261487.0",N/A
vanilla,46,2,2,1,8,granite-4.1-8b-q4_k_m,vanilla,medium,2616,159077,1024,22,11,length,True,2471.348,112.334,8.902024320330444,159078.035,155.3496435546875,6.437092336474988,161694,"0.1,0.1,0.1,0.1,0.1,0.1,0.1","28462.2,22931.8,22869.3,22844.9,22831.9,22867.5,24070.2","26507.4,17377.4,17341.6,17276.8,17165.1,17610.3,413247.8",N/A
vanilla,46,2,3,1,8,granite-4.1-8b-q4_k_m,vanilla,medium,2997,147905,958,23,9,stop,False,2578.529,112.10995652173914,8.919814359272282,147906.492,154.3909102296451,6.477065252822033,150903,"0.1,0.1,0.1,0.1,0.1,0.1,0.1","26215.8,21097.3,21121.2,21130.2,21100.5,21639.7,22299.6","24362.9,16121.3,16227.1,16242.2,16505.1,16617.1,386551.1",N/A
vanilla,46,3,1,1,8,granite-4.1-8b-q4_k_m,vanilla,medium,4038,85892,570,35,9,stop,False,3841.981,109.77088571428573,9.109883677196736,85893.758,150.69080350877192,6.636105035711675,89931,"0.1,0.1,0.1,0.1,0.1,0.1,0.1","15391.2,12485.6,12499.7,12497.7,13170.4,13225.8,13591.6","13356.3,9517.9,9556.3,10136.5,10091.0,10220.5,229940.2",N/A
vanilla,46,3,2,1,8,granite-4.1-8b-q4_k_m,vanilla,medium,2611,110539,728,22,11,stop,False,2477.657,112.62077272727274,8.879356585677517,110540.434,151.84125549450548,6.585825418416578,113150,"0.1,0.1,0.1,0.1,0.1,0.1,0.1","19586.5,15887.9,15841.9,15826.4,15812.0,15889.5,16846.8","17415.6,12295.2,12238.9,12274.6,12176.4,12695.5,293755.0",N/A
vanilla,46,3,3,1,8,granite-4.1-8b-q4_k_m,vanilla,medium,2727,124952,815,23,9,stop,False,2578.869,112.12473913043479,8.918638364337234,124953.807,153.317554601227,6.522410317598406,127680,"0.1,0.1,0.1,0.1,0.1,0.1,0.1","22286.3,18042.7,17947.3,17960.7,17989.7,18003.4,19061.2","20075.7,13790.1,13639.7,13653.4,13753.3,14166.2,328944.0",N/A
vanilla,46,1,1,1,8,granite-4.1-8b-q4_k_m,vanilla,short,2629,1886,14,23,9,stop,False,2581.264,112.2288695652174,8.910363294881886,1887.787,134.84192857142858,7.416090904323421,4515,"0.1,0.1,0.1,0.1,0.1,0.1,0.1","473.8,413.6,412.9,413.6,413.5,415.3,840.1","286.8,221.6,222.2,221.9,221.4,517.9,5649.4",N/A
vanilla,46,1,2,1,8,granite-4.1-8b-q4_k_m,vanilla,short,2319,14001,98,20,12,stop,False,2263.16,113.15799999999999,8.837201081673413,14002.602,142.88369387755102,6.99869924175521,16320,"0.1,0.1,0.1,0.1,0.1,0.1,0.1","2611.1,2159.4,2087.3,2150.4,2146.8,2160.6,2201.2","2038.1,1646.7,1633.9,1633.5,1623.8,1628.6,39123.0",N/A
vanilla,46,1,3,1,8,granite-4.1-8b-q4_k_m,vanilla,short,2328,3332,24,20,12,stop,False,2260.405,113.02025,8.847971934233025,3333.645,138.901875,7.199326862938316,5660,"0.1,0.1,0.1,0.1,0.1,0.1,0.1","742.2,591.1,569.8,634.1,632.0,636.2,610.0","488.8,392.6,393.4,395.0,387.4,396.8,9681.3",N/A
vanilla,46,2,1,1,8,granite-4.1-8b-q4_k_m,vanilla,short,205,1856,14,1,31,stop,False,145.179,145.179,6.888048546966159,1857.946,132.71042857142857,7.535202853043091,2062,"0.0,0.0,0.0,0.0,0.0,0.0,0.0","1.7,1.7,1.3,1.2,1.3,1.3,1.7","0.0,0.0,0.0,0.0,0.0,0.0,0.0",N/A
vanilla,46,2,2,1,8,granite-4.1-8b-q4_k_m,vanilla,short,2309,10925,76,20,12,stop,False,2258.84,112.94200000000001,8.854102105505481,10926.899,143.77498684210525,6.955312756162568,13235,"0.1,0.1,0.1,0.1,0.1,0.1,0.1","1893.5,1542.9,1653.9,1647.9,1647.8,1652.6,1693.3","1554.5,1238.5,1270.8,1266.8,1258.7,1267.9,30247.2",N/A
vanilla,46,2,3,1,8,granite-4.1-8b-q4_k_m,vanilla,short,206,3285,24,1,31,stop,False,141.975,141.975,7.043493572812115,3286.809,136.950375,7.301915018487536,3492,"0.1,0.1,0.1,0.1,0.1,0.1,0.1","205.7,146.2,151.8,167.1,168.7,167.8,174.8","166.1,117.2,119.2,134.4,135.8,134.5,3226.4",N/A
vanilla,46,3,1,1,8,granite-4.1-8b-q4_k_m,vanilla,short,204,1841,14,1,31,stop,False,142.532,142.532,7.015968343950831,1842.884,131.63457142857143,7.596788511919361,2046,"0.0,0.0,0.0,0.0,0.0,0.0,0.0","2.1,2.1,2.2,2.1,2.1,2.2,2.2","0.0,0.0,0.0,0.0,0.0,0.0,0.1",N/A
vanilla,46,3,2,1,8,granite-4.1-8b-q4_k_m,vanilla,short,214,32224,222,1,31,stop,False,147.774,147.774,6.767090286518603,32225.843,145.16145495495496,6.888881075973714,32439,"0.1,0.1,0.1,0.1,0.1,0.1,0.1","5202.0,4249.6,4256.2,4256.9,4254.5,4256.0,4447.8","4293.4,3451.9,3489.4,3487.1,3472.4,3486.9,83488.1",N/A
vanilla,46,3,3,1,8,granite-4.1-8b-q4_k_m,vanilla,short,239,3140,23,1,31,stop,False,143.356,143.356,6.975641061413544,3141.123,136.5705652173913,7.322222020595818,3379,"0.1,0.1,0.1,0.1,0.1,0.1,0.1","139.1,152.7,153.7,153.3,154.0,132.9,160.5","125.3,117.3,117.0,119.6,119.3,102.8,2823.0",N/A
turboquant,46,1,1,1,8,granite-4.1-8b-q4_k_m,turboquant,long,19205,189911,779,160,9,stop,False,19164.655,119.77909374999999,8.348702337714924,189912.27,243.78982028241333,4.10189399558017,209116,"1.6,0.7,0.1,0.1,0.1,0.1,0.1","25243.5,21436.7,21413.2,21388.0,21380.8,21460.6,21704.5","26650.1,16020.9,16088.8,16056.8,16022.5,16058.8,314465.1",N/A
turboquant,46,1,2,1,8,granite-4.1-8b-q4_k_m,turboquant,long,3929,199047,869,34,9,stop,False,3852.078,113.29641176470588,8.826404865114363,199048.706,229.05489758342924,4.365765633261639,202977,"1.6,0.7,0.1,0.1,0.1,0.1,0.1","27652.1,20333.0,20173.5,20326.0,21049.1,21055.1,21364.3","25478.0,14962.3,14822.8,15545.5,15554.6,15551.3,350732.7",N/A
turboquant,46,1,3,1,8,granite-4.1-8b-q4_k_m,turboquant,long,3935,185145,823,34,9,stop,False,3862.089,113.59085294117646,8.803525760281547,185145.951,224.9647035236938,4.445141768182659,189080,"1.6,0.7,0.1,0.1,0.1,0.1,0.1","26078.3,19247.9,19189.7,19186.8,19904.1,19797.4,20196.1","23897.3,14164.3,14125.8,14705.3,14732.4,14646.4,332206.7",N/A
turboquant,46,2,1,1,8,granite-4.1-8b-q4_k_m,turboquant,long,19218,179678,748,160,9,stop,False,19146.666,119.6666625,8.356546251968881,179679.337,240.21301737967914,4.162971727795278,198897,"1.6,0.7,0.1,0.1,0.1,0.1,0.1","24176.5,20649.8,20560.3,20661.5,20645.7,20672.1,20860.2","25586.2,15588.6,15526.5,15599.5,15558.6,15571.3,301890.0",N/A
turboquant,46,2,2,1,8,granite-4.1-8b-q4_k_m,turboquant,long,3921,248332,1024,34,9,length,True,3850.181,113.24061764705883,8.83075367106118,248333.468,242.51315234375,4.123487696793249,252254,"1.6,0.7,0.1,0.1,0.1,0.1,0.1","32949.7,24206.0,24197.6,24179.8,24841.7,24953.4,25290.4","30940.5,17713.5,17721.8,18261.4,18216.2,18191.2,413400.0",N/A
turboquant,46,2,3,1,8,granite-4.1-8b-q4_k_m,turboquant,long,3938,206245,892,34,9,stop,False,3855.405,113.39426470588236,8.818788168817543,206246.956,231.2185605381166,4.324912315311941,210184,"1.6,0.8,0.1,0.1,0.1,0.1,0.1","28475.1,20917.2,20758.9,20932.3,21606.1,21582.7,21918.2","26292.7,15381.4,15172.0,15987.8,15976.4,15915.6,360043.5",N/A
turboquant,46,3,1,1,8,granite-4.1-8b-q4_k_m,turboquant,long,19209,147896,639,160,9,stop,False,19136.55,119.6034375,8.360963705579113,147897.122,231.45089514866982,4.320570889810824,167106,"1.6,0.8,0.1,0.1,0.1,0.1,0.1","20589.3,18059.3,18066.1,18086.1,18019.7,18056.8,18258.5","21832.2,13640.8,13647.9,13696.0,13627.7,13656.6,257941.4",N/A
turboquant,46,3,2,1,8,granite-4.1-8b-q4_k_m,turboquant,long,3935,206519,894,34,9,stop,False,3863.595,113.63514705882352,8.800094212773336,206520.254,231.00699552572706,4.328873234874097,210454,"1.7,0.8,0.1,0.1,0.1,0.1,0.1","28568.5,20959.2,21064.3,21035.0,20994.0,21626.4,22149.5","26347.5,15300.9,15455.4,15398.7,16002.4,15920.5,360941.7",N/A
turboquant,46,3,3,1,8,granite-4.1-8b-q4_k_m,turboquant,long,3926,209183,902,34,9,stop,False,3853.713,113.34450000000001,8.822660120252857,209184.681,231.91206319290467,4.311979231404616,213110,"1.7,0.8,0.1,0.1,0.1,0.1,0.1","28890.4,21257.1,21068.9,21231.4,21204.7,21993.3,22253.4","26660.7,15589.8,15467.0,15595.7,16106.2,16204.7,364045.1",N/A
turboquant,46,1,1,1,8,granite-4.1-8b-q4_k_m,turboquant,medium,4023,170624,772,35,9,stop,False,3984.858,113.85308571428573,8.78324898904804,170625.244,221.0171554404145,4.524535654290405,174647,"0.1,0.4,0.4,0.1,0.1,0.4,0.1","24519.5,18126.4,18085.6,18156.7,18768.1,18851.1,19192.3","22115.7,13192.0,13203.4,13888.6,13734.4,13901.5,311585.7",N/A
turboquant,46,1,2,1,8,granite-4.1-8b-q4_k_m,turboquant,medium,2616,188983,840,22,11,stop,False,2546.389,115.74495454545455,8.63968545261545,188984.349,224.98136785714283,4.444812517252421,191600,"0.1,0.4,0.4,0.1,0.1,0.4,0.1","26610.4,19591.9,19631.8,19626.4,19595.0,19620.9,20467.7","24317.3,14456.8,14496.0,14445.9,14439.2,14812.9,339029.3",N/A
turboquant,46,1,3,1,8,granite-4.1-8b-q4_k_m,turboquant,medium,2713,160836,742,23,9,stop,False,2642.709,114.90039130434782,8.703190551816338,160837.147,216.761653638814,4.613362110930754,163549,"0.1,0.4,0.4,0.1,0.1,0.4,0.1","23478.0,17357.8,17353.5,17350.0,17344.3,17304.5,18146.3","20948.9,12675.0,12739.2,12744.9,12720.0,13079.3,299473.5",N/A
turboquant,46,2,1,1,8,granite-4.1-8b-q4_k_m,turboquant,medium,4046,179754,802,35,9,stop,False,3977.114,113.63182857142857,8.80035120944484,179755.908,224.13454862842892,4.4616057904477895,183801,"0.1,0.4,0.4,0.1,0.1,0.4,0.1","25427.2,18778.6,18674.1,18777.4,19459.3,19481.8,19837.9","23176.9,13739.7,13753.0,14363.0,14361.3,14440.3,323695.3",N/A
turboquant,46,2,2,1,8,granite-4.1-8b-q4_k_m,turboquant,medium,2610,150558,705,22,11,stop,False,2540.11,115.45954545454546,8.66104223832826,150559.418,213.55945815602837,4.682536697903548,153169,"0.1,0.4,0.4,0.1,0.1,0.4,0.1","22060.6,16157.3,16320.2,16290.1,16253.8,16321.4,17150.8","19790.4,11947.7,12130.7,11999.6,11974.7,12479.5,284557.8",N/A
turboquant,46,2,3,1,8,granite-4.1-8b-q4_k_m,turboquant,medium,2721,207333,901,23,9,stop,False,2651.891,115.29960869565218,8.673056320942301,207334.476,230.11595560488345,4.345635214087598,210055,"0.1,0.4,0.4,0.1,0.1,0.4,0.1","28724.1,21151.4,21109.0,21107.9,21148.8,21163.5,22100.8","26454.6,15482.9,15525.5,15454.8,15507.5,15586.6,363711.0",N/A
turboquant,46,3,1,1,8,granite-4.1-8b-q4_k_m,turboquant,medium,4046,141488,666,35,9,stop,False,3973.437,113.52677142857142,8.808495013259302,141489.12,212.44612612612613,4.707075710132341,145534,"0.1,0.4,0.4,0.1,0.1,0.4,0.1","20928.6,15444.2,15462.9,15465.7,16132.4,16142.7,16511.8","18724.2,11385.8,11456.0,11444.8,11955.3,12023.9,268858.9",N/A
turboquant,46,3,2,1,8,granite-4.1-8b-q4_k_m,turboquant,medium,2606,186581,830,22,11,stop,False,2542.718,115.5780909090909,8.652158831612471,186582.364,224.79802891566266,4.448437581163887,189187,"0.1,0.4,0.4,0.1,0.1,0.4,0.1","26484.1,19574.9,19576.7,19533.4,19580.2,19501.3,19898.3","23986.5,14265.2,14358.1,14318.6,14346.8,14268.5,334601.0",N/A
turboquant,46,3,3,1,8,granite-4.1-8b-q4_k_m,turboquant,medium,2719,198400,871,23,9,stop,False,2645.999,115.04343478260868,8.692369120320908,198401.312,227.78566245694606,4.3900919364888065,201120,"0.1,0.4,0.5,0.1,0.2,0.4,0.1","27730.5,20459.3,20311.0,20264.5,20448.4,20301.8,20814.2","25414.3,15003.9,15053.6,14980.9,15020.5,15028.0,351162.7",N/A
turboquant,46,1,1,1,8,granite-4.1-8b-q4_k_m,turboquant,short,2688,2085,14,23,9,stop,False,2648.867,115.16813043478261,8.682957656990705,2086.493,149.0352142857143,6.709823613115405,4773,"0.1,0.1,0.1,0.1,0.1,0.1,0.1","535.8,434.5,435.7,435.7,435.2,435.4,399.1","329.9,222.6,225.5,225.4,225.6,225.8,5653.2",N/A
turboquant,46,1,2,1,8,granite-4.1-8b-q4_k_m,turboquant,short,2357,28229,170,20,12,stop,False,2318.922,115.9461,8.624697165320782,28230.12,166.0595294117647,6.0219368532616935,30586,"0.1,0.1,0.1,0.1,0.1,0.1,0.1","4999.0,3714.9,3821.0,3885.0,3821.5,3821.9,4006.4","4213.0,2861.2,2888.6,2883.4,2879.5,2896.4,68636.7",N/A
turboquant,46,1,3,1,8,granite-4.1-8b-q4_k_m,turboquant,short,2369,4047,27,20,12,stop,False,2318.96,115.94800000000001,8.624555835374478,4048.268,149.93585185185185,6.669518915249682,6416,"0.1,0.1,0.1,0.1,0.1,0.1,0.1","932.5,731.5,729.3,731.6,730.1,728.8,711.7","656.6,448.7,444.2,450.2,446.0,449.1,10900.4",N/A
turboquant,46,2,1,1,8,granite-4.1-8b-q4_k_m,turboquant,short,203,2164,15,1,31,stop,False,156.173,156.173,6.403155475018089,2165.53,144.36866666666668,6.926710782118003,2367,"0.1,0.1,0.1,0.1,0.1,0.1,0.1","10.4,25.8,3.6,25.7,25.8,25.8,26.8","6.8,17.2,0.0,17.3,17.1,17.3,403.7",N/A
turboquant,46,2,2,1,8,granite-4.1-8b-q4_k_m,turboquant,short,2355,26831,163,20,12,stop,False,2316.843,115.84214999999999,8.632436466346663,26832.745,164.61806748466256,6.074667351402177,29187,"0.1,0.1,0.1,0.1,0.1,0.1,0.1","4700.2,3643.5,3574.7,3472.3,3599.1,3582.4,3681.5","4015.1,2748.3,2746.4,2734.6,2751.6,2750.5,65360.0",N/A
turboquant,46,2,3,1,8,granite-4.1-8b-q4_k_m,turboquant,short,211,3388,23,1,31,stop,False,154.306,154.306,6.480629398727204,3389.804,147.38278260869566,6.785053059114922,3600,"0.1,0.1,0.1,0.1,0.1,0.1,0.1","160.0,115.2,114.3,136.6,137.3,136.3,141.9","132.3,86.0,85.2,102.8,103.3,102.9,2422.0",N/A
turboquant,46,3,1,1,8,granite-4.1-8b-q4_k_m,turboquant,short,222,1979,14,1,31,stop,False,174.042,174.042,5.7457395341354385,1980.373,141.45521428571428,7.069375314650321,2201,"0.0,0.0,0.0,0.0,0.0,0.0,0.0","2.1,2.0,2.1,2.1,2.1,3.4,2.0","0.0,0.0,0.0,0.0,0.0,0.5,0.0",N/A
turboquant,46,3,2,1,8,granite-4.1-8b-q4_k_m,turboquant,short,2358,27866,169,20,12,stop,False,2316.177,115.80885,8.63491866122494,27867.83,164.8984023668639,6.064340136996673,30224,"0.1,0.1,0.1,0.1,0.1,0.1,0.1","5108.5,3808.0,3790.8,3761.8,3803.0,3808.8,3903.5","4210.9,2850.4,2824.1,2850.0,2851.9,2866.3,68192.5",N/A
turboquant,46,3,3,1,8,granite-4.1-8b-q4_k_m,turboquant,short,222,3375,23,1,31,stop,False,167.092,167.092,5.98472697675532,3376.664,146.81147826086956,6.81145651447701,3598,"0.1,0.1,0.1,0.1,0.1,0.1,0.1","243.2,198.7,198.4,198.1,176.6,199.1,207.8","206.4,153.6,152.5,152.4,151.9,153.6,3632.3",N/A
